{
  "code": "ADANIPORTS",
  "last": 1826.4000244140625,
  "hist": [
    1466.6644287109375,
    1449.3486328125,
    1438.800048828125,
    1405.0,
    1400.5999755859375,
    1392.300048828125,
    1372.5999755859375,
    1338.0,
    1349.300048828125,
    1354.800048828125,
    1389.5,
    1393.0999755859375,
    1429.300048828125,
    1440.199951171875,
    1450.199951171875,
    1447.0,
    1443.9000244140625,
    1431.0999755859375,
    1424.4000244140625,
    1435.5999755859375,
    1448.5,
    1443.0,
    1443.0999755859375,
    1431.699951171875,
    1433.0,
    1445.0999755859375,
    1456.699951171875,
    1452.5,
    1443.0999755859375,
    1450.5,
    1420.699951171875,
    1420.800048828125,
    1411.5999755859375,
    1396.300048828125,
    1376.0,
    1395.9000244140625,
    1394.0,
    1373.0999755859375,
    1347.0999755859375,
    1388.9000244140625,
    1358.0999755859375,
    1367.0999755859375,
    1345.4000244140625,
    1325.0,
    1339.4000244140625,
    1330.5,
    1319.5999755859375,
    1300.300048828125,
    1327.199951171875,
    1369.4000244140625,
    1370.5999755859375,
    1361.800048828125,
    1341.199951171875,
    1340.4000244140625,
    1315.4000244140625,
    1315.4000244140625,
    1312.800048828125,
    1335.300048828125,
    1336.199951171875,
    1332.4000244140625,
    1328.199951171875,
    1321.800048828125,
    1348.300048828125,
    1380.9000244140625,
    1389.0999755859375,
    1393.0999755859375,
    1393.0999755859375,
    1395.199951171875,
    1408.199951171875,
    1406.0999755859375,
    1412.800048828125,
    1427.800048828125,
    1444.199951171875,
    1441.5999755859375,
    1431.5999755859375,
    1407.199951171875,
    1392.0,
    1383.199951171875,
    1403.5,
    1422.699951171875,
    1419.0999755859375,
    1400.5,
    1399.5,
    1394.300048828125,
    1395.5999755859375,
    1409.4000244140625,
    1437.800048828125,
    1429.0,
    1450.699951171875,
    1479.5,
    1479.4000244140625,
    1467.0,
    1473.5,
    1453.0999755859375,
    1429.0,
    1420.5999755859375,
    1417.9000244140625,
    1454.800048828125,
    1457.9000244140625,
    1451.5,
    1444.699951171875,
    1444.4000244140625,
    1436.800048828125,
    1448.300048828125,
    1444.9000244140625,
    1474.4000244140625,
    1506.9000244140625,
    1499.0,
    1512.699951171875,
    1507.5999755859375,
    1495.0,
    1484.199951171875,
    1491.0999755859375,
    1479.800048828125,
    1485.9000244140625,
    1483.9000244140625,
    1506.199951171875,
    1509.0999755859375,
    1516.9000244140625,
    1530.5,
    1518.0999755859375,
    1497.699951171875,
    1505.5999755859375,
    1509.4000244140625,
    1480.5,
    1497.199951171875,
    1498.0999755859375,
    1504.0,
    1522.800048828125,
    1512.5999755859375,
    1499.0,
    1486.300048828125,
    1495.699951171875,
    1496.4000244140625,
    1508.699951171875,
    1493.5999755859375,
    1494.300048828125,
    1487.0999755859375,
    1454.4000244140625,
    1461.199951171875,
    1469.800048828125,
    1481.0999755859375,
    1489.5,
    1493.0,
    1473.199951171875,
    1465.300048828125,
    1465.199951171875,
    1435.9000244140625,
    1443.5,
    1428.5999755859375,
    1430.0,
    1430.0,
    1421.9000244140625,
    1403.0,
    1367.5999755859375,
    1378.5999755859375,
    1414.199951171875,
    1308.4000244140625,
    1363.9000244140625,
    1381.9000244140625,
    1417.800048828125,
    1419.800048828125,
    1403.0999755859375,
    1530.800048828125,
    1567.9000244140625,
    1570.199951171875,
    1550.699951171875,
    1561.699951171875,
    1554.699951171875,
    1553.4000244140625,
    1543.699951171875,
    1519.0,
    1540.0999755859375,
    1566.300048828125,
    1550.800048828125,
    1513.300048828125,
    1511.5,
    1555.800048828125,
    1555.4000244140625,
    1528.699951171875,
    1550.5999755859375,
    1521.0,
    1470.300048828125,
    1434.4000244140625,
    1499.300048828125,
    1477.5,
    1421.300048828125,
    1424.0999755859375,
    1410.800048828125,
    1391.5,
    1363.199951171875,
    1373.9000244140625,
    1365.5,
    1401.9000244140625,
    1356.0,
    1365.4000244140625,
    1303.5999755859375,
    1344.199951171875,
    1375.9000244140625,
    1337.800048828125,
    1312.5999755859375,
    1385.4000244140625,
    1377.5999755859375,
    1387.0999755859375,
    1381.0,
    1453.300048828125,
    1447.4000244140625,
    1475.300048828125,
    1465.300048828125,
    1511.800048828125,
    1549.800048828125,
    1573.4000244140625,
    1578.4000244140625,
    1594.0999755859375,
    1588.5999755859375,
    1602.9000244140625,
    1585.0999755859375,
    1628.5,
    1637.5999755859375,
    1661.0999755859375,
    1657.300048828125,
    1657.300048828125,
    1742.5999755859375,
    1725.0,
    1748.300048828125,
    1732.800048828125,
    1760.4000244140625,
    1767.300048828125,
    1688.199951171875,
    1737.800048828125,
    1773.4000244140625,
    1795.0999755859375,
    1787.699951171875,
    1762.800048828125,
    1772.5999755859375,
    1793.300048828125,
    1786.9000244140625,
    1802.9000244140625,
    1811.199951171875,
    1824.5,
    1824.5,
    1804.5999755859375,
    1783.5,
    1814.5,
    1803.800048828125,
    1790.9000244140625,
    1824.199951171875,
    1805.0,
    1826.4000244140625
  ],
  "med": [
    1822.0,
    1822.0,
    1822.0,
    1827.55,
    1844.22
  ],
  "up": [
    1833.11,
    1844.22,
    1877.55,
    1867.55,
    1899.77
  ],
  "lo": [
    1799.78,
    1798.67,
    1777.56,
    1776.45,
    1765.34
  ],
  "ret": 0.98,
  "cone_width_pct": 7.36,
  "asof": "2026-06-09",
  "fundamentals": {
    "mcap_cr": 423145.111552,
    "pe": 31.524202,
    "roe": 15.592,
    "de": 0.64051,
    "sales_growth_yoy": 26.5,
    "hi_52w": 1826.4000244140625,
    "lo_52w": 1300.300048828125
  },
  "status": [
    "Data OK",
    "Data as of 2026-06-09"
  ]
}