{
  "code": "ADANIENT",
  "last": 3048.199951171875,
  "hist": [
    2580.82080078125,
    2611.805419921875,
    2579.9208984375,
    2542.439453125,
    2507.89990234375,
    2544.0,
    2488.5,
    2459.10009765625,
    2420.60009765625,
    2448.39990234375,
    2472.0,
    2505.60009765625,
    2527.199951171875,
    2586.199951171875,
    2646.300048828125,
    2619.39990234375,
    2621.800048828125,
    2630.199951171875,
    2611.199951171875,
    2599.10009765625,
    2576.10009765625,
    2591.300048828125,
    2583.0,
    2581.0,
    2558.699951171875,
    2581.300048828125,
    2598.199951171875,
    2608.5,
    2616.60009765625,
    2596.10009765625,
    2619.5,
    2587.800048828125,
    2614.5,
    2608.39990234375,
    2550.10009765625,
    2522.300048828125,
    2547.89990234375,
    2532.89990234375,
    2430.699951171875,
    2350.89990234375,
    2363.60009765625,
    2328.199951171875,
    2300.300048828125,
    2249.800048828125,
    2178.10009765625,
    2283.39990234375,
    2288.199951171875,
    2280.10009765625,
    2281.60009765625,
    2333.60009765625,
    2388.39990234375,
    2387.10009765625,
    2377.199951171875,
    2324.89990234375,
    2302.89990234375,
    2272.0,
    2275.199951171875,
    2244.699951171875,
    2284.199951171875,
    2274.199951171875,
    2288.699951171875,
    2278.800048828125,
    2281.39990234375,
    2310.89990234375,
    2311.60009765625,
    2340.199951171875,
    2398.800048828125,
    2392.0,
    2383.39990234375,
    2399.39990234375,
    2402.0,
    2402.0,
    2524.0,
    2629.5,
    2676.39990234375,
    2619.800048828125,
    2576.39990234375,
    2543.699951171875,
    2509.5,
    2505.89990234375,
    2592.699951171875,
    2589.89990234375,
    2573.5,
    2542.199951171875,
    2524.10009765625,
    2542.39990234375,
    2550.89990234375,
    2527.39990234375,
    2517.0,
    2532.800048828125,
    2557.60009765625,
    2549.39990234375,
    2548.10009765625,
    2549.89990234375,
    2545.800048828125,
    2504.199951171875,
    2492.800048828125,
    2494.39990234375,
    2537.39990234375,
    2526.89990234375,
    2481.0,
    2467.0,
    2419.800048828125,
    2314.300048828125,
    2369.39990234375,
    2298.358154296875,
    2294.5771484375,
    2408.685546875,
    2412.272705078125,
    2440.0,
    2462.0,
    2436.800048828125,
    2433.10009765625,
    2446.10009765625,
    2422.300048828125,
    2399.199951171875,
    2332.89990234375,
    2315.0,
    2255.0,
    2280.199951171875,
    2262.0,
    2239.60009765625,
    2189.800048828125,
    2217.89990234375,
    2265.39990234375,
    2216.199951171875,
    2245.199951171875,
    2211.60009765625,
    2277.699951171875,
    2282.39990234375,
    2278.89990234375,
    2247.89990234375,
    2232.5,
    2229.300048828125,
    2239.0,
    2263.5,
    2248.800048828125,
    2222.699951171875,
    2229.89990234375,
    2203.199951171875,
    2214.699951171875,
    2239.699951171875,
    2260.0,
    2279.800048828125,
    2279.5,
    2259.10009765625,
    2274.10009765625,
    2214.0,
    2153.699951171875,
    2171.60009765625,
    2158.5,
    2153.300048828125,
    2153.300048828125,
    2157.300048828125,
    2134.60009765625,
    2055.10009765625,
    2032.199951171875,
    2086.39990234375,
    1864.199951171875,
    1959.5,
    1994.699951171875,
    2019.199951171875,
    2020.4000244140625,
    1995.4000244140625,
    2202.60009765625,
    2228.199951171875,
    2236.60009765625,
    2226.39990234375,
    2250.10009765625,
    2228.39990234375,
    2234.39990234375,
    2211.800048828125,
    2136.60009765625,
    2184.60009765625,
    2242.89990234375,
    2211.199951171875,
    2156.699951171875,
    2160.800048828125,
    2191.0,
    2183.0,
    2231.699951171875,
    2216.39990234375,
    2161.800048828125,
    2124.60009765625,
    2076.5,
    2089.199951171875,
    2039.9000244140625,
    1999.199951171875,
    1996.5,
    1974.699951171875,
    2002.0,
    1961.0999755859375,
    1978.0,
    1975.4000244140625,
    2007.199951171875,
    1936.800048828125,
    1927.0999755859375,
    1833.0,
    1817.9000244140625,
    1886.5999755859375,
    1823.0,
    1758.800048828125,
    1842.5,
    1834.199951171875,
    1902.199951171875,
    1882.0999755859375,
    2043.800048828125,
    2040.5,
    2086.800048828125,
    2129.0,
    2144.39990234375,
    2203.699951171875,
    2218.300048828125,
    2229.60009765625,
    2226.0,
    2260.800048828125,
    2300.0,
    2287.60009765625,
    2321.800048828125,
    2412.39990234375,
    2425.89990234375,
    2408.39990234375,
    2408.39990234375,
    2485.699951171875,
    2462.0,
    2540.300048828125,
    2513.699951171875,
    2505.89990234375,
    2500.199951171875,
    2405.199951171875,
    2498.0,
    2712.89990234375,
    2716.0,
    2689.800048828125,
    2725.0,
    2704.800048828125,
    2697.60009765625,
    2717.300048828125,
    2849.699951171875,
    2969.300048828125,
    2973.10009765625,
    2973.10009765625,
    2937.39990234375,
    2909.39990234375,
    2968.10009765625,
    2925.60009765625,
    2972.800048828125,
    3048.199951171875
  ],
  "med": [
    3096.38,
    3113.4,
    3113.4,
    3121.9,
    3130.41
  ],
  "up": [
    3164.43,
    3183.15,
    3217.18,
    3235.89,
    3268.21
  ],
  "lo": [
    2992.6,
    3009.62,
    2987.5,
    3009.62,
    2989.2
  ],
  "ret": 2.7,
  "cone_width_pct": 9.15,
  "asof": "2026-06-05",
  "fundamentals": {
    "mcap_cr": 418209.2546048,
    "pe": 41.49469,
    "roe": 13.664000000000001,
    "de": 1.1956,
    "sales_growth_yoy": 20.3,
    "hi_52w": 3048.199951171875,
    "lo_52w": 1758.800048828125
  },
  "status": [
    "Data OK",
    "Data as of 2026-06-05"
  ]
}