{
  "code": "APOLLOHOSP",
  "last": 8524.0,
  "hist": [
    6900.49462890625,
    6909.4716796875,
    6978.29150390625,
    6976.296875,
    7095.48583984375,
    6988.265625,
    6915.45556640625,
    6991.2578125,
    7045.1171875,
    6989.2626953125,
    6987.7666015625,
    7023.67333984375,
    7083.0185546875,
    7289.4794921875,
    7223.15283203125,
    7476.49169921875,
    7421.634765625,
    7545.3125,
    7533.84228515625,
    7596.17919921875,
    7545.3125,
    7449.56201171875,
    7339.84814453125,
    7170.78955078125,
    7201.2099609375,
    7341.34423828125,
    7333.365234375,
    7331.37060546875,
    7284.49267578125,
    7235.62060546875,
    7227.64111328125,
    7354.31005859375,
    7344.3369140625,
    7449.0634765625,
    7337.35498046875,
    7436.595703125,
    7430.611328125,
    7478.486328125,
    7332.36767578125,
    7288.98095703125,
    7255.06982421875,
    7170.78955078125,
    7151.34033203125,
    7066.0625,
    7240.1083984375,
    7217.6669921875,
    7788.17822265625,
    7801.14453125,
    7802.14208984375,
    7813.12744140625,
    7872.54833984375,
    7915.99072265625,
    7911.99609375,
    7840.5908203125,
    7783.1669921875,
    7717.75390625,
    7599.91015625,
    7661.32861328125,
    7671.81494140625,
    7725.7431640625,
    7889.52587890625,
    7794.15234375,
    7776.17626953125,
    7815.12451171875,
    7918.4873046875,
    7869.05322265625,
    7864.0595703125,
    7806.13671875,
    7842.0888671875,
    7877.54150390625,
    7840.09130859375,
    7796.14990234375,
    7728.7392578125,
    7673.81201171875,
    7633.36572265625,
    7613.8916015625,
    7500.04296875,
    7434.13037109375,
    7399.1767578125,
    7431.13427734375,
    7439.623046875,
    7651.84130859375,
    7689.791015625,
    7651.84130859375,
    7684.7978515625,
    7670.81640625,
    7660.82958984375,
    7748.712890625,
    7815.6240234375,
    7823.11376953125,
    7891.02392578125,
    7999.3798828125,
    8001.37744140625,
    7957.93505859375,
    7827.10888671875,
    7835.09814453125,
    7870.0517578125,
    7848.0810546875,
    7779.671875,
    7670.81640625,
    7814.1259765625,
    7800.14453125,
    7771.68212890625,
    7631.86767578125,
    7519.51708984375,
    7491.0546875,
    7488.05859375,
    7430.63525390625,
    7410.66162109375,
    7477.57275390625,
    7375.7080078125,
    7449.1103515625,
    7413.158203125,
    7381.20068359375,
    7344.7490234375,
    7320.78076171875,
    7383.1982421875,
    7312.79150390625,
    7325.7744140625,
    7277.837890625,
    7232.3984375,
    7174.47509765625,
    7191.45263671875,
    7179.9677734375,
    7086.591796875,
    7081.5986328125,
    7009.1943359375,
    7000.20654296875,
    7091.5849609375,
    7077.1044921875,
    7042.15087890625,
    6912.3232421875,
    6909.3271484375,
    7003.20263671875,
    7044.6474609375,
    7064.12158203125,
    7162.4912109375,
    7146.51220703125,
    7075.10693359375,
    6980.732421875,
    7033.16259765625,
    7102.0712890625,
    7120.04736328125,
    7073.60888671875,
    7338.2578125,
    7437.6259765625,
    7354.73583984375,
    7246.87890625,
    7258.86328125,
    7301.80615234375,
    7262.85791015625,
    7262.85791015625,
    7225.90673828125,
    7123.54296875,
    6903.3349609375,
    6817.44921875,
    6787.98828125,
    6793.98046875,
    6784.49267578125,
    6868.38134765625,
    6791.98291015625,
    6951.271484375,
    6924.30712890625,
    7079.1015625,
    7106.5654296875,
    7112.55712890625,
    7143.01708984375,
    7201.439453125,
    7209.4287109375,
    7497.046875,
    7529.00439453125,
    7532.5,
    7618.0,
    7601.5,
    7647.5,
    7592.5,
    7615.5,
    7693.0,
    7720.5,
    7783.0,
    7775.0,
    7821.5,
    7791.5,
    7666.0,
    7775.0,
    7724.5,
    7779.0,
    7803.0,
    7684.0,
    7574.5,
    7550.0,
    7490.0,
    7500.0,
    7471.0,
    7252.0,
    7364.5,
    7145.0,
    7413.0,
    7580.5,
    7549.0,
    7419.0,
    7305.5,
    7317.5,
    7373.0,
    7326.5,
    7401.5,
    7481.5,
    7511.5,
    7516.5,
    7642.0,
    7553.0,
    7699.0,
    7657.0,
    7744.0,
    7662.0,
    7781.0,
    7732.5,
    7825.0,
    7753.0,
    7709.0,
    7636.5,
    7636.5,
    7737.5,
    7772.0,
    7760.5,
    7837.0,
    8097.0,
    8082.0,
    8022.5,
    8004.5,
    8119.0,
    8082.5,
    8020.5,
    8026.0,
    8078.5,
    8308.5,
    8362.5,
    8404.0,
    8258.5,
    8272.5,
    8272.5,
    8176.5,
    8108.5,
    8089.5,
    8290.5,
    8249.0,
    8304.5,
    8358.5,
    8524.0
  ],
  "med": [
    8544.25,
    8571.9,
    8516.6,
    8516.6,
    8516.6
  ],
  "up": [
    8627.2,
    8682.51,
    8688.04,
    8643.79,
    8688.04
  ],
  "lo": [
    8461.29,
    8461.29,
    8350.69,
    8334.1,
    8323.04
  ],
  "ret": -0.09,
  "cone_width_pct": 4.28,
  "asof": "2026-06-09",
  "fundamentals": {
    "mcap_cr": 122051.5987456,
    "pe": 63.02718,
    "roe": 21.503,
    "de": 0.85146,
    "sales_growth_yoy": 18.099999999999998,
    "hi_52w": 8524.0,
    "lo_52w": 6784.49267578125
  },
  "status": [
    "Data OK",
    "Data as of 2026-06-09"
  ]
}