{
  "code": "ASIANPAINT",
  "last": 2708.10009765625,
  "hist": [
    2215.4423828125,
    2205.358154296875,
    2215.941650390625,
    2210.749755859375,
    2241.302001953125,
    2261.27099609375,
    2277.844970703125,
    2264.4658203125,
    2282.13818359375,
    2260.572021484375,
    2271.754638671875,
    2276.34716796875,
    2286.23193359375,
    2355.0244140625,
    2337.4521484375,
    2365.807861328125,
    2415.6298828125,
    2427.112060546875,
    2420.42236328125,
    2438.99365234375,
    2480.728515625,
    2495.006103515625,
    2447.38037109375,
    2435.399169921875,
    2397.85791015625,
    2389.770263671875,
    2406.743896484375,
    2395.161865234375,
    2378.6875,
    2371.698486328125,
    2361.514404296875,
    2371.698486328125,
    2348.43505859375,
    2332.5595703125,
    2355.92333984375,
    2397.7578125,
    2412.03564453125,
    2392.366455078125,
    2427.2119140625,
    2445.982666015625,
    2433.0029296875,
    2487.318115234375,
    2502.59423828125,
    2471.742431640625,
    2485.221435546875,
    2474.438232421875,
    2496.303955078125,
    2524.759521484375,
    2583.3681640625,
    2575.380615234375,
    2566.09521484375,
    2562.6005859375,
    2500.597412109375,
    2489.015380859375,
    2477.533203125,
    2485.12158203125,
    2514.675537109375,
    2566.195068359375,
    2536.0419921875,
    2549.92041015625,
    2564.59765625,
    2575.8798828125,
    2526.8564453125,
    2533.346435546875,
    2539.3369140625,
    2551.917236328125,
    2542.332275390625,
    2498.700439453125,
    2477.033935546875,
    2489.71435546875,
    2474.837646484375,
    2477.832763671875,
    2478.831298828125,
    2443.0869140625,
    2453.37109375,
    2400.25390625,
    2339.1494140625,
    2338.94970703125,
    2346.338134765625,
    2332.160400390625,
    2354.1259765625,
    2351.130615234375,
    2349.1337890625,
    2324.87158203125,
    2332.75927734375,
    2336.553466796875,
    2338.849853515625,
    2314.488037109375,
    2371.399169921875,
    2405.945068359375,
    2503.892333984375,
    2512.079345703125,
    2500.697265625,
    2498.50048828125,
    2497.701904296875,
    2514.875244140625,
    2505.389892578125,
    2534.744140625,
    2519.56787109375,
    2506.8876953125,
    2508.285400390625,
    2482.824951171875,
    2598.843994140625,
    2609.72705078125,
    2646.27001953125,
    2653.059326171875,
    2765.484130859375,
    2874.9130859375,
    2901.87109375,
    2883.39990234375,
    2906.0,
    2893.699951171875,
    2859.800048828125,
    2876.60009765625,
    2879.199951171875,
    2875.800048828125,
    2874.0,
    2879.10009765625,
    2874.39990234375,
    2867.60009765625,
    2954.39990234375,
    2953.5,
    2957.199951171875,
    2968.5,
    2928.300048828125,
    2796.0,
    2804.5,
    2779.39990234375,
    2764.800048828125,
    2780.199951171875,
    2790.89990234375,
    2785.699951171875,
    2759.699951171875,
    2799.89990234375,
    2807.60009765625,
    2807.800048828125,
    2785.5,
    2746.5,
    2775.39990234375,
    2758.300048828125,
    2769.5,
    2752.0,
    2772.60009765625,
    2815.60009765625,
    2845.800048828125,
    2809.39990234375,
    2786.5,
    2825.5,
    2896.39990234375,
    2886.300048828125,
    2813.89990234375,
    2813.89990234375,
    2756.89990234375,
    2754.0,
    2675.60009765625,
    2661.10009765625,
    2703.800048828125,
    2703.699951171875,
    2622.800048828125,
    2511.800048828125,
    2416.0,
    2428.300048828125,
    2402.0,
    2426.0,
    2452.699951171875,
    2432.10009765625,
    2401.10009765625,
    2417.39990234375,
    2393.60009765625,
    2392.5,
    2410.5,
    2366.39990234375,
    2397.199951171875,
    2437.39990234375,
    2432.10009765625,
    2400.800048828125,
    2428.10009765625,
    2429.699951171875,
    2413.10009765625,
    2416.39990234375,
    2394.89990234375,
    2376.199951171875,
    2307.10009765625,
    2285.199951171875,
    2287.800048828125,
    2279.5,
    2220.800048828125,
    2280.39990234375,
    2232.0,
    2221.199951171875,
    2196.800048828125,
    2217.699951171875,
    2238.199951171875,
    2262.10009765625,
    2186.0,
    2195.39990234375,
    2121.300048828125,
    2217.300048828125,
    2270.199951171875,
    2207.39990234375,
    2165.199951171875,
    2225.800048828125,
    2169.0,
    2184.300048828125,
    2186.199951171875,
    2282.39990234375,
    2269.60009765625,
    2360.699951171875,
    2352.39990234375,
    2423.10009765625,
    2440.300048828125,
    2464.0,
    2516.800048828125,
    2543.60009765625,
    2562.89990234375,
    2521.39990234375,
    2485.10009765625,
    2485.199951171875,
    2462.60009765625,
    2447.300048828125,
    2444.5,
    2444.5,
    2448.10009765625,
    2430.0,
    2519.0,
    2530.60009765625,
    2599.89990234375,
    2566.10009765625,
    2505.5,
    2617.60009765625,
    2622.199951171875,
    2605.60009765625,
    2614.0,
    2600.699951171875,
    2598.60009765625,
    2598.800048828125,
    2639.800048828125,
    2657.800048828125,
    2647.0,
    2671.89990234375,
    2671.89990234375,
    2671.60009765625,
    2632.39990234375,
    2660.699951171875,
    2662.39990234375,
    2661.60009765625,
    2686.699951171875,
    2659.199951171875,
    2708.10009765625
  ],
  "med": [
    2709.33,
    2709.33,
    2709.33,
    2709.33,
    2718.68
  ],
  "up": [
    2746.7,
    2765.39,
    2787.81,
    2802.76,
    2785.94
  ],
  "lo": [
    2651.41,
    2614.04,
    2614.04,
    2595.36,
    2578.54
  ],
  "ret": 0.39,
  "cone_width_pct": 7.66,
  "asof": "2026-06-09",
  "fundamentals": {
    "mcap_cr": 260281.5193088,
    "pe": 60.028744,
    "roe": 20.889999,
    "de": 0.17847000000000002,
    "sales_growth_yoy": 11.200000000000001,
    "hi_52w": 2968.5,
    "lo_52w": 2121.300048828125
  },
  "status": [
    "Data OK",
    "Data as of 2026-06-09"
  ]
}