{
  "code": "AXISBANK",
  "last": 1292.4000244140625,
  "hist": [
    1231.747314453125,
    1230.3485107421875,
    1211.8643798828125,
    1204.7703857421875,
    1214.3621826171875,
    1214.0623779296875,
    1219.9573974609375,
    1216.4603271484375,
    1219.6575927734375,
    1213.063232421875,
    1220.1572265625,
    1212.2640380859375,
    1232.44677734375,
    1224.0538330078125,
    1198.1759033203125,
    1172.2982177734375,
    1174.2965087890625,
    1170.0999755859375,
    1177.5999755859375,
    1175.0999755859375,
    1165.4000244140625,
    1164.699951171875,
    1164.300048828125,
    1173.800048828125,
    1172.699951171875,
    1165.9000244140625,
    1168.4000244140625,
    1159.800048828125,
    1099.300048828125,
    1099.5999755859375,
    1098.0,
    1104.800048828125,
    1095.0999755859375,
    1086.0999755859375,
    1073.5999755859375,
    1064.199951171875,
    1073.300048828125,
    1068.4000244140625,
    1062.4000244140625,
    1068.5999755859375,
    1070.800048828125,
    1071.0,
    1076.199951171875,
    1058.0999755859375,
    1073.300048828125,
    1070.0,
    1066.0,
    1068.199951171875,
    1082.5999755859375,
    1083.199951171875,
    1080.199951171875,
    1078.9000244140625,
    1070.9000244140625,
    1070.0,
    1050.0999755859375,
    1051.9000244140625,
    1045.199951171875,
    1061.5,
    1056.199951171875,
    1054.699951171875,
    1050.4000244140625,
    1055.9000244140625,
    1055.5,
    1052.199951171875,
    1070.0999755859375,
    1087.4000244140625,
    1105.300048828125,
    1104.4000244140625,
    1121.199951171875,
    1126.0,
    1133.0,
    1135.9000244140625,
    1144.4000244140625,
    1170.800048828125,
    1158.9000244140625,
    1166.5999755859375,
    1154.0,
    1132.199951171875,
    1131.5999755859375,
    1159.5,
    1181.0,
    1212.800048828125,
    1186.800048828125,
    1180.5999755859375,
    1167.4000244140625,
    1180.4000244140625,
    1189.5999755859375,
    1176.800048828125,
    1169.5999755859375,
    1196.300048828125,
    1200.199951171875,
    1226.0,
    1237.300048828125,
    1258.800048828125,
    1241.9000244140625,
    1254.0999755859375,
    1246.300048828125,
    1248.800048828125,
    1238.5999755859375,
    1232.800048828125,
    1233.699951171875,
    1226.5999755859375,
    1228.5,
    1222.800048828125,
    1217.0,
    1222.5,
    1221.5999755859375,
    1225.199951171875,
    1241.5999755859375,
    1249.5999755859375,
    1265.4000244140625,
    1270.4000244140625,
    1285.199951171875,
    1275.800048828125,
    1269.0,
    1266.300048828125,
    1290.199951171875,
    1287.300048828125,
    1279.699951171875,
    1275.699951171875,
    1258.0,
    1270.699951171875,
    1280.0,
    1282.5,
    1273.800048828125,
    1275.9000244140625,
    1278.5999755859375,
    1272.699951171875,
    1286.0999755859375,
    1284.800048828125,
    1219.5999755859375,
    1224.699951171875,
    1229.800048828125,
    1230.5999755859375,
    1233.199951171875,
    1225.0,
    1226.300048828125,
    1228.199951171875,
    1232.0,
    1246.0,
    1269.4000244140625,
    1274.4000244140625,
    1266.9000244140625,
    1285.800048828125,
    1293.800048828125,
    1295.5,
    1286.800048828125,
    1272.0,
    1274.199951171875,
    1262.0,
    1298.800048828125,
    1298.800048828125,
    1294.199951171875,
    1307.5,
    1293.5,
    1284.9000244140625,
    1294.800048828125,
    1258.0,
    1315.800048828125,
    1319.800048828125,
    1363.699951171875,
    1370.4000244140625,
    1311.5,
    1356.199951171875,
    1338.699951171875,
    1330.5999755859375,
    1341.5999755859375,
    1341.4000244140625,
    1356.699951171875,
    1347.300048828125,
    1340.0,
    1332.300048828125,
    1358.300048828125,
    1357.199951171875,
    1377.0,
    1356.5999755859375,
    1368.300048828125,
    1386.699951171875,
    1387.5999755859375,
    1403.0,
    1395.5,
    1383.9000244140625,
    1372.300048828125,
    1351.300048828125,
    1349.0999755859375,
    1315.800048828125,
    1288.300048828125,
    1314.699951171875,
    1255.800048828125,
    1234.5,
    1197.300048828125,
    1214.699951171875,
    1228.0999755859375,
    1253.199951171875,
    1207.0,
    1203.9000244140625,
    1170.5999755859375,
    1192.699951171875,
    1222.0999755859375,
    1205.199951171875,
    1161.300048828125,
    1193.0999755859375,
    1197.9000244140625,
    1245.300048828125,
    1250.0999755859375,
    1333.0,
    1318.5,
    1350.800048828125,
    1353.5999755859375,
    1355.5,
    1349.5999755859375,
    1359.0999755859375,
    1354.699951171875,
    1377.699951171875,
    1379.5999755859375,
    1369.5999755859375,
    1365.9000244140625,
    1324.199951171875,
    1289.0,
    1296.4000244140625,
    1268.300048828125,
    1268.300048828125,
    1275.0999755859375,
    1259.699951171875,
    1294.199951171875,
    1292.699951171875,
    1268.300048828125,
    1272.300048828125,
    1260.0999755859375,
    1255.699951171875,
    1254.5999755859375,
    1244.800048828125,
    1237.9000244140625,
    1238.300048828125,
    1249.800048828125,
    1253.300048828125,
    1285.4000244140625,
    1311.199951171875,
    1299.300048828125,
    1304.0999755859375,
    1304.0999755859375,
    1286.5999755859375,
    1275.9000244140625,
    1251.0999755859375,
    1255.199951171875,
    1253.300048828125,
    1272.300048828125,
    1268.0999755859375,
    1292.4000244140625
  ],
  "med": [
    1292.27,
    1296.91,
    1282.97,
    1278.32,
    1273.67
  ],
  "up": [
    1311.79,
    1312.72,
    1321.09,
    1330.38,
    1332.24
  ],
  "lo": [
    1282.97,
    1255.08,
    1255.08,
    1236.48,
    1234.63
  ],
  "ret": -1.45,
  "cone_width_pct": 7.55,
  "asof": "2026-06-09",
  "fundamentals": {
    "mcap_cr": 408816.8972288,
    "pe": 15.552532,
    "roe": 13.152,
    "de": "N/A",
    "sales_growth_yoy": -11.200000000000001,
    "hi_52w": 1403.0,
    "lo_52w": 1045.199951171875
  },
  "status": [
    "Data OK",
    "Data as of 2026-06-09"
  ]
}