{
  "code": "BAJAJFINSV",
  "last": 1703.199951171875,
  "hist": [
    2016.4176025390625,
    1997.126953125,
    2011.9197998046875,
    2027.8121337890625,
    2010.020751953125,
    2027.2122802734375,
    2002.324462890625,
    1980.4351806640625,
    1966.641845703125,
    1985.2327880859375,
    1996.627197265625,
    2008.2215576171875,
    2010.8203125,
    2052.60009765625,
    2044.0,
    2056.0,
    2053.800048828125,
    2007.9000244140625,
    1980.699951171875,
    1994.4000244140625,
    2006.4000244140625,
    2018.300048828125,
    2026.4000244140625,
    2039.4000244140625,
    2017.199951171875,
    2003.5999755859375,
    2036.5,
    2036.0,
    2026.5,
    2029.5999755859375,
    2053.89990234375,
    2039.5999755859375,
    2060.5,
    2032.300048828125,
    1985.800048828125,
    1977.800048828125,
    1972.5999755859375,
    1959.800048828125,
    1948.0,
    1916.300048828125,
    1933.5999755859375,
    1939.4000244140625,
    1924.0,
    1914.0,
    1919.199951171875,
    1922.800048828125,
    1908.0,
    1914.4000244140625,
    1925.0999755859375,
    1993.5,
    1972.199951171875,
    1958.5,
    1980.0,
    1965.9000244140625,
    1963.800048828125,
    1924.199951171875,
    1917.5999755859375,
    1913.5,
    1943.5,
    1955.9000244140625,
    1966.0999755859375,
    2002.199951171875,
    2014.4000244140625,
    2008.4000244140625,
    2025.300048828125,
    2038.199951171875,
    2037.800048828125,
    2081.5,
    2080.0,
    2080.300048828125,
    2057.0,
    2069.199951171875,
    2067.300048828125,
    2069.5,
    2084.39990234375,
    2069.199951171875,
    2035.5999755859375,
    2003.199951171875,
    2024.699951171875,
    2006.4000244140625,
    2007.0,
    2000.9000244140625,
    2033.199951171875,
    2032.5999755859375,
    2013.5999755859375,
    2014.5999755859375,
    2004.300048828125,
    2020.4000244140625,
    2019.4000244140625,
    2084.10009765625,
    2090.199951171875,
    2083.699951171875,
    2139.800048828125,
    2169.10009765625,
    2176.60009765625,
    2159.5,
    2170.199951171875,
    2140.199951171875,
    2137.0,
    2114.60009765625,
    2088.300048828125,
    2081.60009765625,
    2073.199951171875,
    2063.199951171875,
    2102.10009765625,
    2118.300048828125,
    1989.4000244140625,
    2035.5,
    2056.199951171875,
    2065.800048828125,
    2079.60009765625,
    2050.199951171875,
    2050.199951171875,
    2095.60009765625,
    2052.39990234375,
    2030.800048828125,
    2030.199951171875,
    2085.10009765625,
    2103.199951171875,
    2094.0,
    2081.800048828125,
    2065.89990234375,
    2046.0,
    2049.199951171875,
    2096.5,
    2059.199951171875,
    2069.5,
    2065.800048828125,
    2065.800048828125,
    2083.10009765625,
    2070.5,
    2035.199951171875,
    2021.199951171875,
    2026.300048828125,
    2043.800048828125,
    2049.800048828125,
    2047.5999755859375,
    2035.699951171875,
    2017.5999755859375,
    2012.0999755859375,
    2026.4000244140625,
    2039.9000244140625,
    2037.0,
    2038.4000244140625,
    2039.199951171875,
    2044.5999755859375,
    2031.9000244140625,
    2008.9000244140625,
    1992.4000244140625,
    1998.9000244140625,
    2011.199951171875,
    2000.9000244140625,
    2000.9000244140625,
    2002.5,
    2017.800048828125,
    1958.699951171875,
    1959.9000244140625,
    1993.0999755859375,
    1949.0,
    1917.699951171875,
    1940.300048828125,
    1948.0999755859375,
    1952.5999755859375,
    1930.0999755859375,
    2012.699951171875,
    2019.5999755859375,
    2000.0999755859375,
    2024.199951171875,
    2024.5999755859375,
    2027.9000244140625,
    2027.0,
    2037.0999755859375,
    2023.199951171875,
    2050.89990234375,
    2044.4000244140625,
    2060.60009765625,
    2033.199951171875,
    2058.5,
    2051.60009765625,
    2043.300048828125,
    2049.300048828125,
    2041.300048828125,
    1993.4000244140625,
    1941.9000244140625,
    1889.300048828125,
    1911.800048828125,
    1868.9000244140625,
    1841.5,
    1867.800048828125,
    1795.300048828125,
    1770.800048828125,
    1738.0,
    1773.9000244140625,
    1774.699951171875,
    1791.800048828125,
    1714.9000244140625,
    1710.300048828125,
    1675.5,
    1704.4000244140625,
    1746.199951171875,
    1694.699951171875,
    1631.800048828125,
    1647.0,
    1640.699951171875,
    1672.300048828125,
    1684.4000244140625,
    1784.5999755859375,
    1767.699951171875,
    1809.199951171875,
    1788.300048828125,
    1825.800048828125,
    1829.9000244140625,
    1838.9000244140625,
    1830.5999755859375,
    1851.4000244140625,
    1842.9000244140625,
    1792.5999755859375,
    1770.699951171875,
    1772.199951171875,
    1779.0,
    1764.199951171875,
    1747.199951171875,
    1747.199951171875,
    1770.4000244140625,
    1794.5999755859375,
    1836.0999755859375,
    1824.5,
    1818.300048828125,
    1794.199951171875,
    1744.800048828125,
    1728.9000244140625,
    1740.199951171875,
    1728.0999755859375,
    1753.0999755859375,
    1749.800048828125,
    1772.0,
    1752.199951171875,
    1766.0,
    1807.4000244140625,
    1800.699951171875,
    1809.0999755859375,
    1809.0999755859375,
    1783.5999755859375,
    1758.9000244140625,
    1741.4000244140625,
    1734.4000244140625,
    1709.800048828125,
    1703.199951171875
  ],
  "med": [
    1712.46,
    1712.46,
    1719.6,
    1726.73,
    1726.73
  ],
  "up": [
    1741.0,
    1742.43,
    1770.97,
    1786.67,
    1800.94
  ],
  "lo": [
    1669.65,
    1669.65,
    1669.65,
    1666.8,
    1653.95
  ],
  "ret": 1.38,
  "cone_width_pct": 8.63,
  "asof": "2026-06-05",
  "fundamentals": {
    "mcap_cr": 267686.1960192,
    "pe": 27.465965,
    "roe": 14.602,
    "de": 2.5636,
    "sales_growth_yoy": 5.3,
    "hi_52w": 2176.60009765625,
    "lo_52w": 1631.800048828125
  },
  "status": [
    "Data OK",
    "Data as of 2026-06-05"
  ]
}