{
  "code": "BAJAJ-AUTO",
  "last": 10144.0,
  "hist": [
    8385.4765625,
    8239.291015625,
    8139.75048828125,
    8203.2255859375,
    8169.564453125,
    8144.078125,
    8171.00732421875,
    8254.8271484375,
    8171.5,
    8260.744140625,
    8273.0703125,
    8315.966796875,
    8318.92578125,
    8259.7578125,
    8282.4384765625,
    8240.5283203125,
    8266.16796875,
    8315.966796875,
    8346.0439453125,
    8223.7646484375,
    8244.9658203125,
    8170.02099609375,
    7955.04638671875,
    7975.26171875,
    8195.66015625,
    8187.27783203125,
    8214.396484375,
    8231.6533203125,
    8321.390625,
    8179.88232421875,
    8280.466796875,
    8173.47216796875,
    7963.42822265625,
    7977.23388671875,
    8014.70654296875,
    7931.87255859375,
    7896.865234375,
    7932.8583984375,
    8073.8740234375,
    8116.27734375,
    8064.9990234375,
    8114.7978515625,
    8109.8671875,
    8160.15966796875,
    8082.7490234375,
    8134.02734375,
    8099.51318359375,
    8469.30859375,
    8673.4365234375,
    8704.9921875,
    8563.9765625,
    8559.0458984375,
    8629.060546875,
    8570.8798828125,
    8568.9072265625,
    8511.7119140625,
    8842.5556640625,
    8905.1748046875,
    8989.48828125,
    8945.1123046875,
    8958.42578125,
    9302.58203125,
    9252.783203125,
    9115.7119140625,
    8987.0234375,
    8874.60546875,
    8899.7509765625,
    8946.591796875,
    8957.9326171875,
    8949.0576171875,
    8846.9931640625,
    8928.841796875,
    8859.8134765625,
    8716.33203125,
    8719.7841796875,
    8581.2333984375,
    8596.5185546875,
    8558.0595703125,
    8506.78125,
    8559.0458984375,
    8669.984375,
    8780.4306640625,
    8669.984375,
    8687.7353515625,
    8822.3408203125,
    8940.1826171875,
    8976.17578125,
    8873.1259765625,
    9024.4951171875,
    9023.509765625,
    8997.8701171875,
    8991.4609375,
    8921.4462890625,
    8950.5361328125,
    8969.2724609375,
    8931.7998046875,
    8908.6259765625,
    8799.1669921875,
    8769.08984375,
    8798.673828125,
    8629.5537109375,
    8599.4765625,
    8600.462890625,
    8650.2626953125,
    8771.5556640625,
    8744.9296875,
    8744.4365234375,
    8720.27734375,
    8821.3544921875,
    8797.1943359375,
    8761.201171875,
    8854.8828125,
    8768.5966796875,
    8882.494140625,
    8922.431640625,
    9036.822265625,
    8897.2861328125,
    8947.578125,
    8969.765625,
    8959.4111328125,
    8875.5908203125,
    8958.9189453125,
    8982.5849609375,
    8900.7373046875,
    8836.6396484375,
    8866.22265625,
    8927.85546875,
    8889.8896484375,
    8815.9306640625,
    8882.9873046875,
    8771.5556640625,
    8708.443359375,
    8877.0703125,
    9036.822265625,
    8972.724609375,
    9042.7392578125,
    8938.703125,
    8960.890625,
    9153.1845703125,
    9213.337890625,
    9425.3544921875,
    9370.6240234375,
    9365.693359375,
    9526.9248046875,
    9653.6416015625,
    9625.0439453125,
    9429.7919921875,
    9359.2841796875,
    9421.41015625,
    9446.5556640625,
    9446.5556640625,
    9357.3115234375,
    9298.6376953125,
    9052.599609375,
    9051.6142578125,
    9239.962890625,
    9282.859375,
    9360.2705078125,
    9302.58203125,
    9379.9921875,
    9464.3056640625,
    9364.7080078125,
    9462.333984375,
    9505.23046875,
    9513.119140625,
    9386.40234375,
    9456.91015625,
    9638.3564453125,
    9732.53125,
    9703.4404296875,
    9624.55078125,
    9562.91796875,
    9690.1279296875,
    9841.498046875,
    9593.9814453125,
    9670.8984375,
    9768.03125,
    9692.5927734375,
    9956.8740234375,
    9969.693359375,
    9834.1015625,
    9640.3291015625,
    9518.54296875,
    9668.43359375,
    9679.7734375,
    9252.783203125,
    9476.6328125,
    9198.052734375,
    9034.849609375,
    8751.8330078125,
    8947.0849609375,
    8983.5712890625,
    9142.3369140625,
    8745.4228515625,
    8925.390625,
    8654.20703125,
    8774.513671875,
    8922.9248046875,
    8777.4716796875,
    8659.630859375,
    8772.048828125,
    8636.94921875,
    8818.396484375,
    8923.9111328125,
    9236.0185546875,
    9384.9228515625,
    9677.30859375,
    9679.7734375,
    9728.09375,
    9688.6484375,
    9637.86328125,
    9666.9541015625,
    9657.0927734375,
    9468.7431640625,
    9417.9580078125,
    9443.1044921875,
    9527.9111328125,
    9363.7216796875,
    9411.0556640625,
    9855.3037109375,
    9855.3037109375,
    9991.388671875,
    9906.58203125,
    10175.79296875,
    10457.82421875,
    10562.845703125,
    10448.4560546875,
    10252.7109375,
    10119.583984375,
    10305.9609375,
    10233.4814453125,
    10056.9658203125,
    10063.375,
    10317.3017578125,
    10518.9638671875,
    10403.09375,
    10345.40625,
    10445.990234375,
    10658.5,
    10658.5,
    10460.0,
    10376.0,
    10281.0,
    10259.0,
    10362.0,
    10342.0,
    10231.0,
    10184.0,
    10144.0
  ],
  "med": [
    10109.1,
    10143.25,
    10109.1,
    10109.1,
    10040.79
  ],
  "up": [
    10457.45,
    10334.5,
    10395.98,
    10518.92,
    10539.42
  ],
  "lo": [
    9945.17,
    9617.3,
    9617.3,
    9794.89,
    9549.0
  ],
  "ret": -1.02,
  "cone_width_pct": 9.76,
  "asof": "2026-06-10",
  "fundamentals": {
    "mcap_cr": 282455.441408,
    "pe": 26.307028,
    "roe": 28.046,
    "de": 0.56289,
    "sales_growth_yoy": 48.8,
    "hi_52w": 10658.5,
    "lo_52w": 7896.865234375
  },
  "status": [
    "Data OK",
    "Data as of 2026-06-10"
  ],
  "calibration": {
    "bias_pct": 0.0,
    "coverage": null,
    "cone_scale": 1.0,
    "n": 0
  },
  "accuracy": {
    "history": [],
    "n": 0,
    "mae_pct": null,
    "directional_accuracy_pct": null,
    "calibration_pct": null
  }
}