{
  "code": "BAJFINANCE",
  "last": 886.9000244140625,
  "hist": [
    949.75,
    942.5,
    936.8499755859375,
    933.0999755859375,
    938.0,
    923.0,
    919.0,
    900.5,
    905.0,
    915.5,
    916.5,
    928.0,
    951.5,
    947.0,
    936.5,
    936.6500244140625,
    923.0,
    910.1500244140625,
    925.2999877929688,
    924.6500244140625,
    927.6500244140625,
    940.5999755859375,
    947.6500244140625,
    933.5,
    918.8499755859375,
    928.4000244140625,
    921.75,
    923.2999877929688,
    942.0,
    948.4500122070312,
    952.5499877929688,
    968.2999877929688,
    958.9500122070312,
    913.75,
    880.5,
    886.5499877929688,
    884.8499755859375,
    881.2000122070312,
    875.5999755859375,
    885.2999877929688,
    891.9000244140625,
    876.6500244140625,
    879.0999755859375,
    877.1500244140625,
    877.7999877929688,
    853.0,
    860.0,
    861.4500122070312,
    905.2000122070312,
    902.2999877929688,
    887.7999877929688,
    895.5999755859375,
    894.5,
    900.7999877929688,
    876.25,
    876.8499755859375,
    877.8499755859375,
    889.3499755859375,
    890.0999755859375,
    896.2999877929688,
    934.75,
    937.5999755859375,
    944.2999877929688,
    948.4000244140625,
    967.9500122070312,
    970.25,
    1003.25,
    1009.8499755859375,
    1003.25,
    1007.5,
    996.5,
    992.4500122070312,
    1006.5,
    1025.5,
    1029.75,
    1012.75,
    985.0999755859375,
    990.9500122070312,
    998.9000244140625,
    987.7000122070312,
    989.75,
    1008.9000244140625,
    1016.5499877929688,
    1023.1500244140625,
    1024.0999755859375,
    1023.8499755859375,
    1036.75,
    1019.1500244140625,
    1059.9000244140625,
    1065.75,
    1070.0999755859375,
    1081.0,
    1086.5,
    1094.1500244140625,
    1089.75,
    1084.4000244140625,
    1072.75,
    1062.949951171875,
    1052.300048828125,
    1042.800048828125,
    1043.0999755859375,
    1057.0,
    1041.9000244140625,
    1066.5999755859375,
    1085.0,
    1005.2000122070312,
    1013.2000122070312,
    1005.4000244140625,
    1018.5,
    1026.800048828125,
    1013.5999755859375,
    1005.5999755859375,
    1028.5999755859375,
    1004.0999755859375,
    994.0,
    986.2000122070312,
    1010.7000122070312,
    1033.800048828125,
    1037.5,
    1021.0999755859375,
    1025.5,
    1021.4000244140625,
    1029.0999755859375,
    1048.0,
    1026.4000244140625,
    1016.7000122070312,
    1010.2999877929688,
    1006.4000244140625,
    1017.2999877929688,
    1012.7000122070312,
    998.4000244140625,
    999.5999755859375,
    1000.2999877929688,
    1008.2999877929688,
    1007.7999877929688,
    1011.4000244140625,
    1011.7000122070312,
    1000.0,
    998.0,
    989.2999877929688,
    986.7999877929688,
    973.0999755859375,
    990.4500122070312,
    978.75,
    977.3499755859375,
    968.7999877929688,
    971.9500122070312,
    959.5999755859375,
    951.9000244140625,
    949.0,
    945.9500122070312,
    945.9500122070312,
    950.25,
    969.4500122070312,
    933.2000122070312,
    936.25,
    942.8499755859375,
    927.8499755859375,
    914.7000122070312,
    935.1500244140625,
    935.1500244140625,
    929.8499755859375,
    903.7000122070312,
    964.4000244140625,
    963.2999877929688,
    964.75,
    981.7000122070312,
    983.1500244140625,
    965.5999755859375,
    968.9500122070312,
    999.0999755859375,
    1024.75,
    1012.75,
    1014.1500244140625,
    1023.7999877929688,
    1017.0499877929688,
    1030.199951171875,
    1031.0,
    1023.5499877929688,
    1021.0499877929688,
    1012.9500122070312,
    995.9000244140625,
    978.25,
    945.0999755859375,
    962.4000244140625,
    950.2000122070312,
    938.0499877929688,
    939.7999877929688,
    893.6500244140625,
    863.0999755859375,
    855.0499877929688,
    878.1500244140625,
    868.5999755859375,
    880.0999755859375,
    832.2000122070312,
    830.5499877929688,
    812.5999755859375,
    849.0,
    882.75,
    843.7999877929688,
    801.5499877929688,
    817.2999877929688,
    826.8499755859375,
    850.8499755859375,
    855.0999755859375,
    915.0499877929688,
    903.25,
    924.5499877929688,
    898.9500122070312,
    913.1500244140625,
    905.9000244140625,
    908.25,
    917.75,
    938.8499755859375,
    934.75,
    918.3499755859375,
    921.5499877929688,
    921.7999877929688,
    923.6500244140625,
    930.0,
    937.0,
    937.0,
    950.2000122070312,
    958.5999755859375,
    980.75,
    972.75,
    955.3499755859375,
    936.0499877929688,
    904.2000122070312,
    896.1500244140625,
    912.1500244140625,
    910.4500122070312,
    921.0999755859375,
    923.5499877929688,
    923.0999755859375,
    907.6500244140625,
    916.5499877929688,
    941.9000244140625,
    930.2000122070312,
    931.1500244140625,
    931.1500244140625,
    908.25,
    889.0499877929688,
    882.0,
    876.7999877929688,
    874.4000244140625,
    889.4000244140625,
    871.0999755859375,
    886.9000244140625
  ],
  "med": [],
  "up": [],
  "lo": [],
  "ret": 0.0,
  "cone_width_pct": 0.0,
  "asof": "2026-06-09",
  "fundamentals": {
    "mcap_cr": 552333.9476992,
    "pe": 29.115044,
    "roe": 17.907,
    "de": 3.13407,
    "sales_growth_yoy": 26.8,
    "hi_52w": 1094.1500244140625,
    "lo_52w": 801.5499877929688
  },
  "status": [
    "Data OK",
    "Data as of 2026-06-09"
  ]
}