{
  "code": "BEL",
  "last": 408.20001220703125,
  "hist": [
    389.8818664550781,
    394.7994689941406,
    390.32891845703125,
    384.8648986816406,
    391.62042236328125,
    401.207275390625,
    399.12103271484375,
    397.8791809082031,
    395.9419250488281,
    405.5784912109375,
    418.1457214355469,
    415.76141357421875,
    403.3928527832031,
    407.4163818359375,
    411.78759765625,
    418.74176025390625,
    429.4214172363281,
    424.1561279296875,
    423.4606628417969,
    424.7521667480469,
    414.37054443359375,
    419.2384948730469,
    414.9169616699219,
    410.7940979003906,
    406.6216125488281,
    404.63470458984375,
    406.2738952636719,
    403.4921875,
    401.55499267578125,
    392.16680908203125,
    397.33282470703125,
    400.4621887207031,
    397.5811767578125,
    395.6439208984375,
    392.6138610839844,
    386.70281982421875,
    385.7093505859375,
    383.9707946777344,
    380.5930480957031,
    374.731689453125,
    387.0008239746094,
    384.11981201171875,
    387.1498718261719,
    385.2126159667969,
    382.083251953125,
    381.3878173828125,
    377.8610534667969,
    386.3054504394531,
    383.2683410644531,
    380.8785400390625,
    378.43890380859375,
    370.273681640625,
    372.6137390136719,
    373.2609558105469,
    370.4728088378906,
    364.2991027832031,
    362.3075866699219,
    367.83404541015625,
    372.3149719238281,
    375.0035400390625,
    377.0946350097656,
    370.9209289550781,
    369.2281188964844,
    370.3234558105469,
    370.3732604980469,
    386.4049987792969,
    383.5173034667969,
    397.6072998046875,
    396.76092529296875,
    401.1920471191406,
    410.45263671875,
    408.1623840332031,
    407.1665954589844,
    404.6772155761719,
    402.7355041503906,
    393.7736511230469,
    401.44097900390625,
    394.2217102050781,
    398.25457763671875,
    402.23760986328125,
    404.77679443359375,
    410.9007263183594,
    411.4981689453125,
    408.5606689453125,
    401.9388732910156,
    407.6147155761719,
    411.7471008300781,
    407.66448974609375,
    400.69415283203125,
    406.3700256347656,
    410.0543212890625,
    411.0500793457031,
    414.7344055175781,
    415.9293212890625,
    416.8752746582031,
    420.2608642578125,
    413.3901062011719,
    411.7969055175781,
    405.4738464355469,
    408.1623840332031,
    424.293701171875,
    420.5097961425781,
    413.3901062011719,
    407.0670166015625,
    412.4939270019531,
    415.0829162597656,
    425.4886169433594,
    422.9494323730469,
    418.0203857421875,
    425.04052734375,
    422.7502746582031,
    419.1157531738281,
    421.406005859375,
    421.20684814453125,
    414.5850524902344,
    402.0882263183594,
    408.5108947753906,
    413.5394592285156,
    411.29901123046875,
    410.0045471191406,
    415.4812316894531,
    411.29901123046875,
    402.23760986328125,
    405.4240417480469,
    405.1750793457031,
    384.7619934082031,
    387.799072265625,
    385.7079772949219,
    385.8573303222656,
    387.799072265625,
    389.09356689453125,
    386.355224609375,
    383.96539306640625,
    381.82452392578125,
    391.1846618652344,
    397.2588195800781,
    397.7068786621094,
    398.3043518066406,
    396.76092529296875,
    391.58294677734375,
    391.6327209472656,
    397.9060363769531,
    396.01409912109375,
    401.44097900390625,
    412.04583740234375,
    411.34881591796875,
    413.88800048828125,
    413.88800048828125,
    416.8752746582031,
    415.9293212890625,
    411.9462890625,
    415.8297424316406,
    415.8297424316406,
    408.5108947753906,
    411.0500793457031,
    407.6147155761719,
    400.943115234375,
    415.531005859375,
    408.958984375,
    414.1867370605469,
    451.0796813964844,
    442.6156921386719,
    447.09661865234375,
    437.23858642578125,
    437.0892333984375,
    437.33819580078125,
    431.06488037109375,
    427.8286437988281,
    435.4461975097656,
    435.4461975097656,
    435.6951599121094,
    442.01824951171875,
    433.7036437988281,
    436.14324951171875,
    444.95574951171875,
    445.8021545410156,
    433.5044860839844,
    439.2799072265625,
    437.8858337402344,
    433.20574951171875,
    437.437744140625,
    447.1463928222656,
    442.81488037109375,
    452.0256652832031,
    444.95574951171875,
    458.04998779296875,
    468.45001220703125,
    457.3500061035156,
    463.3500061035156,
    454.1000061035156,
    453.54998779296875,
    439.3999938964844,
    429.5,
    439.3500061035156,
    442.6000061035156,
    430.79998779296875,
    426.1000061035156,
    405.5,
    414.45001220703125,
    413.45001220703125,
    404.75,
    400.6499938964844,
    418.70001220703125,
    421.6000061035156,
    427.1499938964844,
    427.79998779296875,
    433.1000061035156,
    439.75,
    442.45001220703125,
    441.54998779296875,
    447.6499938964844,
    455.6499938964844,
    462.75,
    457.54998779296875,
    451.5,
    448.70001220703125,
    449.95001220703125,
    444.45001220703125,
    435.6000061035156,
    435.75,
    437.54998779296875,
    431.29998779296875,
    431.29998779296875,
    433.54998779296875,
    433.3500061035156,
    438.20001220703125,
    439.45001220703125,
    439.70001220703125,
    431.95001220703125,
    416.5,
    428.25,
    428.8500061035156,
    423.6499938964844,
    426.6000061035156,
    422.95001220703125,
    413.29998779296875,
    420.3999938964844,
    416.54998779296875,
    421.8500061035156,
    420.1000061035156,
    419.1000061035156,
    419.1000061035156,
    410.75,
    407.20001220703125,
    407.8500061035156,
    406.6000061035156,
    409.8999938964844,
    408.20001220703125
  ],
  "med": [
    411.03,
    412.57,
    415.65,
    412.57,
    415.65
  ],
  "up": [
    412.88,
    416.26,
    421.19,
    419.96,
    424.88
  ],
  "lo": [
    409.18,
    408.88,
    410.11,
    405.18,
    406.41
  ],
  "ret": 1.83,
  "cone_width_pct": 4.52,
  "asof": "2026-06-05",
  "fundamentals": {
    "mcap_cr": 298385.1982848,
    "pe": 49.24005,
    "roe": 27.556000000000004,
    "de": 0.0027300000000000002,
    "sales_growth_yoy": 11.700000000000001,
    "hi_52w": 468.45001220703125,
    "lo_52w": 362.3075866699219
  },
  "status": [
    "Data OK",
    "Data as of 2026-06-05"
  ]
}