{
  "code": "BHARTIARTL",
  "last": 1813.300048828125,
  "hist": [
    1849.63720703125,
    1841.7034912109375,
    1844.77783203125,
    1828.910400390625,
    1825.1419677734375,
    1845.8687744140625,
    1839.422607421875,
    1850.4306640625,
    1861.4385986328125,
    1920.6435546875,
    1920.2469482421875,
    1917.5693359375,
    1949.303955078125,
    1997.600341796875,
    2010.2940673828125,
    1992.939208984375,
    2002.657958984375,
    2016.4427490234375,
    2002.558837890625,
    2000.4761962890625,
    2017.037841796875,
    2013.1700439453125,
    2002.9554443359375,
    1948.213134765625,
    1905.96630859375,
    1904.974609375,
    1918.164306640625,
    1920.54443359375,
    1913.9000244140625,
    1901.0,
    1909.199951171875,
    1906.800048828125,
    1943.800048828125,
    1936.0999755859375,
    1937.9000244140625,
    1890.300048828125,
    1918.300048828125,
    1932.5999755859375,
    1914.300048828125,
    1884.4000244140625,
    1914.5999755859375,
    1931.800048828125,
    1929.699951171875,
    1922.5999755859375,
    1858.5999755859375,
    1857.4000244140625,
    1850.300048828125,
    1867.4000244140625,
    1873.800048828125,
    1892.300048828125,
    1909.699951171875,
    1928.4000244140625,
    1929.9000244140625,
    1933.300048828125,
    1930.699951171875,
    1904.699951171875,
    1881.0999755859375,
    1888.800048828125,
    1900.5999755859375,
    1887.199951171875,
    1883.9000244140625,
    1880.4000244140625,
    1895.300048828125,
    1887.699951171875,
    1893.699951171875,
    1891.4000244140625,
    1913.0,
    1902.5999755859375,
    1904.5,
    1939.5,
    1941.300048828125,
    1941.0999755859375,
    1962.4000244140625,
    1956.199951171875,
    1938.699951171875,
    1931.0999755859375,
    1935.5999755859375,
    1916.5999755859375,
    1902.199951171875,
    1878.4000244140625,
    1867.5999755859375,
    1896.699951171875,
    1903.0999755859375,
    1929.0,
    1943.5,
    1942.0,
    1939.9000244140625,
    1954.9000244140625,
    1946.5999755859375,
    1968.5,
    1967.4000244140625,
    2012.0,
    2051.5,
    2043.5,
    2007.9000244140625,
    2029.300048828125,
    2080.10009765625,
    2090.199951171875,
    2100.60009765625,
    2066.300048828125,
    2054.5,
    2074.0,
    2113.300048828125,
    2094.89990234375,
    2001.199951171875,
    2019.800048828125,
    2042.300048828125,
    2073.800048828125,
    2091.800048828125,
    2100.699951171875,
    2112.199951171875,
    2149.199951171875,
    2159.800048828125,
    2158.300048828125,
    2162.699951171875,
    2152.10009765625,
    2161.60009765625,
    2126.800048828125,
    2115.60009765625,
    2101.60009765625,
    2089.699951171875,
    2104.0,
    2086.0,
    2103.800048828125,
    2108.800048828125,
    2086.199951171875,
    2089.699951171875,
    2067.0,
    2053.199951171875,
    2083.39990234375,
    2069.699951171875,
    2102.0,
    2108.0,
    2092.0,
    2097.699951171875,
    2147.60009765625,
    2122.89990234375,
    2123.699951171875,
    2105.39990234375,
    2081.60009765625,
    2099.800048828125,
    2105.60009765625,
    2110.39990234375,
    2106.300048828125,
    2105.0,
    2105.300048828125,
    2084.199951171875,
    2066.300048828125,
    2027.0999755859375,
    2044.0,
    2026.9000244140625,
    2022.5,
    2022.5,
    2016.4000244140625,
    2010.0,
    1996.0,
    1996.0999755859375,
    2002.199951171875,
    1984.699951171875,
    1973.4000244140625,
    1957.699951171875,
    1967.9000244140625,
    1968.699951171875,
    1965.4000244140625,
    1997.300048828125,
    2025.800048828125,
    1992.4000244140625,
    2038.4000244140625,
    2038.199951171875,
    2011.300048828125,
    2012.0999755859375,
    2014.5,
    2004.699951171875,
    2029.4000244140625,
    2020.300048828125,
    2021.800048828125,
    1988.5999755859375,
    1977.4000244140625,
    1997.300048828125,
    1941.0,
    1913.4000244140625,
    1929.5999755859375,
    1879.300048828125,
    1873.199951171875,
    1905.9000244140625,
    1907.0,
    1870.800048828125,
    1866.699951171875,
    1850.4000244140625,
    1807.0,
    1801.300048828125,
    1803.4000244140625,
    1788.800048828125,
    1827.0,
    1855.4000244140625,
    1827.0,
    1846.0999755859375,
    1795.9000244140625,
    1802.0999755859375,
    1834.9000244140625,
    1843.9000244140625,
    1782.4000244140625,
    1781.9000244140625,
    1789.699951171875,
    1792.800048828125,
    1830.300048828125,
    1861.5999755859375,
    1859.4000244140625,
    1870.0,
    1870.9000244140625,
    1855.699951171875,
    1840.5999755859375,
    1846.9000244140625,
    1846.0999755859375,
    1855.0,
    1829.0,
    1841.199951171875,
    1814.5,
    1820.0999755859375,
    1843.800048828125,
    1888.0999755859375,
    1886.800048828125,
    1886.800048828125,
    1827.0999755859375,
    1806.0999755859375,
    1833.699951171875,
    1826.5999755859375,
    1834.5,
    1759.800048828125,
    1756.800048828125,
    1789.199951171875,
    1883.5,
    1905.4000244140625,
    1938.0999755859375,
    1913.5,
    1904.9000244140625,
    1885.300048828125,
    1871.4000244140625,
    1874.800048828125,
    1846.9000244140625,
    1852.199951171875,
    1852.199951171875,
    1829.0,
    1810.5999755859375,
    1814.199951171875,
    1824.0999755859375,
    1818.9000244140625,
    1798.199951171875,
    1813.300048828125
  ],
  "med": [
    1811.79,
    1804.6,
    1811.79,
    1826.17,
    1811.79
  ],
  "up": [
    1827.61,
    1854.93,
    1859.24,
    1872.18,
    1912.44
  ],
  "lo": [
    1781.59,
    1768.65,
    1768.65,
    1778.72,
    1752.83
  ],
  "ret": -0.08,
  "cone_width_pct": 8.8,
  "asof": "2026-06-08",
  "fundamentals": {
    "mcap_cr": 1095855.767552,
    "pe": 40.490658,
    "roe": 19.358998999999997,
    "de": 0.9971800000000001,
    "sales_growth_yoy": 15.7,
    "hi_52w": 2162.699951171875,
    "lo_52w": 1756.800048828125
  },
  "status": [
    "Data OK",
    "Data as of 2026-06-08"
  ]
}