{
  "code": "CIPLA",
  "last": 1376.5,
  "hist": [
    1480.938232421875,
    1491.622802734375,
    1473.0963134765625,
    1475.4488525390625,
    1496.8179931640625,
    1473.7825927734375,
    1468.4892578125,
    1454.66796875,
    1470.0576171875,
    1469.4693603515625,
    1472.704345703125,
    1480.154052734375,
    1483.8790283203125,
    1488.436279296875,
    1491.9036865234375,
    1501.612548828125,
    1483.6807861328125,
    1494.6776123046875,
    1499.2349853515625,
    1496.4609375,
    1474.46728515625,
    1477.8355712890625,
    1464.06494140625,
    1471.1978759765625,
    1470.2071533203125,
    1477.0430908203125,
    1462.08349609375,
    1468.6220703125,
    1468.5230712890625,
    1460.2010498046875,
    1450.7894287109375,
    1459.8048095703125,
    1474.071044921875,
    1518.2564697265625,
    1557.3892822265625,
    1559.3707275390625,
    1544.906494140625,
    1540.1510009765625,
    1488.83251953125,
    1501.0181884765625,
    1485.8603515625,
    1472.882080078125,
    1477.1422119140625,
    1471.990478515625,
    1490.81396484375,
    1507.457763671875,
    1546.4915771484375,
    1549.463623046875,
    1550.6524658203125,
    1534.5040283203125,
    1531.72998046875,
    1577.99609375,
    1577.99609375,
    1586.31787109375,
    1565.1168212890625,
    1565.6121826171875,
    1574.6275634765625,
    1572.447998046875,
    1554.615234375,
    1563.7298583984375,
    1563.135498046875,
    1538.962158203125,
    1526.87548828125,
    1537.1788330078125,
    1549.265625,
    1546.29345703125,
    1559.965087890625,
    1533.90966796875,
    1544.5101318359375,
    1545.1044921875,
    1563.5316162109375,
    1561.154052734375,
    1527.8662109375,
    1512.9066162109375,
    1523.705322265625,
    1495.6683349609375,
    1485.464111328125,
    1474.1700439453125,
    1489.327880859375,
    1498.9376220703125,
    1503.593994140625,
    1499.0367431640625,
    1499.2349853515625,
    1480.7086181640625,
    1499.0367431640625,
    1547.2841796875,
    1549.0673828125,
    1537.8724365234375,
    1544.212890625,
    1554.8134765625,
    1562.937255859375,
    1623.8656005859375,
    1648.137939453125,
    1629.809814453125,
    1569.674072265625,
    1569.27783203125,
    1553.5255126953125,
    1566.4046630859375,
    1525.7857666015625,
    1487.346435546875,
    1497.45166015625,
    1489.327880859375,
    1487.5445556640625,
    1491.7054443359375,
    1497.45166015625,
    1500.820068359375,
    1505.17919921875,
    1511.6187744140625,
    1517.860107421875,
    1521.32763671875,
    1500.4237060546875,
    1512.6094970703125,
    1514.987060546875,
    1497.7489013671875,
    1490.0213623046875,
    1493.48876953125,
    1509.6373291015625,
    1511.0242919921875,
    1517.067626953125,
    1508.9437255859375,
    1502.504150390625,
    1493.984130859375,
    1506.86328125,
    1506.665283203125,
    1483.6807861328125,
    1476.745849609375,
    1477.0430908203125,
    1498.2442626953125,
    1503.2967529296875,
    1493.984130859375,
    1485.6622314453125,
    1482.9873046875,
    1484.96875,
    1502.99951171875,
    1498.838623046875,
    1486.751953125,
    1482.3929443359375,
    1492.002685546875,
    1480.1142578125,
    1478.628173828125,
    1497.2535400390625,
    1486.9501953125,
    1497.5506591796875,
    1505.674560546875,
    1516.572265625,
    1454.2568359375,
    1447.024658203125,
    1452.0772705078125,
    1451.5819091796875,
    1434.839111328125,
    1421.167236328125,
    1421.167236328125,
    1384.51123046875,
    1379.3594970703125,
    1365.5887451171875,
    1356.8704833984375,
    1357.6630859375,
    1302.7779541015625,
    1300.7965087890625,
    1316.053466796875,
    1308.6231689453125,
    1311.6943359375,
    1299.4095458984375,
    1310.5054931640625,
    1314.369140625,
    1320.907958984375,
    1317.6385498046875,
    1330.0223388671875,
    1329.6260986328125,
    1337.3536376953125,
    1317.6385498046875,
    1319.1246337890625,
    1343.793212890625,
    1331.409423828125,
    1337.2545166015625,
    1316.548828125,
    1328.6353759765625,
    1314.1710205078125,
    1314.369140625,
    1333.5888671875,
    1345.477294921875,
    1335.6693115234375,
    1339.0377197265625,
    1300.99462890625,
    1314.072021484375,
    1308.9202880859375,
    1312.68505859375,
    1321.10595703125,
    1317.1431884765625,
    1311.9915771484375,
    1302.480712890625,
    1287.9173583984375,
    1269.985595703125,
    1256.7100830078125,
    1227.682373046875,
    1244.72265625,
    1210.4442138671875,
    1208.0665283203125,
    1232.8341064453125,
    1230.753662109375,
    1212.82177734375,
    1184.784912109375,
    1181.3175048828125,
    1189.7384033203125,
    1191.2244873046875,
    1204.5989990234375,
    1213.02001953125,
    1218.0726318359375,
    1199.8436279296875,
    1215.5958251953125,
    1219.0633544921875,
    1229.2677001953125,
    1218.0726318359375,
    1221.044677734375,
    1224.8094482421875,
    1293.7625732421875,
    1282.9638671875,
    1304.95751953125,
    1294.35693359375,
    1305.353759765625,
    1297.4281005859375,
    1297.4281005859375,
    1322.592041015625,
    1321.3040771484375,
    1351.7188720703125,
    1349.638427734375,
    1334.4805908203125,
    1292.7718505859375,
    1280.2889404296875,
    1315.2608642578125,
    1423.3468017578125,
    1418.78955078125,
    1412.9443359375,
    1396.6968994140625,
    1386.4925537109375,
    1388.870361328125,
    1386.1953125,
    1400.7587890625,
    1404.3253173828125,
    1405.0186767578125,
    1405.0186767578125,
    1387.9786376953125,
    1377.378173828125,
    1366.4803466796875,
    1362.4183349609375,
    1385.699951171875,
    1401.300048828125,
    1387.9000244140625,
    1376.5
  ],
  "med": [
    1376.63,
    1376.63,
    1381.76,
    1371.49,
    1386.9
  ],
  "up": [
    1399.23,
    1407.45,
    1397.17,
    1407.45,
    1417.72
  ],
  "lo": [
    1365.33,
    1345.81,
    1355.05,
    1355.05,
    1355.05
  ],
  "ret": 0.76,
  "cone_width_pct": 4.55,
  "asof": "2026-06-09",
  "fundamentals": {
    "mcap_cr": 112137.0112,
    "pe": 28.906704,
    "roe": 11.736,
    "de": 0.01778,
    "sales_growth_yoy": -2.1,
    "hi_52w": 1648.137939453125,
    "lo_52w": 1181.3175048828125
  },
  "status": [
    "Data OK",
    "Data as of 2026-06-09"
  ]
}