{
  "code": "COALINDIA",
  "last": 464.8999938964844,
  "hist": [
    374.6595764160156,
    373.3048095703125,
    375.6873474121094,
    366.90478515625,
    365.5032958984375,
    368.4464111328125,
    365.5967102050781,
    364.7091369628906,
    359.0098571777344,
    363.4945068359375,
    366.7179260253906,
    366.85809326171875,
    366.0171813964844,
    368.2595520019531,
    368.2595520019531,
    366.2040710449219,
    364.1485595703125,
    361.4857482910156,
    361.0653381347656,
    360.73834228515625,
    359.0098571777344,
    357.7018127441406,
    361.9996643066406,
    358.822998046875,
    355.9266052246094,
    358.6361389160156,
    361.0653381347656,
    361.0653381347656,
    360.5514831542969,
    362.98065185546875,
    361.3923034667969,
    363.541259765625,
    365.0828552246094,
    360.2244567871094,
    355.78643798828125,
    353.4974060058594,
    358.4492492675781,
    354.9455871582031,
    351.6287536621094,
    348.03167724609375,
    350.0871276855469,
    354.5718688964844,
    357.2738037109375,
    359.83355712890625,
    359.97576904296875,
    362.63031005859375,
    365.332275390625,
    366.0433044433594,
    364.47900390625,
    367.6549987792969,
    365.332275390625,
    364.7160339355469,
    363.3707275390625,
    359.81536865234375,
    365.1484375,
    357.8935241699219,
    359.67120361328125,
    360.15167236328125,
    363.1304931640625,
    365.2445373535156,
    374.5654296875,
    376.15093994140625,
    377.3040466308594,
    371.92291259765625,
    372.7877502441406,
    376.5833435058594,
    377.9766845703125,
    378.9375915527344,
    379.3219909667969,
    380.3309326171875,
    384.1265563964844,
    377.7845153808594,
    379.0817565917969,
    379.27392578125,
    378.6493225097656,
    377.4962463378906,
    377.159912109375,
    373.9408264160156,
    373.1240234375,
    374.7095947265625,
    373.31622314453125,
    368.3675231933594,
    366.97418212890625,
    369.6647644042969,
    367.1663818359375,
    368.3675231933594,
    369.4725646972656,
    366.6378479003906,
    366.06134033203125,
    369.2323303222656,
    372.451416015625,
    373.6044921875,
    375.33416748046875,
    375.81463623046875,
    377.3040466308594,
    378.6493225097656,
    381.1957702636719,
    376.1029052734375,
    367.0702819824219,
    372.5475158691406,
    373.46038818359375,
    373.3642578125,
    372.6240539550781,
    368.2814636230469,
    371.09429931640625,
    376.3744812011719,
    377.8055725097656,
    381.4573059082031,
    378.20037841796875,
    381.90142822265625,
    382.7897033691406,
    378.9405822753906,
    374.1044921875,
    374.6966552734375,
    373.2655944824219,
    367.6893005371094,
    365.221923828125,
    372.42669677734375,
    373.1175231933594,
    371.2423400878906,
    374.6966552734375,
    374.0058288574219,
    370.35406494140625,
    374.1044921875,
    374.9927673339844,
    372.42669677734375,
    374.40057373046875,
    377.1640319824219,
    378.98992919921875,
    378.348388671875,
    379.4340515136719,
    376.6212463378906,
    379.7301330566406,
    380.27294921875,
    380.56903076171875,
    381.2105712890625,
    395.1759338378906,
    397.1004943847656,
    396.9031066894531,
    395.42266845703125,
    392.8072509765625,
    393.7942199707031,
    395.2253112792969,
    422.317138671875,
    421.8730163574219,
    421.47821044921875,
    426.0182189941406,
    419.70172119140625,
    412.8917541503906,
    426.65972900390625,
    423.3041076660156,
    426.5610656738281,
    426.5610656738281,
    425.376708984375,
    424.53778076171875,
    409.88153076171875,
    408.6478271484375,
    417.678466796875,
    412.94110107421875,
    417.38238525390625,
    438.25640869140625,
    449.80377197265625,
    434.9994812011719,
    417.97454833984375,
    423.7975769042969,
    429.2257995605469,
    426.2156066894531,
    427.1531982421875,
    426.06756591796875,
    425.3273620605469,
    417.7278137207031,
    413.6813049316406,
    403.6144104003906,
    416.98760986328125,
    416.04998779296875,
    418.0,
    416.1499938964844,
    423.54998779296875,
    426.0,
    430.95001220703125,
    438.6000061035156,
    433.5,
    430.6499938964844,
    426.25,
    435.1499938964844,
    449.3999938964844,
    440.45001220703125,
    437.6499938964844,
    443.54998779296875,
    446.75,
    470.1000061035156,
    467.0,
    460.29998779296875,
    462.25,
    455.20001220703125,
    454.20001220703125,
    468.1499938964844,
    455.25,
    442.1000061035156,
    443.70001220703125,
    445.04998779296875,
    450.45001220703125,
    449.3999938964844,
    449.3500061035156,
    459.54998779296875,
    463.0,
    449.25,
    454.1000061035156,
    434.1000061035156,
    435.1000061035156,
    435.79998779296875,
    432.75,
    438.75,
    441.75,
    443.1499938964844,
    444.1499938964844,
    450.6499938964844,
    456.0,
    452.5,
    467.0,
    479.8999938964844,
    481.45001220703125,
    481.45001220703125,
    479.95001220703125,
    472.6000061035156,
    470.20001220703125,
    466.6499938964844,
    456.3999938964844,
    464.45001220703125,
    463.04998779296875,
    462.25,
    454.04998779296875,
    462.20001220703125,
    462.1000061035156,
    456.95001220703125,
    458.70001220703125,
    460.20001220703125,
    456.54998779296875,
    458.0,
    458.1499938964844,
    463.04998779296875,
    463.04998779296875,
    457.8999938964844,
    472.6000061035156,
    472.1499938964844,
    472.29998779296875,
    481.6499938964844,
    472.29998779296875,
    464.8999938964844
  ],
  "med": [
    466.97,
    466.97,
    463.92,
    470.02,
    468.5
  ],
  "up": [
    473.38,
    473.38,
    473.38,
    476.13,
    479.18
  ],
  "lo": [
    460.56,
    457.82,
    454.46,
    457.21,
    454.46
  ],
  "ret": 0.77,
  "cone_width_pct": 5.32,
  "asof": "2026-06-08",
  "fundamentals": {
    "mcap_cr": 287737.8002944,
    "pe": 9.256542,
    "roe": 28.124001999999997,
    "de": 0.11628999999999999,
    "sales_growth_yoy": 16.2,
    "hi_52w": 481.6499938964844,
    "lo_52w": 348.03167724609375
  },
  "status": [
    "Data OK",
    "Data as of 2026-06-08"
  ]
}