{
  "code": "DRREDDY",
  "last": 1268.5,
  "hist": [
    1340.2996826171875,
    1342.5850830078125,
    1354.1119384765625,
    1353.913330078125,
    1338.312255859375,
    1310.48876953125,
    1305.0234375,
    1317.74267578125,
    1316.94775390625,
    1309.5943603515625,
    1328.8721923828125,
    1333.14501953125,
    1313.171630859375,
    1292.8009033203125,
    1275.2125244140625,
    1268.75341796875,
    1262.791259765625,
    1283.1619873046875,
    1299.1605224609375,
    1302.240966796875,
    1275.7093505859375,
    1261.4000244140625,
    1262.5999755859375,
    1254.699951171875,
    1250.5999755859375,
    1260.9000244140625,
    1259.4000244140625,
    1263.0999755859375,
    1257.5,
    1259.300048828125,
    1240.0,
    1247.4000244140625,
    1265.5,
    1277.9000244140625,
    1287.4000244140625,
    1299.800048828125,
    1292.0999755859375,
    1270.300048828125,
    1220.5999755859375,
    1225.0,
    1214.800048828125,
    1196.699951171875,
    1200.800048828125,
    1211.4000244140625,
    1219.5,
    1220.300048828125,
    1253.4000244140625,
    1260.4000244140625,
    1262.699951171875,
    1244.199951171875,
    1245.4000244140625,
    1276.5999755859375,
    1277.5999755859375,
    1283.9000244140625,
    1263.199951171875,
    1259.800048828125,
    1260.0999755859375,
    1279.9000244140625,
    1253.699951171875,
    1262.199951171875,
    1253.0,
    1268.0999755859375,
    1250.5999755859375,
    1291.300048828125,
    1304.199951171875,
    1303.0999755859375,
    1316.699951171875,
    1300.800048828125,
    1310.4000244140625,
    1311.4000244140625,
    1322.699951171875,
    1321.699951171875,
    1301.4000244140625,
    1308.4000244140625,
    1298.0999755859375,
    1275.199951171875,
    1253.0999755859375,
    1234.5999755859375,
    1223.699951171875,
    1244.699951171875,
    1248.0999755859375,
    1248.5999755859375,
    1248.5,
    1234.5,
    1246.0999755859375,
    1264.4000244140625,
    1262.4000244140625,
    1237.300048828125,
    1232.4000244140625,
    1240.199951171875,
    1255.9000244140625,
    1282.0,
    1288.699951171875,
    1279.4000244140625,
    1283.5999755859375,
    1284.300048828125,
    1289.4000244140625,
    1250.9000244140625,
    1202.199951171875,
    1197.5999755859375,
    1196.0,
    1200.0,
    1205.199951171875,
    1205.4000244140625,
    1198.699951171875,
    1211.5,
    1229.5999755859375,
    1234.9000244140625,
    1246.0,
    1244.4000244140625,
    1243.800048828125,
    1250.199951171875,
    1248.5999755859375,
    1243.9000244140625,
    1226.199951171875,
    1236.0999755859375,
    1248.0,
    1249.300048828125,
    1258.800048828125,
    1260.0999755859375,
    1275.199951171875,
    1280.699951171875,
    1277.5999755859375,
    1275.199951171875,
    1266.5,
    1246.199951171875,
    1250.800048828125,
    1273.5,
    1279.300048828125,
    1280.5999755859375,
    1276.9000244140625,
    1272.0,
    1280.0,
    1278.199951171875,
    1283.4000244140625,
    1283.5,
    1265.800048828125,
    1269.300048828125,
    1268.5999755859375,
    1265.800048828125,
    1271.4000244140625,
    1253.4000244140625,
    1256.0999755859375,
    1250.0,
    1256.199951171875,
    1242.800048828125,
    1206.9000244140625,
    1210.0999755859375,
    1215.5,
    1191.300048828125,
    1186.5,
    1186.5,
    1175.5,
    1167.199951171875,
    1166.699951171875,
    1157.199951171875,
    1217.5,
    1235.5999755859375,
    1239.800048828125,
    1222.5,
    1208.9000244140625,
    1218.0999755859375,
    1182.5,
    1235.4000244140625,
    1240.199951171875,
    1244.9000244140625,
    1241.199951171875,
    1275.5,
    1256.0,
    1270.300048828125,
    1274.9000244140625,
    1268.0999755859375,
    1269.4000244140625,
    1284.800048828125,
    1280.300048828125,
    1282.300048828125,
    1280.4000244140625,
    1307.4000244140625,
    1300.199951171875,
    1306.5,
    1319.300048828125,
    1286.300048828125,
    1294.4000244140625,
    1291.199951171875,
    1313.5,
    1303.800048828125,
    1287.0,
    1314.5999755859375,
    1325.5,
    1319.0,
    1292.300048828125,
    1276.9000244140625,
    1283.800048828125,
    1294.800048828125,
    1274.5,
    1298.9000244140625,
    1253.300048828125,
    1259.5999755859375,
    1300.699951171875,
    1281.699951171875,
    1254.9000244140625,
    1209.5999755859375,
    1217.300048828125,
    1217.800048828125,
    1196.0999755859375,
    1191.4000244140625,
    1211.9000244140625,
    1232.199951171875,
    1235.9000244140625,
    1217.800048828125,
    1221.4000244140625,
    1235.699951171875,
    1232.5999755859375,
    1220.5999755859375,
    1217.0,
    1331.0,
    1317.0999755859375,
    1334.5,
    1354.5999755859375,
    1329.800048828125,
    1322.9000244140625,
    1322.9000244140625,
    1287.199951171875,
    1271.199951171875,
    1311.0,
    1307.5999755859375,
    1293.9000244140625,
    1279.9000244140625,
    1270.0,
    1265.300048828125,
    1303.5999755859375,
    1336.699951171875,
    1331.199951171875,
    1335.199951171875,
    1321.9000244140625,
    1318.5,
    1307.199951171875,
    1331.4000244140625,
    1327.9000244140625,
    1319.0,
    1319.0,
    1303.5,
    1290.4000244140625,
    1274.0,
    1263.300048828125,
    1267.5,
    1278.199951171875,
    1275.5999755859375,
    1268.5
  ],
  "med": [
    1268.6,
    1254.71,
    1254.71,
    1245.45,
    1250.08
  ],
  "up": [
    1287.12,
    1278.79,
    1270.45,
    1269.53,
    1269.53
  ],
  "lo": [
    1249.16,
    1239.9,
    1240.82,
    1230.64,
    1222.3
  ],
  "ret": -1.45,
  "cone_width_pct": 3.72,
  "asof": "2026-06-09",
  "fundamentals": {
    "mcap_cr": 105894.8972544,
    "pe": 24.755693,
    "roe": 11.834999999999999,
    "de": 0.20328,
    "sales_growth_yoy": -11.600000000000001,
    "hi_52w": 1354.5999755859375,
    "lo_52w": 1157.199951171875
  },
  "status": [
    "Data OK",
    "Data as of 2026-06-09"
  ]
}