{
  "code": "ETERNAL",
  "last": 239.8000030517578,
  "hist": [
    257.07000732421875,
    251.55999755859375,
    249.0800018310547,
    252.14999389648438,
    247.25,
    248.41000366210938,
    249.4199981689453,
    253.3300018310547,
    254.63999938964844,
    255.07000732421875,
    258.8599853515625,
    265.17999267578125,
    261.8599853515625,
    264.1499938964844,
    261.0,
    259.75,
    260.8500061035156,
    261.3999938964844,
    258.54998779296875,
    263.5,
    264.54998779296875,
    262.8500061035156,
    263.3500061035156,
    270.6000061035156,
    266.45001220703125,
    262.3500061035156,
    259.6499938964844,
    257.20001220703125,
    271.70001220703125,
    299.79998779296875,
    302.04998779296875,
    313.1499938964844,
    310.54998779296875,
    307.29998779296875,
    306.54998779296875,
    303.45001220703125,
    307.79998779296875,
    304.75,
    305.25,
    302.1499938964844,
    298.8500061035156,
    301.75,
    300.8999938964844,
    309.3999938964844,
    305.8999938964844,
    312.3500061035156,
    318.3999938964844,
    314.8999938964844,
    321.45001220703125,
    326.54998779296875,
    321.79998779296875,
    319.1000061035156,
    319.25,
    317.8999938964844,
    315.5,
    313.95001220703125,
    321.1000061035156,
    322.3999938964844,
    326.1000061035156,
    326.25,
    329.1499938964844,
    329.6499938964844,
    325.70001220703125,
    324.3999938964844,
    328.1000061035156,
    321.3999938964844,
    323.29998779296875,
    327.29998779296875,
    328.25,
    337.8500061035156,
    336.54998779296875,
    341.8500061035156,
    338.3500061035156,
    335.79998779296875,
    332.25,
    321.0,
    324.8500061035156,
    325.5,
    329.0,
    328.45001220703125,
    335.1000061035156,
    337.8500061035156,
    341.6499938964844,
    345.5,
    348.29998779296875,
    348.3500061035156,
    347.75,
    354.3500061035156,
    347.8500061035156,
    342.6499938964844,
    338.1499938964844,
    338.1000061035156,
    328.3500061035156,
    326.6000061035156,
    333.70001220703125,
    334.6000061035156,
    330.45001220703125,
    329.3500061035156,
    317.75,
    322.6000061035156,
    313.5,
    305.6499938964844,
    306.1000061035156,
    301.45001220703125,
    305.79998779296875,
    308.79998779296875,
    297.75,
    303.75,
    309.54998779296875,
    306.1499938964844,
    306.6000061035156,
    306.8999938964844,
    301.95001220703125,
    301.0,
    302.29998779296875,
    306.8500061035156,
    302.75,
    300.1000061035156,
    301.5,
    300.54998779296875,
    297.75,
    295.75,
    292.3999938964844,
    285.25,
    291.70001220703125,
    283.25,
    290.95001220703125,
    298.04998779296875,
    298.45001220703125,
    284.45001220703125,
    284.45001220703125,
    284.75,
    286.04998779296875,
    286.70001220703125,
    284.3500061035156,
    284.8500061035156,
    281.75,
    282.8500061035156,
    277.1000061035156,
    278.04998779296875,
    283.79998779296875,
    284.1499938964844,
    281.79998779296875,
    279.04998779296875,
    280.95001220703125,
    283.54998779296875,
    284.3500061035156,
    285.25,
    294.54998779296875,
    299.25,
    299.25,
    287.70001220703125,
    281.3500061035156,
    269.6000061035156,
    283.5,
    275.8999938964844,
    258.70001220703125,
    253.85000610351562,
    266.29998779296875,
    275.3500061035156,
    273.6000061035156,
    272.6499938964844,
    279.79998779296875,
    294.1499938964844,
    286.8500061035156,
    283.54998779296875,
    288.8500061035156,
    303.79998779296875,
    300.70001220703125,
    298.0,
    285.20001220703125,
    286.6000061035156,
    281.5,
    277.3500061035156,
    271.75,
    269.45001220703125,
    268.0,
    254.0,
    250.1999969482422,
    246.5,
    246.3000030517578,
    242.8699951171875,
    240.72999572753906,
    240.13999938964844,
    232.57000732421875,
    229.55999755859375,
    226.6199951171875,
    223.8000030517578,
    221.1699981689453,
    215.67999267578125,
    222.0399932861328,
    234.6300048828125,
    242.5399932861328,
    228.74000549316406,
    232.2899932861328,
    226.9600067138672,
    237.94000244140625,
    242.17999267578125,
    233.1699981689453,
    228.97999572753906,
    236.52000427246094,
    231.72000122070312,
    232.1999969482422,
    231.97000122070312,
    243.6199951171875,
    237.88999938964844,
    240.22999572753906,
    236.22000122070312,
    246.6699981689453,
    252.6999969482422,
    252.61000061035156,
    254.8800048828125,
    259.4800109863281,
    262.989990234375,
    259.9200134277344,
    256.7900085449219,
    255.49000549316406,
    253.07000732421875,
    254.02999877929688,
    247.02999877929688,
    247.02999877929688,
    251.89999389648438,
    248.47000122070312,
    256.04998779296875,
    257.4200134277344,
    256.3900146484375,
    245.8699951171875,
    239.97999572753906,
    237.82000732421875,
    245.82000732421875,
    241.17999267578125,
    241.39999389648438,
    247.2100067138672,
    243.33999633789062,
    242.0500030517578,
    241.9499969482422,
    247.6699981689453,
    250.1699981689453,
    256.510009765625,
    256.510009765625,
    250.5800018310547,
    248.10000610351562,
    250.75,
    247.0,
    254.35000610351562,
    256.5,
    248.3000030517578,
    245.64999389648438,
    239.8000030517578
  ],
  "med": [
    239.27,
    239.27,
    239.27,
    238.25,
    239.27
  ],
  "up": [
    243.77,
    245.4,
    249.7,
    249.7,
    249.49
  ],
  "lo": [
    237.02,
    232.93,
    228.84,
    231.09,
    231.09
  ],
  "ret": -0.22,
  "cone_width_pct": 7.67,
  "asof": "2026-06-10",
  "fundamentals": {
    "mcap_cr": 216240.3311616,
    "pe": 618.9474,
    "roe": 1.194,
    "de": 0.14826,
    "sales_growth_yoy": 196.5,
    "hi_52w": 354.3500061035156,
    "lo_52w": 215.67999267578125
  },
  "status": [
    "Data OK",
    "Data as of 2026-06-10"
  ],
  "calibration": {
    "bias_pct": 0.0,
    "coverage": null,
    "cone_scale": 1.0,
    "n": 0
  },
  "accuracy": {
    "history": [],
    "n": 0,
    "mae_pct": null,
    "directional_accuracy_pct": null,
    "calibration_pct": null
  }
}