{
  "code": "GOLD1",
  "last": 126.41999816894531,
  "hist": [
    81.05999755859375,
    81.2300033569336,
    81.94000244140625,
    83.75,
    83.77999877929688,
    83.12000274658203,
    83.44999694824219,
    83.37000274658203,
    82.88999938964844,
    83.31999969482422,
    81.58000183105469,
    81.7300033569336,
    81.77999877929688,
    80.36000061035156,
    80.51000213623047,
    81.68000030517578,
    81.77999877929688,
    81.68000030517578,
    81.45999908447266,
    81.12999725341797,
    81.43000030517578,
    80.55000305175781,
    81.41999816894531,
    81.81999969482422,
    82.45999908447266,
    82.29000091552734,
    81.91000366210938,
    81.80999755859375,
    82.29000091552734,
    82.66999816894531,
    83.43000030517578,
    84.37999725341797,
    82.8499984741211,
    82.66999816894531,
    82.5,
    82.41000366210938,
    83.0,
    82.7699966430664,
    82.37999725341797,
    83.98999786376953,
    84.27999877929688,
    84.16000366210938,
    84.69000244140625,
    85.01000213623047,
    83.91999816894531,
    83.56999969482422,
    83.87999725341797,
    83.80000305175781,
    83.47000122070312,
    82.8499984741211,
    82.69000244140625,
    83.19999694824219,
    83.26000213623047,
    84.08999633789062,
    84.44999694824219,
    85.0199966430664,
    85.9800033569336,
    87.47000122070312,
    87.47000122070312,
    88.68000030517578,
    88.72000122070312,
    89.13999938964844,
    90.87000274658203,
    91.6500015258789,
    91.44999694824219,
    91.16999816894531,
    91.7699966430664,
    91.55999755859375,
    92.81999969482422,
    91.83000183105469,
    92.19999694824219,
    91.9000015258789,
    93.80999755859375,
    95.77999877929688,
    95.37999725341797,
    95.0199966430664,
    94.69000244140625,
    96.45999908447266,
    96.19999694824219,
    98.41999816894531,
    97.58999633789062,
    99.81999969482422,
    100.19000244140625,
    102.12999725341797,
    102.29000091552734,
    101.2699966430664,
    103.37999725341797,
    105.19000244140625,
    105.80999755859375,
    105.94999694824219,
    108.80999755859375,
    106.16000366210938,
    106.68000030517578,
    102.62999725341797,
    101.0999984741211,
    100.81999969482422,
    96.83000183105469,
    100.70999908447266,
    100.4800033569336,
    100.7699966430664,
    100.73999786376953,
    100.54000091552734,
    100.91999816894531,
    100.63999938964844,
    102.56999969482422,
    104.0199966430664,
    103.62999725341797,
    106.23999786376953,
    104.58000183105469,
    102.75,
    101.52999877929688,
    102.95999908447266,
    102.30000305175781,
    102.8499984741211,
    102.98999786376953,
    104.19999694824219,
    105.16999816894531,
    105.05000305175781,
    105.20999908447266,
    107.4800033569336,
    106.7300033569336,
    107.13999938964844,
    106.69000244140625,
    107.63999938964844,
    107.45999908447266,
    107.08999633789062,
    107.05999755859375,
    107.77999877929688,
    110.41000366210938,
    112.05000305175781,
    110.44000244140625,
    110.80000305175781,
    111.16999816894531,
    110.61000061035156,
    112.06999969482422,
    114.0199966430664,
    113.95999908447266,
    114.88999938964844,
    113.47000122070312,
    111.62999725341797,
    110.68000030517578,
    111.29000091552734,
    112.33000183105469,
    113.61000061035156,
    113.9800033569336,
    113.7300033569336,
    113.02999877929688,
    114.4800033569336,
    117.66000366210938,
    117.30999755859375,
    118.51000213623047,
    118.45999908447266,
    120.87999725341797,
    124.79000091552734,
    133.3699951171875,
    125.87000274658203,
    129.02000427246094,
    132.38999938964844,
    136.82000732421875,
    146.6199951171875,
    130.14999389648438,
    119.08000183105469,
    126.05000305175781,
    130.66000366210938,
    126.05999755859375,
    125.87999725341797,
    129.47000122070312,
    129.3000030517578,
    129.86000061035156,
    129.6699981689453,
    127.4000015258789,
    127.7699966430664,
    125.80000305175781,
    125.63999938964844,
    128.27999877929688,
    128.63999938964844,
    131.25,
    132.13999938964844,
    132.72999572753906,
    131.47999572753906,
    132.7899932861328,
    139.50999450683594,
    134.50999450683594,
    133.2100067138672,
    131.85000610351562,
    132.5,
    133.4600067138672,
    134.0500030517578,
    133.27000427246094,
    131.49000549316406,
    128.1699981689453,
    129.4499969482422,
    129.0399932861328,
    122.51000213623047,
    122.52999877929688,
    111.2300033569336,
    116.31999969482422,
    120.0199966430664,
    118.41999816894531,
    122.08000183105469,
    124.2300033569336,
    121.45999908447266,
    124.05999755859375,
    122.91000366210938,
    125.75,
    124.18000030517578,
    124.58000183105469,
    124.66000366210938,
    126.5,
    126.56999969482422,
    126.05000305175781,
    125.91000366210938,
    126.30999755859375,
    126.0,
    125.0199966430664,
    125.08999633789062,
    125.27999877929688,
    123.61000061035156,
    122.7300033569336,
    124.69999694824219,
    123.37999725341797,
    123.1500015258789,
    125.08999633789062,
    125.6500015258789,
    125.45999908447266,
    124.11000061035156,
    125.80999755859375,
    132.94000244140625,
    132.8300018310547,
    130.69000244140625,
    130.9199981689453,
    131.9199981689453,
    131.41000366210938,
    132.0800018310547,
    131.6999969482422,
    131.89999389648438,
    130.74000549316406,
    130.17999267578125,
    129.94000244140625,
    128.72000122070312,
    129.66000366210938,
    128.8000030517578,
    129.69000244140625,
    128.64999389648438,
    125.06999969482422,
    126.41999816894531
  ],
  "med": [
    125.89,
    126.32,
    126.75,
    126.32,
    125.89
  ],
  "up": [
    127.69,
    128.55,
    129.41,
    130.35,
    131.38
  ],
  "lo": [
    125.04,
    123.07,
    122.9,
    122.81,
    119.73
  ],
  "ret": -0.42,
  "cone_width_pct": 9.22,
  "asof": "2026-06-09",
  "fundamentals": {
    "mcap_cr": "N/A",
    "pe": "N/A",
    "roe": "N/A",
    "de": "N/A",
    "sales_growth_yoy": "N/A",
    "hi_52w": 146.6199951171875,
    "lo_52w": 80.36000061035156
  },
  "status": [
    "Data OK",
    "Data as of 2026-06-09"
  ]
}