{
  "code": "GOLDBEES",
  "last": 124.16000366210938,
  "hist": [
    80.61000061035156,
    80.76000213623047,
    81.38999938964844,
    83.12999725341797,
    83.08999633789062,
    82.55999755859375,
    82.79000091552734,
    82.79000091552734,
    82.2300033569336,
    82.66000366210938,
    80.9800033569336,
    81.11000061035156,
    81.12000274658203,
    79.80999755859375,
    79.98999786376953,
    81.05000305175781,
    81.11000061035156,
    81.01000213623047,
    80.88999938964844,
    80.52999877929688,
    80.77999877929688,
    80.02999877929688,
    80.70999908447266,
    81.1500015258789,
    81.87999725341797,
    81.66999816894531,
    81.3499984741211,
    81.16000366210938,
    81.7300033569336,
    82.12999725341797,
    82.7699966430664,
    83.75,
    82.30000305175781,
    82.0999984741211,
    82.02999877929688,
    81.91000366210938,
    82.38999938964844,
    82.19999694824219,
    81.94999694824219,
    83.2300033569336,
    83.61000061035156,
    83.44000244140625,
    83.94000244140625,
    84.36000061035156,
    83.2300033569336,
    82.9800033569336,
    83.19000244140625,
    83.13999938964844,
    82.75,
    82.30999755859375,
    82.08000183105469,
    82.55000305175781,
    82.62000274658203,
    83.5,
    83.83000183105469,
    84.41999816894531,
    85.33999633789062,
    86.61000061035156,
    86.61000061035156,
    87.87999725341797,
    88.16000366210938,
    88.6500015258789,
    89.9800033569336,
    91.16999816894531,
    90.9000015258789,
    90.62000274658203,
    91.26000213623047,
    90.91999816894531,
    92.2699966430664,
    91.25,
    91.5999984741211,
    91.29000091552734,
    93.13999938964844,
    95.12999725341797,
    94.63999938964844,
    94.43000030517578,
    94.22000122070312,
    95.9000015258789,
    95.8499984741211,
    97.62999725341797,
    97.06999969482422,
    99.22000122070312,
    99.66000366210938,
    101.69000244140625,
    101.47000122070312,
    100.66999816894531,
    102.6500015258789,
    105.08999633789062,
    105.29000091552734,
    105.37000274658203,
    108.11000061035156,
    105.13999938964844,
    105.69000244140625,
    101.69999694824219,
    100.13999938964844,
    96.83999633789062,
    99.94999694824219,
    99.68000030517578,
    100.0199966430664,
    100.05000305175781,
    99.80000305175781,
    100.06999969482422,
    99.94000244140625,
    101.69999694824219,
    103.29000091552734,
    102.69000244140625,
    105.37000274658203,
    103.80999755859375,
    101.94000244140625,
    100.91000366210938,
    102.2300033569336,
    101.55000305175781,
    102.0,
    102.2300033569336,
    103.45999908447266,
    104.18000030517578,
    104.11000061035156,
    104.62000274658203,
    106.72000122070312,
    105.62999725341797,
    106.51000213623047,
    105.91999816894531,
    106.88999938964844,
    106.8499984741211,
    106.27999877929688,
    106.2300033569336,
    107.1500015258789,
    109.61000061035156,
    110.94999694824219,
    109.55999755859375,
    109.98999786376953,
    109.87999725341797,
    109.81999969482422,
    111.38999938964844,
    113.0999984741211,
    113.20999908447266,
    114.30999755859375,
    113.02999877929688,
    111.16999816894531,
    110.11000061035156,
    110.5199966430664,
    111.81999969482422,
    112.91999816894531,
    113.13999938964844,
    112.91000366210938,
    112.29000091552734,
    113.61000061035156,
    116.76000213623047,
    116.37000274658203,
    118.01000213623047,
    118.01000213623047,
    117.77999877929688,
    121.0999984741211,
    125.86000061035156,
    134.97000122070312,
    124.33999633789062,
    127.41999816894531,
    131.4499969482422,
    135.82000732421875,
    146.52999877929688,
    131.1199951171875,
    118.66999816894531,
    125.19999694824219,
    129.60000610351562,
    125.22000122070312,
    125.04000091552734,
    127.9800033569336,
    128.33999633789062,
    128.6999969482422,
    128.52000427246094,
    126.0999984741211,
    126.91999816894531,
    124.58000183105469,
    124.63999938964844,
    127.08999633789062,
    127.54000091552734,
    130.0,
    131.22000122070312,
    131.69000244140625,
    130.47999572753906,
    131.60000610351562,
    138.32000732421875,
    133.9600067138672,
    132.24000549316406,
    130.82000732421875,
    131.35000610351562,
    132.1999969482422,
    132.7100067138672,
    132.42999267578125,
    130.32000732421875,
    127.22000122070312,
    128.22000122070312,
    127.91000366210938,
    121.31999969482422,
    121.05999755859375,
    110.72000122070312,
    115.48999786376953,
    119.29000091552734,
    117.52999877929688,
    121.19000244140625,
    123.37000274658203,
    120.58000183105469,
    122.80999755859375,
    121.77999877929688,
    124.38999938964844,
    123.20999908447266,
    123.48999786376953,
    123.76000213623047,
    125.05999755859375,
    125.61000061035156,
    124.80000305175781,
    125.0,
    125.22000122070312,
    124.98999786376953,
    124.08000183105469,
    123.94000244140625,
    124.25,
    122.68000030517578,
    121.58000183105469,
    123.43000030517578,
    123.43000030517578,
    122.37999725341797,
    122.16000366210938,
    124.0199966430664,
    124.47000122070312,
    124.30999755859375,
    123.2300033569336,
    124.61000061035156,
    131.74000549316406,
    131.77999877929688,
    129.41000366210938,
    129.6999969482422,
    130.63999938964844,
    130.1999969482422,
    130.74000549316406,
    130.5,
    130.50999450683594,
    129.5800018310547,
    129.0399932861328,
    129.0399932861328,
    128.64999389648438,
    127.48999786376953,
    128.6699981689453,
    127.63999938964844,
    128.5,
    127.77999877929688,
    124.16000366210938
  ],
  "med": [],
  "up": [],
  "lo": [],
  "ret": 0.0,
  "cone_width_pct": 0.0,
  "asof": "2026-06-08",
  "fundamentals": {
    "mcap_cr": "N/A",
    "pe": "N/A",
    "roe": "N/A",
    "de": "N/A",
    "sales_growth_yoy": "N/A",
    "hi_52w": 146.52999877929688,
    "lo_52w": 79.80999755859375
  },
  "status": [
    "Data OK",
    "Data as of 2026-06-08"
  ]
}