{
  "code": "GRASIM",
  "last": 3087.699951171875,
  "hist": [
    2599.045166015625,
    2698.1845703125,
    2712.3330078125,
    2679.35302734375,
    2654.144775390625,
    2695.095703125,
    2661.717041015625,
    2665.70263671875,
    2683.438232421875,
    2702.76806640625,
    2713.82763671875,
    2770.8203125,
    2821.535888671875,
    2872.84912109375,
    2850.729736328125,
    2834.189697265625,
    2837.77685546875,
    2839.470703125,
    2807.387451171875,
    2795.7294921875,
    2769.02685546875,
    2810.57568359375,
    2787.758544921875,
    2765.04150390625,
    2751.98876953125,
    2774.3076171875,
    2768.52880859375,
    2752.38720703125,
    2756.273193359375,
    2718.6103515625,
    2731.961669921875,
    2712.831298828125,
    2699.28076171875,
    2725.9833984375,
    2698.782470703125,
    2717.31494140625,
    2733.0576171875,
    2748.601318359375,
    2736.4453125,
    2712.3330078125,
    2777.6953125,
    2787.061279296875,
    2755.775146484375,
    2733.755126953125,
    2681.843994140625,
    2748.89990234375,
    2740.39990234375,
    2745.89990234375,
    2764.89990234375,
    2845.89990234375,
    2828.300048828125,
    2864.89990234375,
    2881.199951171875,
    2813.800048828125,
    2811.39990234375,
    2796.199951171875,
    2784.300048828125,
    2775.60009765625,
    2803.89990234375,
    2779.800048828125,
    2781.39990234375,
    2809.800048828125,
    2804.0,
    2804.10009765625,
    2795.89990234375,
    2785.800048828125,
    2799.0,
    2802.0,
    2802.39990234375,
    2843.0,
    2865.39990234375,
    2878.800048828125,
    2877.89990234375,
    2854.10009765625,
    2813.5,
    2807.39990234375,
    2778.60009765625,
    2746.800048828125,
    2746.89990234375,
    2756.89990234375,
    2789.699951171875,
    2791.39990234375,
    2807.39990234375,
    2808.0,
    2778.199951171875,
    2810.60009765625,
    2811.0,
    2798.0,
    2775.800048828125,
    2816.800048828125,
    2859.800048828125,
    2836.199951171875,
    2854.0,
    2870.699951171875,
    2864.60009765625,
    2841.300048828125,
    2923.89990234375,
    2932.89990234375,
    2958.699951171875,
    2950.39990234375,
    2891.699951171875,
    2899.89990234375,
    2882.0,
    2700.10009765625,
    2724.60009765625,
    2762.89990234375,
    2775.800048828125,
    2767.39990234375,
    2777.800048828125,
    2783.39990234375,
    2790.300048828125,
    2762.0,
    2744.699951171875,
    2748.60009765625,
    2734.800048828125,
    2688.699951171875,
    2686.800048828125,
    2744.0,
    2740.0,
    2739.39990234375,
    2731.5,
    2735.0,
    2720.300048828125,
    2730.39990234375,
    2747.0,
    2744.199951171875,
    2746.0,
    2746.800048828125,
    2797.800048828125,
    2836.699951171875,
    2821.0,
    2799.10009765625,
    2806.60009765625,
    2807.60009765625,
    2812.5,
    2809.699951171875,
    2829.800048828125,
    2826.89990234375,
    2817.699951171875,
    2842.39990234375,
    2841.699951171875,
    2829.0,
    2851.699951171875,
    2856.39990234375,
    2848.89990234375,
    2865.300048828125,
    2837.10009765625,
    2792.0,
    2776.89990234375,
    2806.699951171875,
    2774.199951171875,
    2795.800048828125,
    2795.800048828125,
    2809.60009765625,
    2780.0,
    2713.60009765625,
    2735.60009765625,
    2787.60009765625,
    2759.0,
    2856.199951171875,
    2839.10009765625,
    2831.699951171875,
    2819.0,
    2774.60009765625,
    2808.89990234375,
    2844.89990234375,
    2863.89990234375,
    2836.89990234375,
    2926.300048828125,
    2953.89990234375,
    2932.60009765625,
    2925.5,
    2888.0,
    2912.699951171875,
    2900.39990234375,
    2933.800048828125,
    2864.300048828125,
    2832.800048828125,
    2873.39990234375,
    2879.300048828125,
    2878.39990234375,
    2863.5,
    2799.800048828125,
    2777.300048828125,
    2683.199951171875,
    2724.10009765625,
    2718.39990234375,
    2681.199951171875,
    2743.89990234375,
    2735.60009765625,
    2673.10009765625,
    2568.60009765625,
    2654.39990234375,
    2683.300048828125,
    2723.10009765625,
    2607.89990234375,
    2616.300048828125,
    2531.10009765625,
    2549.39990234375,
    2647.800048828125,
    2628.199951171875,
    2557.699951171875,
    2592.800048828125,
    2564.10009765625,
    2614.39990234375,
    2621.0,
    2756.199951171875,
    2740.5,
    2742.60009765625,
    2713.0,
    2741.39990234375,
    2717.300048828125,
    2720.5,
    2760.10009765625,
    2777.699951171875,
    2776.60009765625,
    2735.0,
    2739.300048828125,
    2778.199951171875,
    2783.0,
    2803.199951171875,
    2794.5,
    2794.5,
    2856.0,
    2871.5,
    2914.800048828125,
    2960.60009765625,
    2968.60009765625,
    2984.199951171875,
    2903.0,
    2945.60009765625,
    2938.699951171875,
    2933.800048828125,
    2943.800048828125,
    2935.199951171875,
    2971.10009765625,
    3154.5,
    3155.300048828125,
    3171.60009765625,
    3165.0,
    3170.0,
    3170.0,
    3122.39990234375,
    3102.60009765625,
    3097.60009765625,
    3101.60009765625,
    3103.5,
    3087.699951171875
  ],
  "med": [
    3058.02,
    3068.35,
    3058.02,
    3058.02,
    3047.69
  ],
  "up": [
    3163.4,
    3126.21,
    3182.0,
    3182.0,
    3188.19
  ],
  "lo": [
    3008.43,
    2909.25,
    2890.66,
    2869.99,
    2849.33
  ],
  "ret": -1.3,
  "cone_width_pct": 10.97,
  "asof": "2026-06-05",
  "fundamentals": {
    "mcap_cr": 206849.4942208,
    "pe": 41.67942,
    "roe": 6.287,
    "de": 1.34138,
    "sales_growth_yoy": 10.5,
    "hi_52w": 3171.60009765625,
    "lo_52w": 2531.10009765625
  },
  "status": [
    "Data OK",
    "Data as of 2026-06-05"
  ]
}