{
  "code": "HCLTECH",
  "last": 1151.300048828125,
  "hist": [
    1580.604248046875,
    1599.5911865234375,
    1651.181640625,
    1631.3316650390625,
    1625.6741943359375,
    1652.236328125,
    1658.5653076171875,
    1645.427978515625,
    1643.5101318359375,
    1668.4423828125,
    1633.24951171875,
    1622.31787109375,
    1646.5787353515625,
    1653.291259765625,
    1652.5240478515625,
    1657.6064453125,
    1647.7294921875,
    1648.0172119140625,
    1641.5924072265625,
    1655.0172119140625,
    1640.1539306640625,
    1637.9483642578125,
    1605.2489013671875,
    1595.371826171875,
    1571.0150146484375,
    1553.2750244140625,
    1502.0679931640625,
    1498.6158447265625,
    1480.4920654296875,
    1496.824951171875,
    1479.0423583984375,
    1469.0880126953125,
    1478.462646484375,
    1456.620849609375,
    1440.0948486328125,
    1416.900146484375,
    1422.98876953125,
    1426.951171875,
    1418.6397705078125,
    1403.369873046875,
    1424.921630859375,
    1432.943115234375,
    1414.097412109375,
    1425.9847412109375,
    1426.1778564453125,
    1438.065185546875,
    1448.792724609375,
    1450.7255859375,
    1439.804931640625,
    1435.165771484375,
    1426.5645751953125,
    1445.7967529296875,
    1443.3807373046875,
    1417.093505859375,
    1453.7215576171875,
    1442.7042236328125,
    1401.147216796875,
    1405.9793701171875,
    1419.123046875,
    1416.5135498046875,
    1416.900146484375,
    1394.8653564453125,
    1371.3807373046875,
    1355.9176025390625,
    1379.2088623046875,
    1414.7740478515625,
    1418.4464111328125,
    1417.963134765625,
    1417.2867431640625,
    1433.32958984375,
    1431.783447265625,
    1443.6705322265625,
    1418.1566162109375,
    1391.5794677734375,
    1381.818359375,
    1393.8988037109375,
    1376.019775390625,
    1348.4761962890625,
    1340.8411865234375,
    1338.618408203125,
    1342.87060546875,
    1346.736572265625,
    1370.124267578125,
    1385.297607421875,
    1404.4329833984375,
    1436.615478515625,
    1445.3134765625,
    1444.5404052734375,
    1445.217041015625,
    1445.5067138671875,
    1464.1591796875,
    1447.7933349609375,
    1456.755615234375,
    1447.598388671875,
    1484.51904296875,
    1484.421630859375,
    1493.8709716796875,
    1482.7655029296875,
    1517.055908203125,
    1509.749755859375,
    1501.664306640625,
    1503.612548828125,
    1489.584716796875,
    1486.9544677734375,
    1473.3162841796875,
    1500.690185546875,
    1529.427734375,
    1552.8074951171875,
    1557.1912841796875,
    1553.3919677734375,
    1564.8870849609375,
    1553.9764404296875,
    1619.634765625,
    1602.8792724609375,
    1566.4456787109375,
    1568.7838134765625,
    1559.7239990234375,
    1576.0899658203125,
    1586.9029541015625,
    1582.22705078125,
    1600.44384765625,
    1593.235107421875,
    1598.10595703125,
    1611.8414306640625,
    1639.507568359375,
    1644.962890625,
    1614.763916015625,
    1622.94677734375,
    1629.1815185546875,
    1629.960693359375,
    1640.481689453125,
    1609.016357421875,
    1612.2310791015625,
    1618.4656982421875,
    1599.956787109375,
    1627.1358642578125,
    1636.4876708984375,
    1631.4219970703125,
    1617.9786376953125,
    1588.656494140625,
    1573.4595947265625,
    1581.3504638671875,
    1592.2608642578125,
    1597.8135986328125,
    1566.05615234375,
    1574.5313720703125,
    1605.1197509765625,
    1604.1456298828125,
    1618.4656982421875,
    1624.5054931640625,
    1621.97265625,
    1625.38232421875,
    1625.38232421875,
    1666.1026611328125,
    1684.549560546875,
    1655.603759765625,
    1650.893798828125,
    1671.1068115234375,
    1674.93359375,
    1687.8856201171875,
    1697.1090087890625,
    1689.25927734375,
    1663.7476806640625,
    1645.3009033203125,
    1663.4534912109375,
    1591.3341064453125,
    1579.7557373046875,
    1563.761962890625,
    1571.906005859375,
    1543.5489501953125,
    1522.4527587890625,
    1448.37109375,
    1427.8636474609375,
    1434.33984375,
    1454.7490234375,
    1439.6383056640625,
    1423.1539306640625,
    1409.5150146484375,
    1399.408447265625,
    1314.042724609375,
    1352.3101806640625,
    1347.698486328125,
    1363.00537109375,
    1345.2454833984375,
    1338.376953125,
    1328.662841796875,
    1331.2139892578125,
    1333.078369140625,
    1335.9239501953125,
    1324.934326171875,
    1332.5877685546875,
    1300.5020751953125,
    1303.6419677734375,
    1296.2828369140625,
    1331.70458984375,
    1287.1575927734375,
    1308.6461181640625,
    1333.078369140625,
    1347.5023193359375,
    1355.35205078125,
    1338.7694091796875,
    1316.397705078125,
    1328.957275390625,
    1375.8592529296875,
    1376.938720703125,
    1414.5191650390625,
    1433.5548095703125,
    1437.3814697265625,
    1423.9388427734375,
    1402.5484619140625,
    1424.0369873046875,
    1422.9576416015625,
    1415.2060546875,
    1401.4691162109375,
    1414.126708984375,
    1261.1553955078125,
    1253.5999755859375,
    1203.199951171875,
    1228.199951171875,
    1196.0,
    1200.199951171875,
    1199.0999755859375,
    1199.0999755859375,
    1200.5,
    1200.199951171875,
    1189.0999755859375,
    1183.4000244140625,
    1198.4000244140625,
    1194.9000244140625,
    1145.800048828125,
    1143.199951171875,
    1124.0,
    1132.5999755859375,
    1146.5999755859375,
    1179.4000244140625,
    1169.800048828125,
    1168.199951171875,
    1164.0,
    1165.699951171875,
    1161.9000244140625,
    1165.199951171875,
    1165.199951171875,
    1183.800048828125,
    1195.0999755859375,
    1243.5,
    1179.0,
    1168.300048828125,
    1154.699951171875,
    1151.300048828125
  ],
  "med": [
    1146.17,
    1167.2,
    1172.46,
    1167.2,
    1167.2
  ],
  "up": [
    1189.29,
    1202.96,
    1222.93,
    1240.81,
    1263.94
  ],
  "lo": [
    1135.66,
    1134.61,
    1123.04,
    1112.52,
    1121.99
  ],
  "ret": 1.38,
  "cone_width_pct": 12.33,
  "asof": "2026-06-08",
  "fundamentals": {
    "mcap_cr": 310162.0436992,
    "pe": 18.681553,
    "roe": 23.357001,
    "de": 0.06935,
    "sales_growth_yoy": 5.3,
    "hi_52w": 1697.1090087890625,
    "lo_52w": 1124.0
  },
  "status": [
    "Data OK",
    "Data as of 2026-06-08"
  ]
}