{
  "code": "HCLTECH",
  "last": 1146.300048828125,
  "hist": [
    1599.5911865234375,
    1651.181640625,
    1631.3316650390625,
    1625.674072265625,
    1652.2364501953125,
    1658.565185546875,
    1645.427978515625,
    1643.5101318359375,
    1668.4422607421875,
    1633.2496337890625,
    1622.31787109375,
    1646.5787353515625,
    1653.2911376953125,
    1652.524169921875,
    1657.6063232421875,
    1647.7294921875,
    1648.01708984375,
    1641.59228515625,
    1655.017333984375,
    1640.1539306640625,
    1637.9483642578125,
    1605.248779296875,
    1595.371826171875,
    1571.014892578125,
    1553.27490234375,
    1502.0679931640625,
    1498.6158447265625,
    1480.4920654296875,
    1496.824951171875,
    1479.04248046875,
    1469.0880126953125,
    1478.4625244140625,
    1456.620849609375,
    1440.0947265625,
    1416.9000244140625,
    1422.98876953125,
    1426.951171875,
    1418.6396484375,
    1403.369873046875,
    1424.921630859375,
    1432.9429931640625,
    1414.0975341796875,
    1425.984619140625,
    1426.1778564453125,
    1438.0653076171875,
    1448.792724609375,
    1450.7255859375,
    1439.804931640625,
    1435.166015625,
    1426.5645751953125,
    1445.796630859375,
    1443.380615234375,
    1417.093505859375,
    1453.721435546875,
    1442.7042236328125,
    1401.147216796875,
    1405.9794921875,
    1419.123046875,
    1416.513671875,
    1416.9000244140625,
    1394.865234375,
    1371.380615234375,
    1355.917724609375,
    1379.2088623046875,
    1414.7740478515625,
    1418.4464111328125,
    1417.963134765625,
    1417.2867431640625,
    1433.32958984375,
    1431.783447265625,
    1443.6705322265625,
    1418.156494140625,
    1391.579345703125,
    1381.818359375,
    1393.89892578125,
    1376.0196533203125,
    1348.47607421875,
    1340.8411865234375,
    1338.6182861328125,
    1342.8707275390625,
    1346.736328125,
    1370.1243896484375,
    1385.2974853515625,
    1404.4329833984375,
    1436.6156005859375,
    1445.3135986328125,
    1444.540283203125,
    1445.2169189453125,
    1445.5067138671875,
    1464.1590576171875,
    1447.7933349609375,
    1456.755615234375,
    1447.5985107421875,
    1484.5191650390625,
    1484.4217529296875,
    1493.8709716796875,
    1482.765625,
    1517.0560302734375,
    1509.7498779296875,
    1501.664306640625,
    1503.612548828125,
    1489.5845947265625,
    1486.9544677734375,
    1473.3162841796875,
    1500.6900634765625,
    1529.427734375,
    1552.8076171875,
    1557.191162109375,
    1553.3919677734375,
    1564.8870849609375,
    1553.9764404296875,
    1619.634765625,
    1602.8792724609375,
    1566.44580078125,
    1568.78369140625,
    1559.7239990234375,
    1576.08984375,
    1586.9029541015625,
    1582.22705078125,
    1600.44384765625,
    1593.2349853515625,
    1598.1058349609375,
    1611.8414306640625,
    1639.507568359375,
    1644.9627685546875,
    1614.763916015625,
    1622.94677734375,
    1629.1815185546875,
    1629.960693359375,
    1640.481689453125,
    1609.016357421875,
    1612.231201171875,
    1618.4656982421875,
    1599.956787109375,
    1627.1357421875,
    1636.48779296875,
    1631.4219970703125,
    1617.978759765625,
    1588.656494140625,
    1573.4595947265625,
    1581.350341796875,
    1592.2608642578125,
    1597.8135986328125,
    1566.0560302734375,
    1574.5313720703125,
    1605.1197509765625,
    1604.1456298828125,
    1618.4656982421875,
    1624.5054931640625,
    1621.97265625,
    1625.3822021484375,
    1625.3822021484375,
    1666.1026611328125,
    1684.549560546875,
    1655.603759765625,
    1650.893798828125,
    1671.1068115234375,
    1674.93359375,
    1687.8856201171875,
    1697.1090087890625,
    1689.25927734375,
    1663.7476806640625,
    1645.3009033203125,
    1663.4534912109375,
    1591.3341064453125,
    1579.7557373046875,
    1563.761962890625,
    1571.906005859375,
    1543.5489501953125,
    1522.4527587890625,
    1448.37109375,
    1427.8636474609375,
    1434.33984375,
    1454.7490234375,
    1439.6383056640625,
    1423.1539306640625,
    1409.5150146484375,
    1399.408447265625,
    1314.042724609375,
    1352.3101806640625,
    1347.698486328125,
    1363.00537109375,
    1345.2454833984375,
    1338.376953125,
    1328.662841796875,
    1331.2139892578125,
    1333.078369140625,
    1335.9239501953125,
    1324.934326171875,
    1332.5877685546875,
    1300.5020751953125,
    1303.6419677734375,
    1296.2828369140625,
    1331.70458984375,
    1287.1575927734375,
    1308.6461181640625,
    1333.078369140625,
    1347.5023193359375,
    1355.35205078125,
    1338.7694091796875,
    1316.397705078125,
    1328.957275390625,
    1375.8592529296875,
    1376.938720703125,
    1414.5191650390625,
    1433.5548095703125,
    1437.3814697265625,
    1423.9388427734375,
    1402.5484619140625,
    1424.0369873046875,
    1422.9576416015625,
    1415.2060546875,
    1401.4691162109375,
    1414.126708984375,
    1261.1553955078125,
    1253.5999755859375,
    1203.199951171875,
    1228.199951171875,
    1196.0,
    1200.199951171875,
    1199.0999755859375,
    1199.0999755859375,
    1200.5,
    1200.199951171875,
    1189.0999755859375,
    1183.4000244140625,
    1198.4000244140625,
    1194.9000244140625,
    1145.800048828125,
    1143.199951171875,
    1124.0,
    1132.5999755859375,
    1146.5999755859375,
    1179.4000244140625,
    1169.800048828125,
    1168.199951171875,
    1164.0,
    1165.699951171875,
    1161.9000244140625,
    1165.199951171875,
    1165.199951171875,
    1183.800048828125,
    1195.0999755859375,
    1243.5,
    1179.0,
    1168.300048828125,
    1154.699951171875,
    1151.300048828125,
    1146.300048828125
  ],
  "med": [],
  "up": [],
  "lo": [],
  "ret": 0.0,
  "cone_width_pct": 0.0,
  "asof": "2026-06-09",
  "fundamentals": {
    "mcap_cr": 310297.3362176,
    "pe": 18.698843,
    "roe": 23.357001,
    "de": 0.06935,
    "sales_growth_yoy": 5.3,
    "hi_52w": 1697.1090087890625,
    "lo_52w": 1124.0
  },
  "status": [
    "Data OK",
    "Data as of 2026-06-09"
  ]
}