{
  "code": "HDFCLIFE",
  "last": 549.5499877929688,
  "hist": [
    762.093505859375,
    752.4202270507812,
    750.7747802734375,
    768.4259643554688,
    771.816650390625,
    764.0880126953125,
    759.7499389648438,
    778.9500122070312,
    774.1500244140625,
    779.7000122070312,
    785.0999755859375,
    799.4500122070312,
    806.9500122070312,
    814.2999877929688,
    809.9000244140625,
    789.7000122070312,
    785.8499755859375,
    785.0999755859375,
    789.4500122070312,
    794.1500244140625,
    786.2999877929688,
    771.25,
    759.0,
    764.75,
    756.8499755859375,
    755.9500122070312,
    751.7999877929688,
    739.5,
    752.2999877929688,
    763.2999877929688,
    762.5,
    757.2999877929688,
    762.3499755859375,
    761.2000122070312,
    756.3499755859375,
    757.4500122070312,
    755.5,
    741.7000122070312,
    739.7999877929688,
    738.5,
    752.5499877929688,
    755.7000122070312,
    761.5499877929688,
    764.75,
    766.2000122070312,
    776.5999755859375,
    788.75,
    791.0,
    793.75,
    796.5499877929688,
    795.4500122070312,
    788.75,
    787.0,
    776.5999755859375,
    775.3499755859375,
    772.0499877929688,
    781.7999877929688,
    782.75,
    776.4500122070312,
    754.25,
    759.5499877929688,
    753.75,
    761.0999755859375,
    777.5999755859375,
    774.25,
    779.6500244140625,
    777.2000122070312,
    774.3499755859375,
    768.0499877929688,
    784.5999755859375,
    782.2000122070312,
    787.7999877929688,
    775.0499877929688,
    770.25,
    765.0499877929688,
    764.4000244140625,
    756.5999755859375,
    756.4500122070312,
    764.0,
    759.2000122070312,
    763.0499877929688,
    755.5999755859375,
    747.2999877929688,
    754.3499755859375,
    747.2999877929688,
    746.5499877929688,
    743.5499877929688,
    761.1500244140625,
    742.8499755859375,
    745.9500122070312,
    742.25,
    743.7000122070312,
    743.6500244140625,
    734.9500122070312,
    737.25,
    747.0,
    761.2999877929688,
    746.5999755859375,
    731.8499755859375,
    736.0,
    742.4500122070312,
    736.0499877929688,
    749.25,
    750.7000122070312,
    763.9000244140625,
    783.0999755859375,
    782.2000122070312,
    773.7000122070312,
    770.25,
    761.7999877929688,
    761.0999755859375,
    762.2000122070312,
    764.0,
    761.6500244140625,
    766.5499877929688,
    787.5499877929688,
    777.7999877929688,
    764.2999877929688,
    766.75,
    759.0,
    751.9500122070312,
    760.7999877929688,
    768.2999877929688,
    764.0499877929688,
    762.9000244140625,
    771.0499877929688,
    775.2000122070312,
    777.5,
    772.7000122070312,
    764.3499755859375,
    753.5,
    757.0,
    766.4500122070312,
    761.7999877929688,
    763.9500122070312,
    755.3499755859375,
    748.4500122070312,
    746.4500122070312,
    743.0,
    749.8499755859375,
    750.0999755859375,
    754.8499755859375,
    759.2999877929688,
    777.8499755859375,
    772.3499755859375,
    758.1500244140625,
    749.9000244140625,
    754.6500244140625,
    748.5,
    743.2000122070312,
    743.2000122070312,
    732.5499877929688,
    736.7999877929688,
    732.0999755859375,
    724.3499755859375,
    725.0999755859375,
    712.0999755859375,
    720.0499877929688,
    728.5999755859375,
    727.0999755859375,
    731.0,
    717.5,
    720.1500244140625,
    722.5,
    720.7000122070312,
    703.5,
    707.9000244140625,
    703.9500122070312,
    701.0999755859375,
    702.7000122070312,
    696.7999877929688,
    703.9000244140625,
    705.7999877929688,
    729.5999755859375,
    733.1500244140625,
    728.6500244140625,
    742.4500122070312,
    734.75,
    735.25,
    734.0,
    715.2999877929688,
    707.2999877929688,
    684.5999755859375,
    684.2999877929688,
    668.5499877929688,
    653.75,
    656.0999755859375,
    647.9000244140625,
    645.7000122070312,
    625.75,
    626.0,
    642.2999877929688,
    643.3499755859375,
    633.5,
    623.6500244140625,
    592.0999755859375,
    603.0,
    612.9000244140625,
    610.2000122070312,
    590.5999755859375,
    572.9500122070312,
    566.0999755859375,
    580.4000244140625,
    581.7000122070312,
    598.2999877929688,
    591.2000122070312,
    604.1500244140625,
    619.0999755859375,
    640.4500122070312,
    631.5,
    616.4500122070312,
    609.75,
    614.2000122070312,
    604.0499877929688,
    598.6500244140625,
    588.2000122070312,
    597.2999877929688,
    590.1500244140625,
    594.4000244140625,
    586.9000244140625,
    586.9000244140625,
    588.3499755859375,
    594.0999755859375,
    606.3499755859375,
    625.4000244140625,
    621.7000122070312,
    622.7000122070312,
    601.7999877929688,
    602.7999877929688,
    612.5499877929688,
    608.7000122070312,
    604.9500122070312,
    610.4000244140625,
    605.0999755859375,
    614.3499755859375,
    616.5999755859375,
    620.0,
    618.8499755859375,
    609.5999755859375,
    609.5999755859375,
    594.7999877929688,
    586.5499877929688,
    579.9000244140625,
    574.4000244140625,
    573.75,
    575.2999877929688,
    564.5499877929688,
    560.5999755859375,
    549.5499877929688
  ],
  "med": [
    556.35,
    551.24,
    543.59,
    541.03,
    543.59
  ],
  "up": [
    561.96,
    561.96,
    566.55,
    556.86,
    566.55
  ],
  "lo": [
    541.03,
    525.72,
    520.11,
    520.62,
    515.51
  ],
  "ret": -1.08,
  "cone_width_pct": 9.29,
  "asof": "2026-06-10",
  "fundamentals": {
    "mcap_cr": 117632.8470528,
    "pe": 61.61017,
    "roe": 11.280999999999999,
    "de": 0.1746,
    "sales_growth_yoy": -17.7,
    "hi_52w": 814.2999877929688,
    "lo_52w": 549.5499877929688
  },
  "status": [
    "Data OK",
    "Data as of 2026-06-10"
  ],
  "calibration": {
    "bias_pct": 0.0,
    "coverage": null,
    "cone_scale": 1.0,
    "n": 0
  },
  "accuracy": {
    "history": [],
    "n": 0,
    "mae_pct": null,
    "directional_accuracy_pct": null,
    "calibration_pct": null
  }
}