{
  "code": "HDFCBANK",
  "last": 738.3499755859375,
  "hist": [
    969.5447387695312,
    962.1940307617188,
    958.74072265625,
    946.0127563476562,
    954.7940673828125,
    951.9327392578125,
    954.0540771484375,
    954.7447509765625,
    969.2486572265625,
    961.2073974609375,
    967.3740234375,
    976.8953247070312,
    997.4179077148438,
    1004.9491577148438,
    998.2658081054688,
    1003.5526123046875,
    990.5350341796875,
    991.0836181640625,
    992.1809692382812,
    991.2332763671875,
    998.2159423828125,
    1003.1036987304688,
    1000.6099243164062,
    989.3878784179688,
    989.0387573242188,
    995.2732543945312,
    995.6722412109375,
    990.98388671875,
    976.2705078125,
    997.7670288085938,
    1001.058837890625,
    1009.6375122070312,
    1004.5999755859375,
    1002.2999877929688,
    1004.25,
    1010.7999877929688,
    1012.9000244140625,
    1009.0999755859375,
    1006.0999755859375,
    996.0,
    988.7999877929688,
    992.6500244140625,
    997.7000122070312,
    986.9500122070312,
    997.7999877929688,
    984.9500122070312,
    990.1500244140625,
    995.5499877929688,
    1001.7999877929688,
    995.5499877929688,
    994.0999755859375,
    995.5999755859375,
    982.2999877929688,
    982.0499877929688,
    973.4000244140625,
    957.7999877929688,
    951.5999755859375,
    950.5999755859375,
    944.5,
    954.4500122070312,
    961.25,
    963.4000244140625,
    966.0,
    965.1500244140625,
    965.9000244140625,
    967.7999877929688,
    967.2999877929688,
    967.0499877929688,
    966.8499755859375,
    966.5,
    976.9000244140625,
    966.9000244140625,
    964.2000122070312,
    957.2000122070312,
    951.0499877929688,
    949.8499755859375,
    945.0499877929688,
    950.2999877929688,
    951.0,
    965.25,
    965.1500244140625,
    973.4500122070312,
    982.5,
    978.7000122070312,
    977.0999755859375,
    980.9000244140625,
    977.0,
    977.1500244140625,
    978.25,
    994.3499755859375,
    1002.5499877929688,
    1002.9500122070312,
    1007.7000122070312,
    1008.7999877929688,
    994.75,
    1002.9500122070312,
    1003.5499877929688,
    1007.8499755859375,
    998.1500244140625,
    987.2999877929688,
    992.6500244140625,
    985.25,
    984.6500244140625,
    982.2999877929688,
    984.5,
    991.7000122070312,
    989.5,
    986.6500244140625,
    989.5999755859375,
    996.5499877929688,
    992.4500122070312,
    994.5999755859375,
    1008.8499755859375,
    998.0499877929688,
    999.1500244140625,
    989.7999877929688,
    1003.9000244140625,
    1009.5,
    1007.5999755859375,
    1002.0999755859375,
    989.7999877929688,
    1000.5,
    997.2000122070312,
    1003.2999877929688,
    1003.0999755859375,
    997.0999755859375,
    989.7999877929688,
    1000.2999877929688,
    1001.5,
    996.0999755859375,
    994.2999877929688,
    984.0,
    979.7000122070312,
    985.5,
    987.7000122070312,
    996.5999755859375,
    997.2000122070312,
    992.0999755859375,
    991.7000122070312,
    990.9000244140625,
    991.2000122070312,
    991.1500244140625,
    1001.5999755859375,
    977.5,
    962.2000122070312,
    949.0499877929688,
    946.7000122070312,
    939.0,
    936.9500122070312,
    937.3499755859375,
    925.4500122070312,
    925.4500122070312,
    931.0999755859375,
    927.9000244140625,
    931.2000122070312,
    920.3499755859375,
    918.7000122070312,
    916.0999755859375,
    926.4000244140625,
    932.7000122070312,
    935.5,
    929.25,
    928.0999755859375,
    948.7000122070312,
    953.0999755859375,
    949.7000122070312,
    941.0999755859375,
    937.25,
    932.4000244140625,
    927.0999755859375,
    920.5999755859375,
    903.9000244140625,
    925.7999877929688,
    925.7000122070312,
    924.7000122070312,
    915.5999755859375,
    911.8499755859375,
    923.5999755859375,
    910.5,
    907.5999755859375,
    898.5999755859375,
    887.75,
    879.4000244140625,
    868.6500244140625,
    877.75,
    857.0499877929688,
    840.7000122070312,
    849.4500122070312,
    833.9500122070312,
    832.75,
    817.0,
    840.5999755859375,
    845.3499755859375,
    843.0499877929688,
    798.2000122070312,
    780.4500122070312,
    744.1500244140625,
    764.9000244140625,
    782.2999877929688,
    756.2000122070312,
    731.5499877929688,
    742.25,
    750.9000244140625,
    771.0,
    772.0,
    816.0999755859375,
    797.7000122070312,
    810.2999877929688,
    794.7000122070312,
    809.9000244140625,
    795.4500122070312,
    799.9000244140625,
    795.4500122070312,
    811.75,
    799.9000244140625,
    784.3499755859375,
    784.8499755859375,
    789.7999877929688,
    782.5499877929688,
    779.0,
    771.7000122070312,
    771.7000122070312,
    779.4000244140625,
    772.2999877929688,
    796.5499877929688,
    796.0499877929688,
    780.8499755859375,
    763.6500244140625,
    750.4500122070312,
    749.5999755859375,
    769.5499877929688,
    767.5,
    768.6500244140625,
    762.4500122070312,
    759.5,
    759.1500244140625,
    766.7999877929688,
    786.8499755859375,
    778.9000244140625,
    758.6500244140625,
    758.6500244140625,
    744.5499877929688,
    742.7000122070312,
    748.25,
    753.6500244140625,
    754.2000122070312,
    747.0499877929688,
    738.6500244140625,
    738.3499755859375
  ],
  "med": [
    745.63,
    739.04,
    739.04,
    742.33,
    745.63
  ],
  "up": [
    753.55,
    759.49,
    766.09,
    766.09,
    772.03
  ],
  "lo": [
    731.78,
    718.58,
    728.48,
    717.26,
    723.86
  ],
  "ret": 0.99,
  "cone_width_pct": 6.52,
  "asof": "2026-06-09",
  "fundamentals": {
    "mcap_cr": 1140957.8524672,
    "pe": 16.532799,
    "roe": 13.818,
    "de": "N/A",
    "sales_growth_yoy": -1.7999999999999998,
    "hi_52w": 1012.9000244140625,
    "lo_52w": 731.5499877929688
  },
  "status": [
    "Data OK",
    "Data as of 2026-06-09"
  ]
}