{
  "code": "HDFCGOLD",
  "last": 129.49000549316406,
  "hist": [
    83.08999633789062,
    83.41000366210938,
    84.06999969482422,
    85.7699966430664,
    85.73999786376953,
    85.20999908447266,
    85.44999694824219,
    85.33999633789062,
    84.91000366210938,
    85.2300033569336,
    83.63999938964844,
    83.66000366210938,
    83.7300033569336,
    82.37000274658203,
    82.52999877929688,
    83.66000366210938,
    83.7699966430664,
    83.61000061035156,
    83.45999908447266,
    83.12000274658203,
    83.36000061035156,
    82.5999984741211,
    83.27999877929688,
    83.79000091552734,
    84.62000274658203,
    84.27999877929688,
    83.86000061035156,
    83.70999908447266,
    84.3499984741211,
    84.70999908447266,
    85.43000030517578,
    86.4800033569336,
    84.93000030517578,
    84.69999694824219,
    84.55999755859375,
    84.48999786376953,
    85.18000030517578,
    84.79000091552734,
    84.5199966430664,
    85.94000244140625,
    86.27999877929688,
    86.0999984741211,
    86.61000061035156,
    87.01000213623047,
    85.87000274658203,
    85.61000061035156,
    85.88999938964844,
    85.81999969482422,
    85.56999969482422,
    84.9800033569336,
    84.73999786376953,
    85.23999786376953,
    85.23999786376953,
    86.16999816894531,
    86.4800033569336,
    87.08999633789062,
    88.02999877929688,
    89.43000030517578,
    89.48999786376953,
    90.75,
    90.91000366210938,
    91.48999786376953,
    92.87999725341797,
    94.13999938964844,
    93.94000244140625,
    93.52999877929688,
    94.16000366210938,
    93.87000274658203,
    95.19999694824219,
    94.18000030517578,
    94.58999633789062,
    94.19000244140625,
    96.06999969482422,
    98.19000244140625,
    97.69000244140625,
    97.36000061035156,
    97.2699966430664,
    99.1500015258789,
    99.23999786376953,
    100.88999938964844,
    100.2699966430664,
    102.31999969482422,
    102.91000366210938,
    104.88999938964844,
    105.02999877929688,
    103.9800033569336,
    105.91999816894531,
    108.48999786376953,
    108.83000183105469,
    108.80999755859375,
    111.55999755859375,
    108.93000030517578,
    109.13999938964844,
    105.25,
    103.30000305175781,
    103.20999908447266,
    99.70999908447266,
    102.87999725341797,
    102.7300033569336,
    103.23999786376953,
    103.2300033569336,
    102.95999908447266,
    103.33999633789062,
    103.19999694824219,
    104.94000244140625,
    106.5199966430664,
    106.02999877929688,
    108.66000366210938,
    107.1500015258789,
    105.36000061035156,
    104.13999938964844,
    105.33000183105469,
    104.88999938964844,
    105.30999755859375,
    105.51000213623047,
    106.80000305175781,
    107.6500015258789,
    107.55000305175781,
    107.9000015258789,
    110.26000213623047,
    109.37000274658203,
    109.93000030517578,
    109.61000061035156,
    110.29000091552734,
    110.25,
    109.69999694824219,
    109.69999694824219,
    110.52999877929688,
    113.0999984741211,
    114.55000305175781,
    113.0999984741211,
    113.44999694824219,
    113.52999877929688,
    113.3499984741211,
    115.16999816894531,
    116.66000366210938,
    116.95999908447266,
    117.95999908447266,
    116.87000274658203,
    114.94000244140625,
    113.70999908447266,
    114.0999984741211,
    115.44999694824219,
    116.66000366210938,
    116.87999725341797,
    116.5999984741211,
    115.94000244140625,
    117.13999938964844,
    120.43000030517578,
    120.38999938964844,
    122.19000244140625,
    121.69000244140625,
    124.70999908447266,
    129.39999389648438,
    139.57000732421875,
    128.97000122070312,
    131.8800048828125,
    135.7100067138672,
    140.14999389648438,
    151.3800048828125,
    136.25999450683594,
    121.58999633789062,
    129.58999633789062,
    134.2100067138672,
    129.83999633789062,
    129.38999938964844,
    132.02000427246094,
    132.5,
    132.91000366210938,
    132.80999755859375,
    130.3000030517578,
    131.16000366210938,
    128.72999572753906,
    128.5399932861328,
    130.99000549316406,
    131.66000366210938,
    134.1999969482422,
    135.4499969482422,
    135.99000549316406,
    134.86000061035156,
    136.02999877929688,
    142.6999969482422,
    138.32000732421875,
    136.5399932861328,
    135.11000061035156,
    135.50999450683594,
    136.3800048828125,
    137.13999938964844,
    136.82000732421875,
    134.8000030517578,
    131.39999389648438,
    132.41000366210938,
    131.97999572753906,
    125.27999877929688,
    125.12999725341797,
    113.91000366210938,
    119.06999969482422,
    122.94999694824219,
    121.44000244140625,
    124.7699966430664,
    127.33000183105469,
    124.62999725341797,
    126.83000183105469,
    125.77999877929688,
    128.3800048828125,
    127.30000305175781,
    127.5199966430664,
    127.83000183105469,
    129.4199981689453,
    129.63999938964844,
    128.82000732421875,
    129.1199951171875,
    129.3300018310547,
    129.0800018310547,
    128.10000610351562,
    127.93000030517578,
    128.36000061035156,
    126.80999755859375,
    125.51000213623047,
    127.48999786376953,
    126.5999984741211,
    126.18000030517578,
    128.0500030517578,
    128.55999755859375,
    128.5,
    127.30000305175781,
    128.6300048828125,
    135.6999969482422,
    136.0800018310547,
    133.7899932861328,
    134.00999450683594,
    134.8699951171875,
    134.55999755859375,
    135.02999877929688,
    134.8000030517578,
    134.8000030517578,
    133.94000244140625,
    133.35000610351562,
    132.80999755859375,
    131.75999450683594,
    133.8000030517578,
    131.92999267578125,
    132.7100067138672,
    132.00999450683594,
    128.4199981689453,
    129.49000549316406
  ],
  "med": [
    129.06,
    129.06,
    129.94,
    129.94,
    129.5
  ],
  "up": [
    130.9,
    131.78,
    132.66,
    133.63,
    134.68
  ],
  "lo": [
    128.18,
    126.43,
    127.22,
    126.43,
    125.29
  ],
  "ret": 0.01,
  "cone_width_pct": 7.25,
  "asof": "2026-06-09",
  "fundamentals": {
    "mcap_cr": "N/A",
    "pe": "N/A",
    "roe": "N/A",
    "de": "N/A",
    "sales_growth_yoy": "N/A",
    "hi_52w": 151.3800048828125,
    "lo_52w": 82.37000274658203
  },
  "status": [
    "Data OK",
    "Data as of 2026-06-09"
  ]
}