{
  "code": "HINDUNILVR",
  "last": 2132.800048828125,
  "hist": [
    2351.786376953125,
    2333.3271484375,
    2290.419189453125,
    2276.967529296875,
    2285.215087890625,
    2286.3935546875,
    2255.660888671875,
    2252.616943359375,
    2264.399658203125,
    2257.35498046875,
    2245.44873046875,
    2260.9267578125,
    2263.010498046875,
    2288.90673828125,
    2276.702880859375,
    2277.595703125,
    2289.10546875,
    2295.356201171875,
    2321.05419921875,
    2391.599609375,
    2374.03759765625,
    2404.498046875,
    2389.615234375,
    2499.947998046875,
    2496.971435546875,
    2507.19091796875,
    2497.963623046875,
    2490.224365234375,
    2470.181884765625,
    2445.674560546875,
    2460.359130859375,
    2431.28759765625,
    2418.785888671875,
    2396.560546875,
    2422.556396484375,
    2434.462890625,
    2418.388916015625,
    2501.535400390625,
    2533.781982421875,
    2523.85986328125,
    2514.93017578125,
    2515.8232421875,
    2497.8642578125,
    2479.11181640625,
    2498.757080078125,
    2464.42724609375,
    2475.63916015625,
    2461.252197265625,
    2548.06982421875,
    2584.4833984375,
    2648.9765625,
    2627.346435546875,
    2609.387451171875,
    2611.074462890625,
    2671.5986328125,
    2633.696533203125,
    2639.054443359375,
    2628.834716796875,
    2656.120361328125,
    2643.916015625,
    2645.801513671875,
    2612.860107421875,
    2603.434326171875,
    2621.393310546875,
    2622.881591796875,
    2601.54931640625,
    2560.372802734375,
    2560.868896484375,
    2560.769775390625,
    2549.656982421875,
    2566.623779296875,
    2539.635986328125,
    2552.1376953125,
    2502.527587890625,
    2529.61474609375,
    2518.502197265625,
    2492.208740234375,
    2478.4169921875,
    2494.788330078125,
    2516.41845703125,
    2525.050537109375,
    2521.974853515625,
    2497.566650390625,
    2480.60009765625,
    2497.963623046875,
    2509.17529296875,
    2473.35693359375,
    2482.782958984375,
    2499.3525390625,
    2541.52099609375,
    2583.391845703125,
    2574.164306640625,
    2571.485595703125,
    2581.308349609375,
    2496.772705078125,
    2492.208740234375,
    2477.62353515625,
    2468.693603515625,
    2450.337890625,
    2446.269775390625,
    2440.812744140625,
    2426.624267578125,
    2417.0,
    2414.0,
    2408.800048828125,
    2427.5,
    2424.5,
    2407.60009765625,
    2427.699951171875,
    2425.0,
    2404.0,
    2441.60009765625,
    2428.39990234375,
    2433.699951171875,
    2424.199951171875,
    2414.10009765625,
    2425.199951171875,
    2451.699951171875,
    2466.60009765625,
    2464.5,
    2477.800048828125,
    2448.0,
    2462.199951171875,
    2338.60009765625,
    2314.0,
    2306.5,
    2301.699951171875,
    2305.60009765625,
    2260.60009765625,
    2293.5,
    2281.10009765625,
    2275.60009765625,
    2265.5,
    2280.0,
    2289.5,
    2302.60009765625,
    2282.199951171875,
    2285.39990234375,
    2293.300048828125,
    2290.199951171875,
    2315.89990234375,
    2323.0,
    2348.0,
    2384.10009765625,
    2424.699951171875,
    2399.39990234375,
    2386.699951171875,
    2372.60009765625,
    2406.199951171875,
    2389.5,
    2353.5,
    2353.5,
    2360.39990234375,
    2413.89990234375,
    2379.10009765625,
    2368.0,
    2390.60009765625,
    2409.5,
    2400.89990234375,
    2378.39990234375,
    2352.60009765625,
    2373.0,
    2357.300048828125,
    2368.60009765625,
    2371.0,
    2354.39990234375,
    2424.199951171875,
    2435.0,
    2453.60009765625,
    2462.89990234375,
    2409.699951171875,
    2305.199951171875,
    2319.0,
    2312.300048828125,
    2323.5,
    2279.300048828125,
    2314.5,
    2345.39990234375,
    2358.60009765625,
    2374.89990234375,
    2383.300048828125,
    2338.10009765625,
    2320.60009765625,
    2261.300048828125,
    2255.0,
    2225.699951171875,
    2194.60009765625,
    2190.199951171875,
    2161.39990234375,
    2136.89990234375,
    2160.0,
    2175.699951171875,
    2158.199951171875,
    2135.300048828125,
    2077.300048828125,
    2082.699951171875,
    2052.199951171875,
    2085.0,
    2134.800048828125,
    2074.39990234375,
    2055.199951171875,
    2064.699951171875,
    2065.300048828125,
    2084.800048828125,
    2110.60009765625,
    2145.60009765625,
    2133.199951171875,
    2155.300048828125,
    2127.199951171875,
    2157.60009765625,
    2139.10009765625,
    2240.800048828125,
    2231.5,
    2310.699951171875,
    2368.800048828125,
    2366.39990234375,
    2327.300048828125,
    2328.300048828125,
    2289.5,
    2314.39990234375,
    2250.89990234375,
    2250.89990234375,
    2309.300048828125,
    2327.39990234375,
    2317.10009765625,
    2272.199951171875,
    2287.699951171875,
    2307.199951171875,
    2262.0,
    2267.300048828125,
    2248.699951171875,
    2272.199951171875,
    2254.199951171875,
    2232.89990234375,
    2209.300048828125,
    2179.0,
    2203.60009765625,
    2196.5,
    2209.39990234375,
    2198.39990234375,
    2198.39990234375,
    2153.5,
    2084.300048828125,
    2093.699951171875,
    2090.60009765625,
    2079.39990234375,
    2121.5,
    2110.10009765625,
    2132.800048828125
  ],
  "med": [
    2126.89,
    2126.89,
    2118.34,
    2135.43,
    2126.89
  ],
  "up": [
    2169.59,
    2155.93,
    2171.3,
    2186.68,
    2186.68
  ],
  "lo": [
    2084.18,
    2082.47,
    2084.18,
    2082.47,
    2067.09
  ],
  "ret": -0.28,
  "cone_width_pct": 5.61,
  "asof": "2026-06-09",
  "fundamentals": {
    "mcap_cr": 515053.9251712,
    "pe": 48.476337,
    "roe": 21.603,
    "de": 0.03016,
    "sales_growth_yoy": 4.3,
    "hi_52w": 2671.5986328125,
    "lo_52w": 2052.199951171875
  },
  "status": [
    "Data OK",
    "Data as of 2026-06-09"
  ]
}