{
  "code": "HINDALCO",
  "last": 1076.699951171875,
  "hist": [
    653.55712890625,
    650.4300537109375,
    646.3102416992188,
    637.1276245117188,
    644.8707885742188,
    637.0283813476562,
    640.6517333984375,
    636.6808471679688,
    644.4241333007812,
    656.5849609375,
    664.5267333984375,
    667.7530517578125,
    685.5723266601562,
    692.273193359375,
    687.8059692382812,
    689.2454223632812,
    693.2659301757812,
    687.8059692382812,
    694.35791015625,
    687.0614013671875,
    680.6087036132812,
    669.0435791015625,
    670.1355590820312,
    666.0654296875,
    661.6478271484375,
    665.9661254882812,
    661.89599609375,
    669.63916015625,
    670.9793701171875,
    677.7298583984375,
    685.0263671875,
    690.3374633789062,
    690.5359497070312,
    688.401611328125,
    684.3314208984375,
    687.6571044921875,
    683.7854614257812,
    678.0773315429688,
    667.5545043945312,
    682.6934814453125,
    682.0978393554688,
    679.8641967773438,
    681.7999877929688,
    672.75,
    672.8499755859375,
    667.0499877929688,
    700.5,
    695.25,
    714.1500244140625,
    706.7000122070312,
    700.8499755859375,
    707.2999877929688,
    704.2000122070312,
    715.8499755859375,
    705.7000122070312,
    701.4000244140625,
    703.9500122070312,
    719.5999755859375,
    720.9500122070312,
    742.9500122070312,
    739.0499877929688,
    743.7999877929688,
    738.75,
    742.9000244140625,
    743.1500244140625,
    742.6500244140625,
    758.0499877929688,
    753.6500244140625,
    755.9500122070312,
    750.0999755859375,
    750.1500244140625,
    743.2999877929688,
    745.7000122070312,
    745.9000244140625,
    741.0499877929688,
    745.6500244140625,
    743.8499755859375,
    753.7999877929688,
    761.9500122070312,
    765.9500122070312,
    780.3499755859375,
    776.7000122070312,
    767.7999877929688,
    768.2000122070312,
    774.0999755859375,
    773.9500122070312,
    770.2000122070312,
    760.0999755859375,
    764.25,
    780.0999755859375,
    772.7999877929688,
    786.3499755859375,
    784.9500122070312,
    792.4000244140625,
    824.4500122070312,
    840.8499755859375,
    848.9500122070312,
    856.25,
    861.3499755859375,
    847.8499755859375,
    847.2000122070312,
    831.4000244140625,
    788.4000244140625,
    790.4000244140625,
    785.2000122070312,
    793.75,
    794.4000244140625,
    811.9500122070312,
    803.6500244140625,
    807.1500244140625,
    797.1500244140625,
    790.9500122070312,
    799.7999877929688,
    777.7000122070312,
    774.6500244140625,
    789.3499755859375,
    800.7999877929688,
    807.5499877929688,
    808.4000244140625,
    810.7999877929688,
    806.8499755859375,
    816.2999877929688,
    810.7999877929688,
    823.25,
    819.4500122070312,
    812.9000244140625,
    821.75,
    824.3499755859375,
    852.0999755859375,
    847.8499755859375,
    837.1500244140625,
    848.7999877929688,
    856.7000122070312,
    852.0,
    864.5499877929688,
    863.8499755859375,
    864.4500122070312,
    872.9000244140625,
    865.0,
    884.1500244140625,
    886.7000122070312,
    894.9500122070312,
    925.7000122070312,
    931.7000122070312,
    942.25,
    938.4500122070312,
    903.9500122070312,
    900.9500122070312,
    920.1500244140625,
    936.2999877929688,
    955.3499755859375,
    955.3499755859375,
    934.6500244140625,
    939.9500122070312,
    928.0999755859375,
    939.2000122070312,
    944.4500122070312,
    950.2999877929688,
    961.8499755859375,
    998.2000122070312,
    1024.050048828125,
    962.5999755859375,
    930.5,
    955.2999877929688,
    964.9500122070312,
    935.4500122070312,
    942.5499877929688,
    964.25,
    968.9000244140625,
    965.9500122070312,
    964.4000244140625,
    909.0,
    907.4500122070312,
    890.0999755859375,
    899.25,
    905.6500244140625,
    935.7000122070312,
    916.2000122070312,
    922.8499755859375,
    937.4000244140625,
    941.2999877929688,
    924.7000122070312,
    940.0,
    921.7999877929688,
    954.9500122070312,
    958.9000244140625,
    945.3499755859375,
    956.5999755859375,
    959.0999755859375,
    969.75,
    910.0499877929688,
    921.1500244140625,
    936.6500244140625,
    933.0499877929688,
    897.0499877929688,
    874.25,
    840.25,
    854.6500244140625,
    868.6500244140625,
    866.7000122070312,
    884.4500122070312,
    904.5999755859375,
    916.25,
    927.4500122070312,
    954.5,
    951.7999877929688,
    985.6500244140625,
    992.0999755859375,
    978.25,
    1011.4500122070312,
    1039.9000244140625,
    1039.0,
    1015.25,
    1021.6500244140625,
    1039.9000244140625,
    1041.3499755859375,
    1048.3499755859375,
    1061.800048828125,
    1074.300048828125,
    1067.199951171875,
    1038.0,
    1038.0,
    1042.699951171875,
    1054.699951171875,
    1045.800048828125,
    1055.699951171875,
    1044.4000244140625,
    1023.5,
    1041.4000244140625,
    1073.0999755859375,
    1103.300048828125,
    1067.5,
    1053.0999755859375,
    1048.300048828125,
    1085.5,
    1099.300048828125,
    1109.199951171875,
    1099.5999755859375,
    1103.800048828125,
    1149.699951171875,
    1149.699951171875,
    1126.699951171875,
    1141.300048828125,
    1146.300048828125,
    1138.9000244140625,
    1125.5999755859375,
    1092.5999755859375,
    1062.4000244140625,
    1076.699951171875
  ],
  "med": [
    1077.35,
    1080.7,
    1074.01,
    1074.01,
    1080.7
  ],
  "up": [
    1097.43,
    1111.48,
    1131.56,
    1144.94,
    1151.63
  ],
  "lo": [
    1049.25,
    1042.56,
    1027.17,
    1029.17,
    1023.15
  ],
  "ret": 0.37,
  "cone_width_pct": 11.93,
  "asof": "2026-06-09",
  "fundamentals": {
    "mcap_cr": 231687.8217216,
    "pe": 17.199533,
    "roe": 10.288,
    "de": 0.72598,
    "sales_growth_yoy": 20.4,
    "hi_52w": 1149.699951171875,
    "lo_52w": 636.6808471679688
  },
  "status": [
    "Data OK",
    "Data as of 2026-06-09"
  ]
}