{
  "code": "ICICIBANK",
  "last": 1262.0999755859375,
  "hist": [
    1423.8138427734375,
    1412.0048828125,
    1420.0428466796875,
    1414.2872314453125,
    1405.2569580078125,
    1415.9742431640625,
    1412.302490234375,
    1401.78369140625,
    1400.4937744140625,
    1416.1727294921875,
    1409.226318359375,
    1413.1956787109375,
    1414.8826904296875,
    1428.080810546875,
    1451.00390625,
    1434.7296142578125,
    1421.03515625,
    1416.867431640625,
    1414.98193359375,
    1431.7525634765625,
    1424.706787109375,
    1430.9586181640625,
    1420.93603515625,
    1413.1956787109375,
    1411.0125732421875,
    1412.1041259765625,
    1419.844482421875,
    1415.4781494140625,
    1407.8370361328125,
    1414.8826904296875,
    1454.576416015625,
    1462.316650390625,
    1477.2017822265625,
    1472.0416259765625,
    1465.789794921875,
    1477.00341796875,
    1474.8201904296875,
    1471.04931640625,
    1470.0570068359375,
    1460.3319091796875,
    1451.9962158203125,
    1433.3402099609375,
    1432.54638671875,
    1429.271728515625,
    1424.9053955078125,
    1425.5999755859375,
    1422.0,
    1420.800048828125,
    1427.300048828125,
    1434.5999755859375,
    1436.300048828125,
    1430.5999755859375,
    1446.0,
    1436.4000244140625,
    1433.199951171875,
    1416.5999755859375,
    1399.0999755859375,
    1397.800048828125,
    1411.0,
    1394.199951171875,
    1397.0,
    1405.5,
    1402.800048828125,
    1402.699951171875,
    1403.699951171875,
    1403.9000244140625,
    1401.5999755859375,
    1417.699951171875,
    1419.4000244140625,
    1421.5999755859375,
    1419.199951171875,
    1421.699951171875,
    1402.199951171875,
    1401.5,
    1394.300048828125,
    1382.699951171875,
    1375.800048828125,
    1359.5999755859375,
    1348.0999755859375,
    1348.0,
    1372.0,
    1365.199951171875,
    1363.4000244140625,
    1375.9000244140625,
    1370.300048828125,
    1376.199951171875,
    1380.300048828125,
    1379.4000244140625,
    1384.0999755859375,
    1398.4000244140625,
    1417.300048828125,
    1436.5999755859375,
    1390.300048828125,
    1382.0,
    1363.699951171875,
    1377.699951171875,
    1377.5999755859375,
    1363.0999755859375,
    1370.4000244140625,
    1362.4000244140625,
    1345.300048828125,
    1346.4000244140625,
    1336.9000244140625,
    1320.4000244140625,
    1343.0,
    1348.0,
    1358.300048828125,
    1358.9000244140625,
    1385.9000244140625,
    1373.0,
    1379.0,
    1373.4000244140625,
    1383.0999755859375,
    1383.0,
    1369.5,
    1368.4000244140625,
    1357.800048828125,
    1375.0,
    1392.199951171875,
    1388.800048828125,
    1390.0999755859375,
    1373.0,
    1391.5,
    1386.699951171875,
    1392.5,
    1389.5999755859375,
    1375.199951171875,
    1363.5999755859375,
    1360.0,
    1366.0,
    1365.199951171875,
    1366.0,
    1352.4000244140625,
    1356.800048828125,
    1354.0999755859375,
    1368.5,
    1363.0,
    1359.800048828125,
    1350.4000244140625,
    1343.300048828125,
    1342.5,
    1342.9000244140625,
    1338.0,
    1355.4000244140625,
    1371.5,
    1411.199951171875,
    1427.699951171875,
    1435.0,
    1404.300048828125,
    1413.0999755859375,
    1437.0,
    1418.4000244140625,
    1418.4000244140625,
    1410.800048828125,
    1380.5999755859375,
    1375.800048828125,
    1349.0,
    1345.5,
    1343.4000244140625,
    1361.4000244140625,
    1367.699951171875,
    1383.5999755859375,
    1355.0,
    1352.800048828125,
    1389.699951171875,
    1408.4000244140625,
    1396.5,
    1406.0999755859375,
    1396.300048828125,
    1406.5,
    1406.0999755859375,
    1430.0,
    1414.5999755859375,
    1411.5999755859375,
    1407.5,
    1408.199951171875,
    1388.800048828125,
    1394.5,
    1399.4000244140625,
    1384.800048828125,
    1400.5,
    1404.9000244140625,
    1378.9000244140625,
    1374.0,
    1365.4000244140625,
    1357.5999755859375,
    1313.4000244140625,
    1278.4000244140625,
    1311.9000244140625,
    1294.5999755859375,
    1266.5,
    1254.800048828125,
    1272.9000244140625,
    1288.699951171875,
    1289.300048828125,
    1250.0999755859375,
    1245.4000244140625,
    1222.699951171875,
    1251.199951171875,
    1259.699951171875,
    1233.800048828125,
    1205.9000244140625,
    1212.699951171875,
    1215.800048828125,
    1231.4000244140625,
    1245.5,
    1309.199951171875,
    1281.300048828125,
    1321.9000244140625,
    1351.0999755859375,
    1348.0999755859375,
    1345.5,
    1346.800048828125,
    1356.199951171875,
    1388.4000244140625,
    1367.5999755859375,
    1348.0,
    1326.199951171875,
    1314.0999755859375,
    1292.0,
    1281.0,
    1263.4000244140625,
    1263.4000244140625,
    1270.800048828125,
    1251.300048828125,
    1279.5,
    1279.0,
    1264.800048828125,
    1266.4000244140625,
    1240.300048828125,
    1235.5999755859375,
    1246.0,
    1244.5,
    1251.0999755859375,
    1240.800048828125,
    1237.300048828125,
    1242.800048828125,
    1264.300048828125,
    1291.800048828125,
    1279.0999755859375,
    1272.699951171875,
    1272.699951171875,
    1256.4000244140625,
    1239.699951171875,
    1226.5999755859375,
    1242.0,
    1251.699951171875,
    1262.0999755859375
  ],
  "med": [
    1261.04,
    1270.89,
    1265.97,
    1261.04,
    1261.04
  ],
  "up": [
    1271.88,
    1290.6,
    1290.6,
    1310.3,
    1310.3
  ],
  "lo": [
    1241.34,
    1230.5,
    1221.64,
    1230.5,
    1221.64
  ],
  "ret": -0.08,
  "cone_width_pct": 7.02,
  "asof": "2026-06-05",
  "fundamentals": {
    "mcap_cr": 905032.761344,
    "pe": 16.89106,
    "roe": 16.359,
    "de": "N/A",
    "sales_growth_yoy": 66.9,
    "hi_52w": 1477.2017822265625,
    "lo_52w": 1205.9000244140625
  },
  "status": [
    "Data OK",
    "Data as of 2026-06-05"
  ]
}