{
  "code": "INDIGO",
  "last": 4537.60009765625,
  "hist": [
    5589.55419921875,
    5621.5,
    5467.2607421875,
    5253.12255859375,
    5373.41943359375,
    5301.541015625,
    5264.10400390625,
    5262.107421875,
    5380.90673828125,
    5457.77685546875,
    5597.04150390625,
    5629.48681640625,
    5681.89794921875,
    5806.18798828125,
    5966.41748046875,
    5954.9365234375,
    5945.9521484375,
    5756.2724609375,
    5743.29443359375,
    5738.302734375,
    5792.2119140625,
    5842.12744140625,
    5830.1474609375,
    5907.51708984375,
    5930.47802734375,
    5920.4951171875,
    5939.9619140625,
    5786.72119140625,
    5851.1123046875,
    5868.08349609375,
    5937.96533203125,
    5887.05126953125,
    5834.14111328125,
    5793.2099609375,
    5752.279296875,
    5746.28955078125,
    5730.31640625,
    5900.52880859375,
    5778.734375,
    5770.748046875,
    5771.74609375,
    5883.55712890625,
    5849.11572265625,
    5759.7666015625,
    5868.58251953125,
    5917.5,
    5969.5,
    6002.5,
    6096.5,
    6055.5,
    6155.5,
    6099.0,
    6086.5,
    6116.0,
    6050.0,
    5727.0,
    5646.0,
    5670.0,
    5665.5,
    5740.0,
    5695.0,
    5670.0,
    5696.5,
    5637.5,
    5619.0,
    5667.0,
    5727.5,
    5728.5,
    5727.5,
    5746.5,
    5715.5,
    5679.0,
    5747.5,
    5732.0,
    5686.0,
    5674.5,
    5561.0,
    5707.0,
    5594.5,
    5606.0,
    5657.0,
    5694.5,
    5664.0,
    5635.0,
    5724.5,
    5735.0,
    5787.5,
    5759.0,
    5860.5,
    5881.0,
    5848.0,
    5934.0,
    5913.0,
    5789.0,
    5779.0,
    5835.0,
    5809.0,
    5813.0,
    5725.0,
    5625.0,
    5695.5,
    5637.0,
    5693.0,
    5583.5,
    5588.5,
    5782.5,
    5795.5,
    5905.5,
    5908.5,
    5873.0,
    5739.5,
    5758.5,
    5785.5,
    5843.5,
    5805.5,
    5775.0,
    5913.0,
    5919.0,
    5901.5,
    5794.0,
    5697.5,
    5595.5,
    5436.5,
    5370.5,
    4923.5,
    4967.5,
    4805.5,
    4819.0,
    4860.5,
    4965.5,
    4974.0,
    4980.5,
    5115.5,
    5153.5,
    5145.5,
    5157.0,
    5081.5,
    5074.0,
    5085.5,
    5018.0,
    5059.5,
    5110.5,
    5106.0,
    5102.5,
    5002.5,
    4951.0,
    4906.5,
    4844.0,
    4850.0,
    4759.5,
    4733.0,
    4733.0,
    4740.0,
    4941.5,
    4790.0,
    4857.5,
    4909.0,
    4704.5,
    4769.0,
    4749.0,
    4621.0,
    4596.5,
    4687.0,
    4946.2001953125,
    4960.7001953125,
    4932.2001953125,
    4909.39990234375,
    4964.10009765625,
    4960.39990234375,
    5013.7998046875,
    4982.7998046875,
    4929.2001953125,
    4940.7998046875,
    4977.0,
    4980.39990234375,
    4815.10009765625,
    4854.60009765625,
    4862.2001953125,
    4850.2998046875,
    4947.39990234375,
    4933.5,
    4827.2001953125,
    4520.39990234375,
    4392.89990234375,
    4512.7998046875,
    4404.10009765625,
    4236.7001953125,
    4380.39990234375,
    4350.7001953125,
    4251.7001953125,
    4158.2001953125,
    4222.10009765625,
    4287.89990234375,
    4360.60009765625,
    4154.2998046875,
    4149.10009765625,
    3945.300048828125,
    4150.7998046875,
    4294.7001953125,
    4099.5,
    3943.5,
    4180.7998046875,
    4193.5,
    4312.5,
    4268.7998046875,
    4615.5,
    4449.10009765625,
    4554.2001953125,
    4427.2001953125,
    4638.0,
    4608.7001953125,
    4638.39990234375,
    4678.2001953125,
    4693.10009765625,
    4640.89990234375,
    4556.0,
    4523.10009765625,
    4561.2001953125,
    4442.39990234375,
    4345.2001953125,
    4295.2998046875,
    4262.39990234375,
    4238.39990234375,
    4520.2001953125,
    4506.89990234375,
    4522.7001953125,
    4299.39990234375,
    4201.7001953125,
    4255.7998046875,
    4280.5,
    4314.89990234375,
    4275.7001953125,
    4230.2998046875,
    4264.60009765625,
    4403.0,
    4438.60009765625,
    4501.89990234375,
    4480.7998046875,
    4570.0,
    4570.0,
    4405.0,
    4453.2998046875,
    4466.10009765625,
    4512.10009765625,
    4508.7998046875,
    4481.2998046875,
    4359.7001953125,
    4537.60009765625
  ],
  "med": [
    4488.65,
    4543.39,
    4525.15,
    4543.39,
    4525.15
  ],
  "up": [
    4601.78,
    4601.78,
    4612.73,
    4649.22,
    4718.56
  ],
  "lo": [
    4342.68,
    4379.17,
    4448.51,
    4412.02,
    4415.67
  ],
  "ret": -0.27,
  "cone_width_pct": 6.68,
  "asof": "2026-06-09",
  "fundamentals": {
    "mcap_cr": 175967.830016,
    "pe": "N/A",
    "roe": "N/A",
    "de": 8.66462,
    "sales_growth_yoy": 6.2,
    "hi_52w": 6155.5,
    "lo_52w": 3943.5
  },
  "status": [
    "Data OK",
    "Data as of 2026-06-09"
  ]
}