{
  "code": "INFY",
  "last": 1197.5,
  "hist": [
    1549.183837890625,
    1571.935546875,
    1606.5062255859375,
    1584.345458984375,
    1577.844970703125,
    1599.31640625,
    1615.173583984375,
    1608.2791748046875,
    1593.997802734375,
    1598.429931640625,
    1560.116455078125,
    1557.7525634765625,
    1590.550537109375,
    1591.6339111328125,
    1583.7545166015625,
    1577.6480712890625,
    1582.57275390625,
    1586.2169189453125,
    1594.293212890625,
    1615.96142578125,
    1602.4681396484375,
    1613.9915771484375,
    1609.0670166015625,
    1591.43701171875,
    1570.85205078125,
    1546.623046875,
    1561.6922607421875,
    1583.6561279296875,
    1559.6240234375,
    1562.1846923828125,
    1560.4119873046875,
    1547.2139892578125,
    1550.7596435546875,
    1529.0914306640625,
    1492.84619140625,
    1493.1417236328125,
    1490.8763427734375,
    1496.0965576171875,
    1486.247314453125,
    1447.4412841796875,
    1458.177001953125,
    1438.2816162109375,
    1415.037353515625,
    1415.234375,
    1401.6424560546875,
    1406.66552734375,
    1402.62744140625,
    1405.0897216796875,
    1425.8714599609375,
    1414.1510009765625,
    1418.2877197265625,
    1473.6402587890625,
    1473.8372802734375,
    1465.0714111328125,
    1508.9989013671875,
    1506.53662109375,
    1477.4814453125,
    1447.4412841796875,
    1476.7921142578125,
    1476.1025390625,
    1456.798095703125,
    1440.94091796875,
    1422.8182373046875,
    1411.2947998046875,
    1481.6181640625,
    1509.491455078125,
    1486.9366455078125,
    1502.596923828125,
    1485.6563720703125,
    1488.5126953125,
    1499.4453125,
    1517.370849609375,
    1516.976806640625,
    1476.8905029296875,
    1474.920654296875,
    1472.0643310546875,
    1462.4122314453125,
    1427.053466796875,
    1420.060546875,
    1420.060546875,
    1424.000244140625,
    1424.7880859375,
    1453.744873046875,
    1436.5086669921875,
    1472.4583740234375,
    1486.5428466796875,
    1492.058349609375,
    1470.6854248046875,
    1467.435302734375,
    1452.1690673828125,
    1449.312744140625,
    1419.37109375,
    1438.87255859375,
    1450.19921875,
    1505.4532470703125,
    1502.4000244140625,
    1504.5,
    1500.199951171875,
    1510.4000244140625,
    1493.800048828125,
    1482.300048828125,
    1485.5,
    1467.9000244140625,
    1466.699951171875,
    1476.800048828125,
    1513.5,
    1530.300048828125,
    1551.699951171875,
    1541.800048828125,
    1502.800048828125,
    1507.5999755859375,
    1486.4000244140625,
    1541.0999755859375,
    1536.5,
    1545.0,
    1548.0,
    1530.5999755859375,
    1557.9000244140625,
    1566.4000244140625,
    1560.0999755859375,
    1564.0,
    1561.0,
    1578.699951171875,
    1597.5999755859375,
    1616.199951171875,
    1610.800048828125,
    1599.0,
    1584.800048828125,
    1598.0,
    1598.199951171875,
    1606.800048828125,
    1592.9000244140625,
    1602.0,
    1626.800048828125,
    1638.699951171875,
    1689.5999755859375,
    1668.300048828125,
    1663.4000244140625,
    1656.0999755859375,
    1644.699951171875,
    1621.5999755859375,
    1615.4000244140625,
    1629.800048828125,
    1640.4000244140625,
    1606.4000244140625,
    1612.199951171875,
    1639.0,
    1613.300048828125,
    1614.0999755859375,
    1595.9000244140625,
    1599.0,
    1599.800048828125,
    1599.800048828125,
    1689.800048828125,
    1681.199951171875,
    1658.9000244140625,
    1654.4000244140625,
    1663.5,
    1670.800048828125,
    1682.699951171875,
    1666.5,
    1659.5,
    1641.0,
    1629.4000244140625,
    1656.0,
    1535.800048828125,
    1520.199951171875,
    1507.0999755859375,
    1497.199951171875,
    1497.800048828125,
    1471.9000244140625,
    1386.0,
    1369.0999755859375,
    1365.5999755859375,
    1391.199951171875,
    1373.699951171875,
    1370.5,
    1353.199951171875,
    1327.5,
    1275.5,
    1290.0999755859375,
    1289.0999755859375,
    1300.0999755859375,
    1288.9000244140625,
    1307.4000244140625,
    1305.800048828125,
    1308.4000244140625,
    1315.0,
    1295.5999755859375,
    1276.300048828125,
    1265.800048828125,
    1248.300048828125,
    1249.800048828125,
    1232.9000244140625,
    1267.0999755859375,
    1220.800048828125,
    1255.9000244140625,
    1256.800048828125,
    1278.300048828125,
    1279.0999755859375,
    1269.699951171875,
    1250.5999755859375,
    1275.699951171875,
    1300.800048828125,
    1306.199951171875,
    1339.4000244140625,
    1346.199951171875,
    1331.5999755859375,
    1292.5,
    1276.800048828125,
    1305.300048828125,
    1319.199951171875,
    1318.699951171875,
    1312.5999755859375,
    1313.199951171875,
    1268.5999755859375,
    1240.5999755859375,
    1154.5999755859375,
    1170.300048828125,
    1152.0999755859375,
    1167.5,
    1181.800048828125,
    1181.800048828125,
    1168.4000244140625,
    1178.0999755859375,
    1167.199951171875,
    1162.699951171875,
    1179.199951171875,
    1177.0,
    1140.300048828125,
    1123.0999755859375,
    1095.0,
    1119.0,
    1142.5,
    1196.9000244140625,
    1193.699951171875,
    1181.199951171875,
    1174.5,
    1168.5,
    1167.699951171875,
    1159.9000244140625,
    1159.9000244140625,
    1160.9000244140625,
    1202.5,
    1270.800048828125,
    1222.5999755859375,
    1201.300048828125,
    1197.5
  ],
  "med": [
    1198.21,
    1208.63,
    1208.63,
    1213.84,
    1224.26
  ],
  "up": [
    1221.14,
    1240.93,
    1260.73,
    1261.77,
    1271.15
  ],
  "lo": [
    1177.37,
    1176.33,
    1165.91,
    1173.21,
    1174.25
  ],
  "ret": 2.23,
  "cone_width_pct": 8.09,
  "asof": "2026-06-05",
  "fundamentals": {
    "mcap_cr": 480812.3088896,
    "pe": 15.447451,
    "roe": 31.439,
    "de": 0.09827,
    "sales_growth_yoy": 6.6000000000000005,
    "hi_52w": 1689.800048828125,
    "lo_52w": 1095.0
  },
  "status": [
    "Data OK",
    "Data as of 2026-06-05"
  ]
}