{
  "code": "INFY",
  "last": 1155.300048828125,
  "hist": [
    1538.6402587890625,
    1572.478759765625,
    1550.787353515625,
    1544.424560546875,
    1565.441162109375,
    1580.9625244140625,
    1574.214111328125,
    1560.2352294921875,
    1564.573486328125,
    1527.071533203125,
    1524.7576904296875,
    1556.8609619140625,
    1557.92138671875,
    1550.208984375,
    1544.2318115234375,
    1549.05224609375,
    1552.619140625,
    1560.5244140625,
    1581.733642578125,
    1568.5262451171875,
    1579.8055419921875,
    1574.9853515625,
    1557.728759765625,
    1537.5797119140625,
    1513.8638916015625,
    1528.614013671875,
    1550.1126708984375,
    1526.589599609375,
    1529.095947265625,
    1527.36083984375,
    1514.4423828125,
    1517.9129638671875,
    1496.70361328125,
    1461.2261962890625,
    1461.515380859375,
    1459.2979736328125,
    1464.40771484375,
    1454.76708984375,
    1416.782958984375,
    1427.291259765625,
    1407.8172607421875,
    1385.0654296875,
    1385.2581787109375,
    1371.9542236328125,
    1376.870849609375,
    1372.9183349609375,
    1375.3284912109375,
    1395.6700439453125,
    1384.19775390625,
    1388.2469482421875,
    1442.427001953125,
    1442.619873046875,
    1434.0396728515625,
    1477.0367431640625,
    1474.6265869140625,
    1446.1868896484375,
    1416.782958984375,
    1445.5120849609375,
    1444.837158203125,
    1425.9415283203125,
    1410.4202880859375,
    1392.681396484375,
    1381.402099609375,
    1450.2359619140625,
    1477.518798828125,
    1455.4417724609375,
    1470.7703857421875,
    1454.1885986328125,
    1456.9844970703125,
    1467.685546875,
    1485.2313232421875,
    1484.845703125,
    1445.6083984375,
    1443.6802978515625,
    1440.884521484375,
    1431.436767578125,
    1396.8270263671875,
    1389.982177734375,
    1389.982177734375,
    1393.83837890625,
    1394.609619140625,
    1422.9530029296875,
    1406.0819091796875,
    1441.2701416015625,
    1455.0562744140625,
    1460.4549560546875,
    1439.5347900390625,
    1436.353515625,
    1421.41064453125,
    1418.61474609375,
    1389.307373046875,
    1408.395751953125,
    1419.482421875,
    1473.566162109375,
    1470.57763671875,
    1472.633056640625,
    1468.4241943359375,
    1478.408203125,
    1462.1597900390625,
    1450.9034423828125,
    1454.0355224609375,
    1436.808349609375,
    1435.6336669921875,
    1445.5198974609375,
    1481.4425048828125,
    1497.88671875,
    1518.8333740234375,
    1509.14306640625,
    1470.9691162109375,
    1475.66748046875,
    1454.91650390625,
    1508.4578857421875,
    1503.955322265625,
    1512.2752685546875,
    1515.2117919921875,
    1498.1802978515625,
    1524.902099609375,
    1533.2220458984375,
    1527.055419921875,
    1530.872802734375,
    1527.9364013671875,
    1545.261474609375,
    1563.7611083984375,
    1581.9671630859375,
    1576.681640625,
    1565.1314697265625,
    1551.2322998046875,
    1564.1527099609375,
    1564.348388671875,
    1572.766357421875,
    1559.1607666015625,
    1568.0679931640625,
    1592.3427734375,
    1603.9906005859375,
    1653.8125,
    1632.9637451171875,
    1628.16748046875,
    1621.0220947265625,
    1609.863525390625,
    1587.2528076171875,
    1581.1842041015625,
    1595.2791748046875,
    1605.6546630859375,
    1572.374755859375,
    1578.0518798828125,
    1604.2843017578125,
    1579.128662109375,
    1579.91162109375,
    1562.09716796875,
    1565.1314697265625,
    1565.91455078125,
    1565.91455078125,
    1654.00830078125,
    1645.59033203125,
    1623.7628173828125,
    1619.358154296875,
    1628.265380859375,
    1635.4107666015625,
    1647.05859375,
    1631.2017822265625,
    1624.35009765625,
    1606.241943359375,
    1594.8875732421875,
    1620.9241943359375,
    1503.2701416015625,
    1488.00048828125,
    1475.177978515625,
    1465.4876708984375,
    1466.0750732421875,
    1440.7236328125,
    1356.64306640625,
    1340.1009521484375,
    1336.6751708984375,
    1361.73291015625,
    1344.603515625,
    1341.471435546875,
    1324.5377197265625,
    1299.3822021484375,
    1248.4835205078125,
    1262.7742919921875,
    1261.7955322265625,
    1272.5625,
    1261.5997314453125,
    1279.7078857421875,
    1278.141845703125,
    1280.686767578125,
    1287.14697265625,
    1268.1578369140625,
    1249.2667236328125,
    1238.9891357421875,
    1221.8597412109375,
    1223.3280029296875,
    1206.785888671875,
    1240.261474609375,
    1194.9422607421875,
    1229.2987060546875,
    1230.1796875,
    1251.224365234375,
    1252.00732421875,
    1242.806396484375,
    1224.1109619140625,
    1248.6793212890625,
    1273.247802734375,
    1278.5333251953125,
    1311.0301513671875,
    1317.68603515625,
    1303.395263671875,
    1265.12353515625,
    1249.756103515625,
    1277.6524658203125,
    1291.2579345703125,
    1290.7685546875,
    1284.7977294921875,
    1285.385009765625,
    1241.729736328125,
    1214.32275390625,
    1130.144287109375,
    1145.5118408203125,
    1127.697265625,
    1142.7711181640625,
    1156.768310546875,
    1156.768310546875,
    1143.652099609375,
    1153.1466064453125,
    1142.4774169921875,
    1138.07275390625,
    1154.2232666015625,
    1152.0699462890625,
    1116.1473388671875,
    1099.3115234375,
    1071.8067626953125,
    1095.2984619140625,
    1118.3006591796875,
    1171.5484619140625,
    1168.4161376953125,
    1156.180908203125,
    1149.622802734375,
    1143.75,
    1142.966796875,
    1135.3321533203125,
    1135.3321533203125,
    1136.3109130859375,
    1177.02978515625,
    1243.8831787109375,
    1196.7039794921875,
    1175.855224609375,
    1172.1357421875,
    1162.4453125,
    1155.300048828125
  ],
  "med": [
    1164.97,
    1170.05,
    1170.05,
    1180.23,
    1195.49
  ],
  "up": [
    1190.4,
    1210.75,
    1212.79,
    1222.96,
    1241.27
  ],
  "lo": [
    1149.7,
    1147.67,
    1138.51,
    1148.69,
    1149.7
  ],
  "ret": 3.48,
  "cone_width_pct": 7.93,
  "asof": "2026-06-09",
  "fundamentals": {
    "mcap_cr": 463686.7559424,
    "pe": 15.067755,
    "roe": 31.439,
    "de": 0.09827,
    "sales_growth_yoy": 6.6000000000000005,
    "hi_52w": 1654.00830078125,
    "lo_52w": 1071.8067626953125
  },
  "status": [
    "Data OK",
    "Data as of 2026-06-09"
  ]
}