{
  "code": "ITC",
  "last": 280.70001220703125,
  "hist": [
    403.3765563964844,
    407.14288330078125,
    406.3323974609375,
    401.421875,
    394.6520690917969,
    398.75213623046875,
    397.98931884765625,
    396.5590515136719,
    396.6544189453125,
    399.0858154296875,
    394.6520690917969,
    395.0811767578125,
    396.9881286621094,
    400.7544250488281,
    399.1811828613281,
    397.08349609375,
    395.7962646484375,
    393.7462463378906,
    394.1276550292969,
    393.3648376464844,
    396.7974548339844,
    397.79864501953125,
    399.9440002441406,
    397.46490478515625,
    397.4172058105469,
    399.89630126953125,
    402.47076416015625,
    404.8544921875,
    404.2347106933594,
    403.09051513671875,
    400.5637512207031,
    396.6544189453125,
    395.65325927734375,
    390.8857727050781,
    390.361328125,
    390.8381042480469,
    389.4555358886719,
    388.6450500488281,
    392.79278564453125,
    397.08349609375,
    397.46490478515625,
    394.89044189453125,
    392.8404235839844,
    394.36602783203125,
    395.22418212890625,
    397.46490478515625,
    396.9881286621094,
    394.8427734375,
    392.3160095214844,
    387.4054870605469,
    390.0752868652344,
    387.1671142578125,
    386.69036865234375,
    379.7774963378906,
    380.7787170410156,
    384.59271240234375,
    382.2566223144531,
    390.695068359375,
    386.9764404296875,
    387.8345947265625,
    392.60205078125,
    396.5590515136719,
    388.40667724609375,
    388.5973815917969,
    390.9811096191406,
    393.8415832519531,
    395.74859619140625,
    394.509033203125,
    393.460205078125,
    393.8892822265625,
    390.2659606933594,
    392.4113464355469,
    391.5531921386719,
    388.0252990722656,
    384.4496765136719,
    382.3519592285156,
    381.49383544921875,
    386.26129150390625,
    388.3113098144531,
    382.8763732910156,
    386.7380676269531,
    385.4985046386719,
    382.11358642578125,
    381.2077941894531,
    381.16009521484375,
    381.3031005859375,
    384.0682678222656,
    380.683349609375,
    378.3472595214844,
    381.3031005859375,
    386.3089904785156,
    392.9834289550781,
    393.8415832519531,
    393.6509094238281,
    396.60675048828125,
    397.4172058105469,
    401.0881652832031,
    398.466064453125,
    401.9940185546875,
    399.2765197753906,
    400.8021545410156,
    394.69976806640625,
    389.88458251953125,
    388.5496826171875,
    385.2601318359375,
    386.69036865234375,
    387.929931640625,
    388.07293701171875,
    386.83343505859375,
    389.1694641113281,
    388.1683044433594,
    386.9764404296875,
    384.78338623046875,
    386.59503173828125,
    388.8834228515625,
    384.78338623046875,
    382.1612548828125,
    383.5915222167969,
    385.4985046386719,
    385.4508361816406,
    385.4508361816406,
    382.3043212890625,
    381.875244140625,
    384.3066101074219,
    386.1182861328125,
    383.5915222167969,
    382.399658203125,
    384.4019775390625,
    384.1636047363281,
    381.49383544921875,
    383.5915222167969,
    383.0194091796875,
    381.2077941894531,
    381.7798767089844,
    382.399658203125,
    383.9729309082031,
    388.40667724609375,
    387.6915588378906,
    385.3554992675781,
    383.8775634765625,
    381.9705810546875,
    384.25897216796875,
    346.9295959472656,
    333.77130126953125,
    333.4376220703125,
    326.5248107910156,
    325.3805847167969,
    325.0468444824219,
    321.47125244140625,
    322.6631164550781,
    319.13519287109375,
    319.182861328125,
    319.182861328125,
    313.8909606933594,
    317.7049255371094,
    311.12579345703125,
    309.64788818359375,
    309.7432556152344,
    308.36065673828125,
    303.83154296875,
    306.2153015136719,
    303.7839050292969,
    307.1687927246094,
    300.06524658203125,
    301.924560546875,
    305.5264587402344,
    301.9732666015625,
    317.1595153808594,
    314.23907470703125,
    312.876220703125,
    309.80975341796875,
    309.0309753417969,
    305.4291076660156,
    309.5177307128906,
    316.8188171386719,
    323.6331787109375,
    317.3542175292969,
    318.32769775390625,
    316.7701416015625,
    314.9205322265625,
    311.2699890136719,
    309.8584289550781,
    305.2830810546875,
    306.548583984375,
    303.6768493652344,
    303.23876953125,
    301.48651123046875,
    297.8846435546875,
    300.8537292480469,
    300.8050842285156,
    296.0350341796875,
    293.455322265625,
    300.0749816894531,
    296.76513671875,
    295.986328125,
    290.0968017578125,
    291.9950866699219,
    282.7470397949219,
    283.52581787109375,
    287.8578186035156,
    286.88433837890625,
    280.0699768066406,
    283.9638977050781,
    285.0834045410156,
    287.0303649902344,
    290.5348815917969,
    294.4288024902344,
    294.9642028808594,
    296.1810607910156,
    290.72955322265625,
    294.0393981933594,
    295.35357666015625,
    298.6634216308594,
    296.9111633300781,
    301.4378356933594,
    297.39788818359375,
    297.20318603515625,
    293.6013488769531,
    295.7916564941406,
    296.3757629394531,
    307.86279296875,
    306.548583984375,
    306.548583984375,
    302.8493957519531,
    303.19012451171875,
    302.4599914550781,
    299.24749755859375,
    299.29620361328125,
    297.7386169433594,
    292.7252197265625,
    296.3757629394531,
    299.0528259277344,
    301.2431640625,
    301.924560546875,
    302.0705871582031,
    299.3935241699219,
    299.8802490234375,
    293.6986999511719,
    295.8890075683594,
    293.6499938964844,
    291.95001220703125,
    291.95001220703125,
    286.8999938964844,
    279.6499938964844,
    283.25,
    277.0,
    280.29998779296875,
    280.70001220703125
  ],
  "med": [
    281.87,
    279.4,
    279.4,
    281.87,
    279.4
  ],
  "up": [
    281.87,
    284.59,
    287.07,
    289.29,
    289.54
  ],
  "lo": [
    276.93,
    276.68,
    274.46,
    271.74,
    274.21
  ],
  "ret": -0.46,
  "cone_width_pct": 5.46,
  "asof": "2026-06-05",
  "fundamentals": {
    "mcap_cr": 351702.1945856,
    "pe": 17.001818,
    "roe": 29.34,
    "de": 0.03292,
    "sales_growth_yoy": -5.0,
    "hi_52w": 407.14288330078125,
    "lo_52w": 277.0
  },
  "status": [
    "Data OK",
    "Data as of 2026-06-05"
  ]
}