{
  "code": "ITC",
  "last": 280.0,
  "hist": [
    407.14288330078125,
    406.3323974609375,
    401.4219055175781,
    394.6520690917969,
    398.7521057128906,
    397.98931884765625,
    396.5590515136719,
    396.6544189453125,
    399.0858154296875,
    394.6520690917969,
    395.0811462402344,
    396.9881591796875,
    400.7544250488281,
    399.18115234375,
    397.08349609375,
    395.7962646484375,
    393.74627685546875,
    394.1276550292969,
    393.3648376464844,
    396.79742431640625,
    397.7986145019531,
    399.9440002441406,
    397.46490478515625,
    397.4172058105469,
    399.8962707519531,
    402.4707336425781,
    404.8544616699219,
    404.2347106933594,
    403.09051513671875,
    400.5637512207031,
    396.6544189453125,
    395.65325927734375,
    390.8857727050781,
    390.361328125,
    390.83807373046875,
    389.45550537109375,
    388.6450500488281,
    392.79278564453125,
    397.08349609375,
    397.46490478515625,
    394.89044189453125,
    392.8404235839844,
    394.36602783203125,
    395.22418212890625,
    397.46490478515625,
    396.9881591796875,
    394.8427734375,
    392.3160095214844,
    387.4054870605469,
    390.0753173828125,
    387.1671142578125,
    386.69036865234375,
    379.77752685546875,
    380.7787170410156,
    384.5926818847656,
    382.2566223144531,
    390.695068359375,
    386.9764404296875,
    387.8345947265625,
    392.6020812988281,
    396.5590515136719,
    388.40667724609375,
    388.5973815917969,
    390.9811096191406,
    393.8415832519531,
    395.74859619140625,
    394.5090637207031,
    393.4601745605469,
    393.8892822265625,
    390.2659912109375,
    392.4113464355469,
    391.55322265625,
    388.0252990722656,
    384.4496765136719,
    382.35198974609375,
    381.49383544921875,
    386.2613220214844,
    388.3113098144531,
    382.87640380859375,
    386.7380676269531,
    385.4985046386719,
    382.11358642578125,
    381.2077941894531,
    381.16009521484375,
    381.3031311035156,
    384.0682373046875,
    380.683349609375,
    378.3472900390625,
    381.3031311035156,
    386.3089599609375,
    392.98345947265625,
    393.8415832519531,
    393.6509094238281,
    396.60675048828125,
    397.4172058105469,
    401.0881652832031,
    398.466064453125,
    401.9940185546875,
    399.2765197753906,
    400.8021240234375,
    394.69976806640625,
    389.88458251953125,
    388.5497131347656,
    385.2601318359375,
    386.69036865234375,
    387.929931640625,
    388.07293701171875,
    386.8334045410156,
    389.1694641113281,
    388.1683044433594,
    386.9764404296875,
    384.78338623046875,
    386.59503173828125,
    388.8834228515625,
    384.78338623046875,
    382.1612854003906,
    383.5915222167969,
    385.4985046386719,
    385.4508361816406,
    385.4508361816406,
    382.3043212890625,
    381.8752136230469,
    384.3066101074219,
    386.1182861328125,
    383.5915222167969,
    382.3996276855469,
    384.4019775390625,
    384.16363525390625,
    381.49383544921875,
    383.5915222167969,
    383.0194091796875,
    381.2077941894531,
    381.7798767089844,
    382.3996276855469,
    383.9729309082031,
    388.40667724609375,
    387.6915588378906,
    385.35546875,
    383.8775634765625,
    381.9705810546875,
    384.25897216796875,
    346.9295959472656,
    333.7713317871094,
    333.4376220703125,
    326.5248107910156,
    325.38055419921875,
    325.0468444824219,
    321.4712219238281,
    322.6630859375,
    319.13519287109375,
    319.182861328125,
    319.182861328125,
    313.8909606933594,
    317.7049255371094,
    311.12579345703125,
    309.64788818359375,
    309.7432556152344,
    308.3606872558594,
    303.8315734863281,
    306.2153015136719,
    303.7839050292969,
    307.1687927246094,
    300.06524658203125,
    301.924560546875,
    305.5264587402344,
    301.9732666015625,
    317.1595153808594,
    314.23907470703125,
    312.876220703125,
    309.80975341796875,
    309.0309753417969,
    305.4291076660156,
    309.5177307128906,
    316.8188171386719,
    323.6331787109375,
    317.3542175292969,
    318.32769775390625,
    316.7701416015625,
    314.9205322265625,
    311.2699890136719,
    309.8584289550781,
    305.2830810546875,
    306.548583984375,
    303.6768493652344,
    303.23876953125,
    301.48651123046875,
    297.8846435546875,
    300.8537292480469,
    300.8050842285156,
    296.0350341796875,
    293.455322265625,
    300.0749816894531,
    296.76513671875,
    295.986328125,
    290.0968017578125,
    291.9950866699219,
    282.7470397949219,
    283.52581787109375,
    287.8578186035156,
    286.88433837890625,
    280.0699768066406,
    283.9638977050781,
    285.0834045410156,
    287.0303649902344,
    290.5348815917969,
    294.4288024902344,
    294.9642028808594,
    296.1810607910156,
    290.72955322265625,
    294.0393981933594,
    295.35357666015625,
    298.6634216308594,
    296.9111633300781,
    301.4378356933594,
    297.39788818359375,
    297.20318603515625,
    293.6013488769531,
    295.7916564941406,
    296.3757629394531,
    307.86279296875,
    306.548583984375,
    306.548583984375,
    302.8493957519531,
    303.19012451171875,
    302.4599914550781,
    299.24749755859375,
    299.29620361328125,
    297.7386169433594,
    292.7252197265625,
    296.3757629394531,
    299.0528259277344,
    301.2431640625,
    301.924560546875,
    302.0705871582031,
    299.3935241699219,
    299.8802490234375,
    293.6986999511719,
    295.8890075683594,
    293.6499938964844,
    291.95001220703125,
    291.95001220703125,
    286.8999938964844,
    279.6499938964844,
    283.25,
    277.0,
    280.29998779296875,
    280.70001220703125,
    279.45001220703125,
    280.0
  ],
  "med": [
    280.82,
    280.82,
    279.58,
    280.82,
    280.82
  ],
  "up": [
    283.53,
    283.53,
    285.99,
    288.21,
    290.67
  ],
  "lo": [
    278.11,
    275.64,
    273.43,
    273.43,
    273.18
  ],
  "ret": 0.29,
  "cone_width_pct": 6.25,
  "asof": "2026-06-09",
  "fundamentals": {
    "mcap_cr": 354333.360128,
    "pe": 17.118643,
    "roe": 29.34,
    "de": 0.03292,
    "sales_growth_yoy": -5.0,
    "hi_52w": 407.14288330078125,
    "lo_52w": 277.0
  },
  "status": [
    "Data OK",
    "Data as of 2026-06-09"
  ]
}