{
  "code": "JIOFIN",
  "last": 236.88999938964844,
  "hist": [
    303.77630615234375,
    302.32855224609375,
    302.1788024902344,
    295.5391540527344,
    293.5921630859375,
    293.6920166015625,
    289.3487854003906,
    287.70135498046875,
    283.6576843261719,
    293.7918701171875,
    292.6935729980469,
    300.3316650390625,
    302.8277587890625,
    312.0134582519531,
    322.9464111328125,
    326.24127197265625,
    329.08685302734375,
    326.1913757324219,
    324.5439147949219,
    324.444091796875,
    327.53924560546875,
    328.3380126953125,
    329.3364562988281,
    331.1336364746094,
    325.292724609375,
    318.6031799316406,
    320.6999206542969,
    319.0524597167969,
    317.6546630859375,
    316.356689453125,
    316.7560729980469,
    310.31610107421875,
    313.96044921875,
    315.9573059082031,
    310.7654113769531,
    306.8714904785156,
    320.6000671386719,
    319.8013000488281,
    328.73736572265625,
    328.98699951171875,
    333.380126953125,
    332.331787109375,
    326.04156494140625,
    324.99322509765625,
    320.6499938964844,
    327.75,
    327.0,
    330.6000061035156,
    327.3999938964844,
    329.3500061035156,
    331.29998779296875,
    328.45001220703125,
    323.8500061035156,
    320.6000061035156,
    319.70001220703125,
    315.75,
    310.1000061035156,
    311.70001220703125,
    314.04998779296875,
    311.75,
    313.70001220703125,
    309.45001220703125,
    309.3999938964844,
    311.1000061035156,
    307.95001220703125,
    310.04998779296875,
    310.70001220703125,
    311.20001220703125,
    315.3500061035156,
    315.45001220703125,
    315.8500061035156,
    317.3500061035156,
    317.0,
    313.8500061035156,
    312.54998779296875,
    306.75,
    301.6000061035156,
    295.8500061035156,
    294.20001220703125,
    293.20001220703125,
    300.04998779296875,
    301.70001220703125,
    306.25,
    309.8999938964844,
    304.6499938964844,
    307.3500061035156,
    308.1499938964844,
    308.45001220703125,
    305.6000061035156,
    312.6499938964844,
    312.1000061035156,
    309.29998779296875,
    310.70001220703125,
    311.79998779296875,
    309.04998779296875,
    305.95001220703125,
    305.54998779296875,
    307.95001220703125,
    309.75,
    309.79998779296875,
    306.79998779296875,
    306.79998779296875,
    301.8999938964844,
    298.1000061035156,
    299.29998779296875,
    301.95001220703125,
    304.8999938964844,
    309.5,
    310.70001220703125,
    314.8999938964844,
    312.0,
    305.95001220703125,
    304.45001220703125,
    308.3500061035156,
    303.54998779296875,
    299.8500061035156,
    300.79998779296875,
    308.0,
    306.45001220703125,
    306.20001220703125,
    304.75,
    304.8500061035156,
    301.0,
    302.25,
    303.75,
    297.20001220703125,
    293.20001220703125,
    290.8500061035156,
    298.45001220703125,
    300.75,
    299.6000061035156,
    295.25,
    293.1499938964844,
    292.29998779296875,
    296.95001220703125,
    298.75,
    298.70001220703125,
    298.8999938964844,
    296.95001220703125,
    293.95001220703125,
    292.5,
    294.95001220703125,
    295.70001220703125,
    301.70001220703125,
    300.3999938964844,
    298.54998779296875,
    303.5,
    293.54998779296875,
    287.25,
    288.25,
    284.6000061035156,
    287.0,
    287.0,
    278.79998779296875,
    275.6499938964844,
    265.5,
    263.25,
    262.6000061035156,
    252.89999389648438,
    256.04998779296875,
    255.1999969482422,
    254.5,
    254.5,
    244.10000610351562,
    263.8999938964844,
    268.0,
    269.95001220703125,
    268.1000061035156,
    269.25,
    270.20001220703125,
    270.29998779296875,
    267.54998779296875,
    263.95001220703125,
    262.54998779296875,
    262.29998779296875,
    264.1000061035156,
    258.6000061035156,
    258.6000061035156,
    257.79998779296875,
    255.25,
    256.95001220703125,
    256.1499938964844,
    255.39999389648438,
    249.0,
    241.3000030517578,
    243.10000610351562,
    239.35000610351562,
    232.25,
    236.0,
    238.6999969482422,
    242.1999969482422,
    235.25,
    234.35000610351562,
    237.60000610351562,
    248.1999969482422,
    239.4499969482422,
    239.3000030517578,
    226.10000610351562,
    232.6999969482422,
    237.35000610351562,
    232.5500030517578,
    224.10000610351562,
    231.92999267578125,
    229.47999572753906,
    235.30999755859375,
    235.3300018310547,
    246.86000061035156,
    238.83999633789062,
    243.1999969482422,
    237.67999267578125,
    242.66000366210938,
    241.27000427246094,
    243.86000061035156,
    237.14999389648438,
    234.75,
    238.50999450683594,
    248.66000366210938,
    245.72999572753906,
    253.63999938964844,
    250.80999755859375,
    250.7100067138672,
    246.3699951171875,
    246.3699951171875,
    252.74000549316406,
    248.4499969482422,
    252.44000244140625,
    251.02000427246094,
    249.33999633789062,
    240.3300018310547,
    230.47000122070312,
    231.4499969482422,
    234.1300048828125,
    233.05999755859375,
    232.6300048828125,
    233.27999877929688,
    234.6699981689453,
    235.77999877929688,
    238.19000244140625,
    241.74000549316406,
    240.6699981689453,
    242.88999938964844,
    242.88999938964844,
    238.9499969482422,
    234.9499969482422,
    237.63999938964844,
    235.02999877929688,
    235.74000549316406,
    236.88999938964844
  ],
  "med": [
    237.36,
    237.36,
    237.36,
    236.36,
    238.36
  ],
  "up": [
    242.56,
    242.56,
    244.57,
    244.77,
    244.97
  ],
  "lo": [
    234.15,
    234.35,
    230.35,
    230.15,
    229.95
  ],
  "ret": 0.62,
  "cone_width_pct": 6.34,
  "asof": "2026-06-05",
  "fundamentals": {
    "mcap_cr": 151119.5017216,
    "pe": 94.570244,
    "roe": 1.2130001,
    "de": 0.16286,
    "sales_growth_yoy": 39.4,
    "hi_52w": 333.380126953125,
    "lo_52w": 224.10000610351562
  },
  "status": [
    "Data OK",
    "Data as of 2026-06-05"
  ]
}