{
  "code": "JSWSTEEL",
  "last": 1261.699951171875,
  "hist": [
    1000.4060668945312,
    1004.3953247070312,
    992.97607421875,
    984.5986328125,
    1001.1041870117188,
    996.96533203125,
    983.7010498046875,
    993.375,
    1002.8494873046875,
    994.3224487304688,
    1004.2955932617188,
    1021.6986694335938,
    1029.7769775390625,
    1026.1368408203125,
    1017.7593383789062,
    1026.8348388671875,
    1057.0535888671875,
    1043.29052734375,
    1038.603271484375,
    1039.7999267578125,
    1045.0,
    1040.4000244140625,
    1043.300048828125,
    1037.199951171875,
    1038.9000244140625,
    1035.0,
    1029.800048828125,
    1034.199951171875,
    1034.4000244140625,
    1034.800048828125,
    1030.699951171875,
    1033.800048828125,
    1033.800048828125,
    1026.9000244140625,
    1028.800048828125,
    1034.9000244140625,
    1037.9000244140625,
    1048.300048828125,
    1027.800048828125,
    1055.9000244140625,
    1053.4000244140625,
    1052.5999755859375,
    1064.800048828125,
    1049.199951171875,
    1052.699951171875,
    1048.199951171875,
    1053.699951171875,
    1045.5,
    1079.800048828125,
    1073.4000244140625,
    1082.5999755859375,
    1071.800048828125,
    1054.5999755859375,
    1057.800048828125,
    1047.0999755859375,
    1035.800048828125,
    1026.5999755859375,
    1035.5,
    1044.0,
    1072.199951171875,
    1072.4000244140625,
    1073.0999755859375,
    1101.4000244140625,
    1104.5,
    1101.199951171875,
    1099.0,
    1099.0,
    1100.9000244140625,
    1115.199951171875,
    1111.0,
    1121.0999755859375,
    1122.800048828125,
    1117.0,
    1138.4000244140625,
    1149.0999755859375,
    1148.5,
    1130.800048828125,
    1122.199951171875,
    1142.699951171875,
    1146.0999755859375,
    1161.699951171875,
    1159.9000244140625,
    1156.800048828125,
    1145.199951171875,
    1175.199951171875,
    1167.800048828125,
    1161.4000244140625,
    1147.800048828125,
    1160.800048828125,
    1172.0999755859375,
    1163.300048828125,
    1145.199951171875,
    1152.5,
    1138.199951171875,
    1141.4000244140625,
    1150.5999755859375,
    1184.199951171875,
    1207.9000244140625,
    1210.0,
    1206.0,
    1195.0,
    1181.4000244140625,
    1168.800048828125,
    1171.699951171875,
    1179.300048828125,
    1191.5,
    1181.800048828125,
    1183.9000244140625,
    1167.800048828125,
    1175.5,
    1163.0,
    1164.9000244140625,
    1170.0,
    1140.300048828125,
    1106.0,
    1112.0,
    1154.4000244140625,
    1160.5999755859375,
    1160.300048828125,
    1168.4000244140625,
    1162.0,
    1143.5999755859375,
    1150.5999755859375,
    1162.199951171875,
    1119.0999755859375,
    1107.800048828125,
    1096.800048828125,
    1105.4000244140625,
    1125.5,
    1114.800048828125,
    1082.5999755859375,
    1079.300048828125,
    1082.199951171875,
    1079.5999755859375,
    1094.9000244140625,
    1096.800048828125,
    1091.300048828125,
    1094.4000244140625,
    1092.5999755859375,
    1111.5999755859375,
    1164.800048828125,
    1171.5,
    1180.699951171875,
    1185.9000244140625,
    1176.300048828125,
    1189.800048828125,
    1155.9000244140625,
    1158.800048828125,
    1182.699951171875,
    1178.0999755859375,
    1181.800048828125,
    1181.800048828125,
    1187.300048828125,
    1184.0999755859375,
    1160.0,
    1174.5999755859375,
    1184.4000244140625,
    1170.0,
    1222.0,
    1218.699951171875,
    1237.5,
    1214.4000244140625,
    1199.199951171875,
    1229.4000244140625,
    1228.199951171875,
    1239.800048828125,
    1236.199951171875,
    1245.0,
    1244.0999755859375,
    1249.199951171875,
    1247.9000244140625,
    1232.0,
    1248.199951171875,
    1244.5999755859375,
    1251.199951171875,
    1228.4000244140625,
    1235.800048828125,
    1240.5,
    1254.5,
    1275.0,
    1280.5999755859375,
    1264.699951171875,
    1267.300048828125,
    1213.0,
    1248.0999755859375,
    1233.699951171875,
    1192.5999755859375,
    1214.300048828125,
    1178.800048828125,
    1172.5999755859375,
    1119.300048828125,
    1145.5999755859375,
    1167.199951171875,
    1180.300048828125,
    1130.9000244140625,
    1169.5999755859375,
    1109.5999755859375,
    1133.699951171875,
    1156.0,
    1130.300048828125,
    1122.5,
    1140.4000244140625,
    1141.300048828125,
    1133.5999755859375,
    1151.9000244140625,
    1194.300048828125,
    1209.699951171875,
    1214.800048828125,
    1204.199951171875,
    1218.5999755859375,
    1214.9000244140625,
    1240.300048828125,
    1274.5,
    1279.5999755859375,
    1263.4000244140625,
    1257.0,
    1255.699951171875,
    1282.699951171875,
    1281.5999755859375,
    1279.699951171875,
    1264.5,
    1264.5,
    1266.5999755859375,
    1252.4000244140625,
    1273.300048828125,
    1283.4000244140625,
    1277.800048828125,
    1262.5999755859375,
    1252.300048828125,
    1274.9000244140625,
    1296.9000244140625,
    1278.800048828125,
    1292.800048828125,
    1285.199951171875,
    1283.199951171875,
    1281.300048828125,
    1285.5,
    1289.4000244140625,
    1293.5999755859375,
    1309.300048828125,
    1309.300048828125,
    1278.0,
    1299.4000244140625,
    1310.800048828125,
    1312.9000244140625,
    1301.0999755859375,
    1284.0,
    1260.699951171875,
    1261.699951171875
  ],
  "med": [
    1260.37,
    1260.37,
    1269.12,
    1264.74,
    1264.74
  ],
  "up": [
    1278.75,
    1287.5,
    1305.88,
    1289.25,
    1305.01
  ],
  "lo": [
    1233.24,
    1206.98,
    1214.86,
    1206.98,
    1206.98
  ],
  "ret": 0.24,
  "cone_width_pct": 7.77,
  "asof": "2026-06-09",
  "fundamentals": {
    "mcap_cr": 309936.2066432,
    "pe": 13.920194,
    "roe": 27.261000000000003,
    "de": 0.94155,
    "sales_growth_yoy": 14.2,
    "hi_52w": 1312.9000244140625,
    "lo_52w": 983.7010498046875
  },
  "status": [
    "Data OK",
    "Data as of 2026-06-09"
  ]
}