{
  "code": "KOTAKBANK",
  "last": 388.1000061035156,
  "hist": [
    428.5658874511719,
    424.8701171875,
    420.99462890625,
    427.30731201171875,
    426.8678283691406,
    425.9888610839844,
    428.78564453125,
    433.4602355957031,
    436.31695556640625,
    444.2078552246094,
    439.1536865234375,
    440.27239990234375,
    441.0714416503906,
    432.2016906738281,
    436.2170715332031,
    433.3204040527344,
    424.8302001953125,
    425.4694519042969,
    429.46484375,
    444.38763427734375,
    445.3465270996094,
    440.2524108886719,
    443.6085510253906,
    440.2524108886719,
    437.11602783203125,
    435.3780212402344,
    433.6600036621094,
    428.1000061035156,
    433.0400085449219,
    432.0400085449219,
    434.0799865722656,
    428.4200134277344,
    424.9200134277344,
    393.32000732421875,
    394.5400085449219,
    391.94000244140625,
    395.7200012207031,
    398.4800109863281,
    399.3999938964844,
    400.6000061035156,
    400.4800109863281,
    398.4200134277344,
    390.5400085449219,
    395.17999267578125,
    391.79998779296875,
    397.5400085449219,
    395.6400146484375,
    400.2799987792969,
    405.9800109863281,
    403.5,
    403.55999755859375,
    397.32000732421875,
    396.6600036621094,
    393.1400146484375,
    388.94000244140625,
    392.05999755859375,
    393.7200012207031,
    388.5,
    392.0400085449219,
    389.94000244140625,
    389.1000061035156,
    390.0199890136719,
    392.0799865722656,
    394.6600036621094,
    394.4599914550781,
    394.4599914550781,
    394.1600036621094,
    404.3399963378906,
    410.05999755859375,
    410.9200134277344,
    406.20001220703125,
    404.3399963378906,
    409.5400085449219,
    406.260009765625,
    402.70001220703125,
    398.9599914550781,
    398.32000732421875,
    398.5400085449219,
    412.6600036621094,
    420.1000061035156,
    429.20001220703125,
    425.3800048828125,
    423.55999755859375,
    428.9200134277344,
    430.0199890136719,
    430.4200134277344,
    430.3599853515625,
    429.9200134277344,
    441.0799865722656,
    441.1600036621094,
    442.760009765625,
    439.3999938964844,
    445.1199951171875,
    437.3999938964844,
    429.7200012207031,
    432.1600036621094,
    430.1000061035156,
    427.44000244140625,
    420.44000244140625,
    422.70001220703125,
    419.32000732421875,
    416.6400146484375,
    417.6600036621094,
    418.5400085449219,
    417.3800048828125,
    416.8999938964844,
    415.0400085449219,
    415.94000244140625,
    420.5799865722656,
    418.6199951171875,
    421.17999267578125,
    419.739990234375,
    417.55999755859375,
    417.4599914550781,
    413.9800109863281,
    420.760009765625,
    422.0400085449219,
    424.8800048828125,
    429.5199890136719,
    428.4800109863281,
    429.2200012207031,
    427.0799865722656,
    430.9800109863281,
    426.32000732421875,
    425.5400085449219,
    425.8999938964844,
    436.0400085449219,
    435.32000732421875,
    436.260009765625,
    436.4800109863281,
    434.6400146484375,
    432.9200134277344,
    431.8999938964844,
    429.94000244140625,
    432.5400085449219,
    432.739990234375,
    432.8399963378906,
    431.7200012207031,
    430.5400085449219,
    440.2200012207031,
    443.55999755859375,
    439.0199890136719,
    438.17999267578125,
    429.2799987792969,
    428.79998779296875,
    426.6000061035156,
    425.3599853515625,
    426.6600036621094,
    426.5199890136719,
    421.0,
    421.0,
    418.20001220703125,
    426.8999938964844,
    423.79998779296875,
    421.6000061035156,
    426.0,
    422.79998779296875,
    408.70001220703125,
    412.3999938964844,
    412.3999938964844,
    408.0,
    408.20001220703125,
    415.79998779296875,
    412.3500061035156,
    408.75,
    422.3500061035156,
    428.79998779296875,
    429.29998779296875,
    429.54998779296875,
    426.25,
    420.6499938964844,
    425.6000061035156,
    424.45001220703125,
    426.3500061035156,
    416.3999938964844,
    421.3500061035156,
    430.70001220703125,
    427.70001220703125,
    424.95001220703125,
    424.54998779296875,
    415.20001220703125,
    413.1000061035156,
    403.3500061035156,
    407.29998779296875,
    399.79998779296875,
    386.3500061035156,
    391.8500061035156,
    383.20001220703125,
    375.29998779296875,
    366.8500061035156,
    369.8500061035156,
    374.20001220703125,
    375.3999938964844,
    368.1499938964844,
    366.75,
    356.54998779296875,
    366.8500061035156,
    371.1000061035156,
    366.1499938964844,
    353.3999938964844,
    356.04998779296875,
    358.0,
    360.54998779296875,
    362.95001220703125,
    380.1499938964844,
    371.8999938964844,
    374.54998779296875,
    371.8999938964844,
    382.3999938964844,
    379.1499938964844,
    383.6000061035156,
    379.20001220703125,
    382.1499938964844,
    376.8500061035156,
    370.3999938964844,
    370.8500061035156,
    376.79998779296875,
    377.95001220703125,
    382.0,
    383.29998779296875,
    383.29998779296875,
    371.6499938964844,
    371.3500061035156,
    376.6000061035156,
    379.3999938964844,
    380.79998779296875,
    381.04998779296875,
    376.0,
    377.6499938964844,
    383.20001220703125,
    387.04998779296875,
    391.79998779296875,
    381.95001220703125,
    383.20001220703125,
    380.8500061035156,
    384.1499938964844,
    392.8500061035156,
    388.6499938964844,
    388.70001220703125,
    388.70001220703125,
    384.20001220703125,
    377.3999938964844,
    379.04998779296875,
    381.0,
    381.5,
    377.45001220703125,
    377.1000061035156,
    381.70001220703125,
    388.1000061035156
  ],
  "med": [
    387.77,
    386.28,
    387.77,
    389.27,
    389.27
  ],
  "up": [
    393.74,
    400.0,
    402.99,
    400.0,
    402.69
  ],
  "lo": [
    384.49,
    375.84,
    375.84,
    378.53,
    375.25
  ],
  "ret": 0.3,
  "cone_width_pct": 7.07,
  "asof": "2026-06-10",
  "fundamentals": {
    "mcap_cr": 391244.2052608,
    "pe": 20.265327,
    "roe": 11.389000000000001,
    "de": "N/A",
    "sales_growth_yoy": -11.0,
    "hi_52w": 445.3465270996094,
    "lo_52w": 353.3999938964844
  },
  "status": [
    "Data OK",
    "Data as of 2026-06-10"
  ],
  "calibration": {
    "bias_pct": 0.0,
    "coverage": null,
    "cone_scale": 1.0,
    "n": 0
  },
  "accuracy": {
    "history": [],
    "n": 0,
    "mae_pct": null,
    "directional_accuracy_pct": null,
    "calibration_pct": null
  }
}