{
  "code": "LT",
  "last": 3953.199951171875,
  "hist": [
    3643.314453125,
    3644.205810546875,
    3649.157470703125,
    3569.039794921875,
    3552.699462890625,
    3593.599853515625,
    3587.261962890625,
    3566.6630859375,
    3586.07373046875,
    3626.577880859375,
    3549.03515625,
    3569.93115234375,
    3584.7861328125,
    3624.201171875,
    3643.611572265625,
    3634.302490234375,
    3631.232421875,
    3562.008544921875,
    3548.242919921875,
    3559.830078125,
    3546.757568359375,
    3571.515625,
    3545.073974609375,
    3540.122314453125,
    3506.352294921875,
    3462.08447265625,
    3460.202880859375,
    3469.908203125,
    3440.396484375,
    3431.285400390625,
    3468.91796875,
    3431.08740234375,
    3451.19091796875,
    3443.862548828125,
    3409.59716796875,
    3389.097412109375,
    3461.78759765625,
    3629.64794921875,
    3601.324462890625,
    3552.6005859375,
    3595.976806640625,
    3617.26904296875,
    3593.302734375,
    3606.375244140625,
    3572.7041015625,
    3632.916015625,
    3650.44482421875,
    3657.97119140625,
    3641.432861328125,
    3599.938232421875,
    3578.052001953125,
    3557.55224609375,
    3577.65576171875,
    3561.018310546875,
    3568.247802734375,
    3507.04541015625,
    3525.66357421875,
    3566.16796875,
    3563.593017578125,
    3540.3203125,
    3565.969970703125,
    3557.849365234375,
    3519.2265625,
    3495.458740234375,
    3490.903076171875,
    3515.661376953125,
    3505.4609375,
    3545.173095703125,
    3551.510986328125,
    3632.32177734375,
    3649.8505859375,
    3650.345703125,
    3639.84814453125,
    3609.2470703125,
    3622.220458984375,
    3638.263916015625,
    3609.14794921875,
    3693.425048828125,
    3652.722412109375,
    3623.60693359375,
    3634.797607421875,
    3696.990234375,
    3700.8525390625,
    3693.623046875,
    3693.72216796875,
    3732.740966796875,
    3747.397705078125,
    3733.0380859375,
    3708.081787109375,
    3791.665283203125,
    3824.4453125,
    3802.261962890625,
    3835.23974609375,
    3850.58984375,
    3880.794921875,
    3867.128173828125,
    3885.845703125,
    3934.37158203125,
    3919.81396484375,
    3948.929443359375,
    3991.909423828125,
    3941.9970703125,
    3886.439697265625,
    3844.053955078125,
    3844.945068359375,
    3880.596923828125,
    3916.74365234375,
    3916.34765625,
    3963.7841796875,
    3965.665771484375,
    3988.740478515625,
    3960.912353515625,
    3980.718994140625,
    3998.3466796875,
    3985.967529296875,
    3974.47998046875,
    3958.040283203125,
    4022.708740234375,
    4041.822021484375,
    4030.2353515625,
    4033.80029296875,
    3991.513427734375,
    3949.424560546875,
    3945.067138671875,
    3999.138916015625,
    3958.040283203125,
    3958.832763671875,
    3952.692626953125,
    3965.170654296875,
    4034.69189453125,
    4052.7158203125,
    4024.491455078125,
    4023.104736328125,
    3992.107666015625,
    4034.097412109375,
    4033.008056640625,
    4019.539794921875,
    4014.39013671875,
    4008.15087890625,
    3999.634033203125,
    4012.805419921875,
    4044.000732421875,
    4100.35009765625,
    4123.1279296875,
    4110.25341796875,
    4100.54833984375,
    4116.7900390625,
    3989.43359375,
    3986.2646484375,
    3980.124755859375,
    3849.797607421875,
    3828.40673828125,
    3828.40673828125,
    3819.097412109375,
    3832.367919921875,
    3773.6416015625,
    3730.067138671875,
    3757.10302734375,
    3707.586669921875,
    3751.1611328125,
    3757.301025390625,
    3894.857421875,
    3894.263427734375,
    3883.369873046875,
    3999.733154296875,
    4047.566162109375,
    4023.996337890625,
    4028.749755859375,
    4073.809814453125,
    4128.673828125,
    4130.06005859375,
    4145.41015625,
    4133.5263671875,
    4160.859375,
    4238.40185546875,
    4284.05615234375,
    4239.09521484375,
    4338.22705078125,
    4375.3642578125,
    4218.00146484375,
    4256.9208984375,
    4245.037109375,
    4236.91650390625,
    4027.36328125,
    3845.044189453125,
    3999.634033203125,
    3911.593994140625,
    3804.93603515625,
    3838.5078125,
    3801.667724609375,
    3683.521728515625,
    3405.73486328125,
    3435.8408203125,
    3508.531005859375,
    3573.001220703125,
    3401.278564453125,
    3401.57568359375,
    3310.0693359375,
    3482.782470703125,
    3614.000732421875,
    3529.625,
    3470.205322265625,
    3572.60498046875,
    3578.151123046875,
    3691.642333984375,
    3687.284912109375,
    3967.1513671875,
    3858.512451171875,
    3921.59619140625,
    3916.050537109375,
    4036.87060546875,
    4079.949462890625,
    4056.47900390625,
    4011.815185546875,
    4035.97900390625,
    3982.20458984375,
    4014.88525390625,
    3975.47021484375,
    4014.39013671875,
    3998.643798828125,
    4056.47900390625,
    3975.173095703125,
    3975.173095703125,
    4061.13330078125,
    4015.28125,
    3969.726318359375,
    3984.0859375,
    3936.05517578125,
    3902.0869140625,
    3819.196533203125,
    3877.923095703125,
    3902.284912109375,
    3871.188720703125,
    3879.903564453125,
    3883.07275390625,
    3872.872314453125,
    3890.5,
    3926.60009765625,
    4033.39990234375,
    4037.800048828125,
    4047.5,
    4047.5,
    4076.5,
    4010.800048828125,
    4000.89990234375,
    3953.199951171875,
    3942.10009765625,
    3953.199951171875
  ],
  "med": [
    3946.09,
    3917.5,
    3903.2,
    3903.2,
    3903.2
  ],
  "up": [
    3977.54,
    4006.14,
    4009.0,
    4060.47,
    4063.33
  ],
  "lo": [
    3886.04,
    3831.71,
    3857.45,
    3800.25,
    3803.11
  ],
  "ret": -1.26,
  "cone_width_pct": 6.58,
  "asof": "2026-06-05",
  "fundamentals": {
    "mcap_cr": 543829.1574784,
    "pe": 33.785145,
    "roe": 16.951999,
    "de": 0.9764,
    "sales_growth_yoy": 11.700000000000001,
    "hi_52w": 4375.3642578125,
    "lo_52w": 3310.0693359375
  },
  "status": [
    "Data OK",
    "Data as of 2026-06-05"
  ]
}