{
  "code": "M&M",
  "last": 2990.10009765625,
  "hist": [
    3043.052001953125,
    3056.146728515625,
    2995.13671875,
    2982.0419921875,
    2999.501953125,
    2983.232421875,
    3016.8623046875,
    3070.13427734375,
    3159.02001953125,
    3110.013916015625,
    3124.99365234375,
    3189.872314453125,
    3190.169921875,
    3177.76953125,
    3157.829833984375,
    3150.786376953125,
    3139.97314453125,
    3149.099853515625,
    3162.5,
    3160.199951171875,
    3157.89990234375,
    3176.300048828125,
    3162.39990234375,
    3073.199951171875,
    3092.10009765625,
    3128.60009765625,
    3196.5,
    3195.0,
    3192.39990234375,
    3246.699951171875,
    3257.199951171875,
    3268.800048828125,
    3260.89990234375,
    3246.39990234375,
    3209.800048828125,
    3199.39990234375,
    3208.89990234375,
    3203.10009765625,
    3159.300048828125,
    3200.199951171875,
    3212.199951171875,
    3227.5,
    3211.10009765625,
    3144.199951171875,
    3186.199951171875,
    3236.5,
    3282.199951171875,
    3265.39990234375,
    3383.10009765625,
    3354.0,
    3395.60009765625,
    3375.10009765625,
    3403.0,
    3398.89990234375,
    3330.800048828125,
    3295.300048828125,
    3199.5,
    3315.39990234375,
    3234.5,
    3286.0,
    3481.5,
    3561.300048828125,
    3561.300048828125,
    3696.300048828125,
    3604.39990234375,
    3595.699951171875,
    3589.89990234375,
    3530.300048828125,
    3608.0,
    3633.199951171875,
    3642.199951171875,
    3592.10009765625,
    3584.800048828125,
    3614.60009765625,
    3574.89990234375,
    3530.0,
    3396.5,
    3418.10009765625,
    3427.0,
    3463.39990234375,
    3462.0,
    3472.0,
    3492.800048828125,
    3426.5,
    3442.89990234375,
    3454.89990234375,
    3459.699951171875,
    3459.800048828125,
    3497.199951171875,
    3560.800048828125,
    3647.199951171875,
    3599.10009765625,
    3621.199951171875,
    3623.60009765625,
    3625.0,
    3611.60009765625,
    3579.10009765625,
    3534.699951171875,
    3502.10009765625,
    3487.199951171875,
    3548.89990234375,
    3581.199951171875,
    3618.5,
    3690.199951171875,
    3663.89990234375,
    3749.10009765625,
    3754.300048828125,
    3699.5,
    3698.60009765625,
    3734.89990234375,
    3694.800048828125,
    3722.5,
    3716.699951171875,
    3749.60009765625,
    3690.800048828125,
    3669.300048828125,
    3686.39990234375,
    3681.199951171875,
    3757.300048828125,
    3741.60009765625,
    3716.5,
    3649.39990234375,
    3671.60009765625,
    3717.10009765625,
    3681.699951171875,
    3635.89990234375,
    3630.0,
    3665.199951171875,
    3679.60009765625,
    3608.0,
    3621.0,
    3612.800048828125,
    3586.60009765625,
    3603.60009765625,
    3616.699951171875,
    3625.10009765625,
    3636.699951171875,
    3623.10009765625,
    3592.10009765625,
    3660.300048828125,
    3709.199951171875,
    3761.0,
    3802.39990234375,
    3790.300048828125,
    3785.60009765625,
    3748.800048828125,
    3724.0,
    3677.300048828125,
    3682.0,
    3661.5,
    3649.5,
    3649.5,
    3658.199951171875,
    3657.39990234375,
    3557.5,
    3553.300048828125,
    3573.699951171875,
    3543.39990234375,
    3393.5,
    3449.199951171875,
    3384.39990234375,
    3431.800048828125,
    3463.199951171875,
    3527.89990234375,
    3574.0,
    3572.0,
    3578.0,
    3609.60009765625,
    3675.800048828125,
    3674.89990234375,
    3593.10009765625,
    3533.39990234375,
    3509.699951171875,
    3489.199951171875,
    3530.5,
    3431.800048828125,
    3412.800048828125,
    3447.10009765625,
    3433.199951171875,
    3491.300048828125,
    3484.60009765625,
    3397.39990234375,
    3334.300048828125,
    3264.300048828125,
    3348.0,
    3332.5,
    3187.60009765625,
    3293.699951171875,
    3168.199951171875,
    3031.199951171875,
    2931.10009765625,
    3036.10009765625,
    3128.89990234375,
    3214.60009765625,
    3045.39990234375,
    3066.10009765625,
    2955.800048828125,
    3031.300048828125,
    3128.10009765625,
    3041.300048828125,
    2954.699951171875,
    3031.5,
    3011.699951171875,
    3021.60009765625,
    3006.60009765625,
    3210.10009765625,
    3166.800048828125,
    3259.800048828125,
    3220.199951171875,
    3256.5,
    3222.300048828125,
    3200.199951171875,
    3221.60009765625,
    3247.300048828125,
    3149.699951171875,
    3047.699951171875,
    3038.39990234375,
    3102.39990234375,
    3088.10009765625,
    3152.300048828125,
    3097.5,
    3097.5,
    3106.5,
    3210.800048828125,
    3300.800048828125,
    3370.699951171875,
    3330.39990234375,
    3245.89990234375,
    3176.0,
    3111.800048828125,
    3173.89990234375,
    3123.10009765625,
    3083.699951171875,
    3092.300048828125,
    3122.199951171875,
    3099.0,
    3081.300048828125,
    3139.0,
    3107.300048828125,
    3121.60009765625,
    3121.60009765625,
    3045.60009765625,
    2970.199951171875,
    2998.300048828125,
    3011.10009765625,
    3016.10009765625,
    3040.5,
    2966.0,
    2990.10009765625
  ],
  "med": [
    3010.22,
    3010.22,
    3035.3,
    3035.3,
    3035.3
  ],
  "up": [
    3060.39,
    3062.9,
    3113.07,
    3140.66,
    3165.74
  ],
  "lo": [
    2957.54,
    2934.96,
    2957.54,
    2957.54,
    2907.37
  ],
  "ret": 1.51,
  "cone_width_pct": 8.64,
  "asof": "2026-06-09",
  "fundamentals": {
    "mcap_cr": 354525.0398208,
    "pe": 19.398817,
    "roe": 18.754,
    "de": 1.25066,
    "sales_growth_yoy": 30.9,
    "hi_52w": 3802.39990234375,
    "lo_52w": 2931.10009765625
  },
  "status": [
    "Data OK",
    "Data as of 2026-06-09"
  ]
}