{
  "code": "MARUTI",
  "last": 13050.0,
  "hist": [
    12501.689453125,
    12385.9423828125,
    12318.669921875,
    12257.333984375,
    12275.1416015625,
    12395.8349609375,
    12460.138671875,
    12611.5009765625,
    12668.8798828125,
    12654.0400390625,
    12563.025390625,
    12475.9677734375,
    12630.2978515625,
    12578.8544921875,
    12506.6357421875,
    12267.2265625,
    12308.77734375,
    12486.849609375,
    12615.4580078125,
    12510.5927734375,
    12385.9423828125,
    12281.0771484375,
    12336.4775390625,
    12514.5498046875,
    12439.3642578125,
    12380.0068359375,
    12401.7705078125,
    12429.470703125,
    12342.4130859375,
    12286.0234375,
    12272.173828125,
    12358.2421875,
    12491.796875,
    12422.5458984375,
    12271.1845703125,
    12207.869140625,
    12335.48828125,
    12482.892578125,
    12473.0,
    12302.0,
    12365.0,
    12537.0,
    12524.0,
    12632.0,
    12590.0,
    12597.0,
    12840.0,
    12834.0,
    12936.0,
    14068.0,
    14250.0,
    14221.0,
    14280.0,
    14349.0,
    14452.0,
    14714.0,
    14752.0,
    14791.0,
    14887.0,
    14842.0,
    14927.0,
    14662.0,
    14895.0,
    15258.0,
    15365.0,
    15108.0,
    15095.0,
    15325.0,
    15265.0,
    15573.0,
    15801.0,
    15817.0,
    15864.0,
    15816.0,
    16097.0,
    16249.0,
    16269.0,
    16286.0,
    15984.0,
    16029.0,
    15965.0,
    15806.0,
    15998.0,
    16108.0,
    16012.0,
    15985.0,
    16265.0,
    16323.0,
    16261.0,
    16212.0,
    16298.0,
    16401.0,
    16424.0,
    16396.0,
    16393.0,
    16274.0,
    16388.0,
    16311.0,
    16138.0,
    16206.0,
    16186.0,
    15651.0,
    15374.0,
    15452.0,
    15479.0,
    15583.0,
    15645.0,
    15696.0,
    15749.0,
    15684.0,
    15878.0,
    15930.0,
    15768.0,
    15801.0,
    15977.0,
    15958.0,
    15889.0,
    16156.0,
    15903.0,
    15900.0,
    16097.0,
    16239.0,
    16082.0,
    15994.0,
    16282.0,
    16187.0,
    16020.0,
    16019.0,
    16248.0,
    16522.0,
    16415.0,
    16354.0,
    16398.0,
    16329.0,
    16414.0,
    16649.0,
    16585.0,
    16703.0,
    16596.0,
    16542.0,
    16647.0,
    16697.0,
    16708.0,
    16960.0,
    17155.0,
    17292.0,
    16809.0,
    16664.0,
    16501.0,
    16582.0,
    16426.0,
    16152.0,
    16152.0,
    15859.0,
    16176.0,
    15879.0,
    15770.0,
    15765.0,
    15469.0,
    15245.0,
    14877.0,
    14502.0,
    14599.0,
    14384.0,
    14782.0,
    15071.0,
    15059.0,
    14997.0,
    14978.0,
    15146.0,
    15412.0,
    15326.0,
    15237.0,
    15051.0,
    15179.0,
    15164.0,
    14903.0,
    14977.0,
    15072.0,
    14926.0,
    15070.0,
    15213.0,
    14857.0,
    14388.0,
    14158.0,
    14415.0,
    14159.0,
    13508.0,
    13867.0,
    13497.0,
    13011.0,
    12591.0,
    12757.0,
    12972.0,
    13048.0,
    12599.0,
    12601.0,
    12355.0,
    12464.0,
    12711.0,
    12389.0,
    12306.0,
    12509.0,
    12631.0,
    12688.0,
    12798.0,
    13602.0,
    13589.0,
    13709.0,
    13076.0,
    13289.0,
    13335.0,
    13453.0,
    13450.0,
    13461.0,
    13337.0,
    13160.0,
    13048.0,
    13222.0,
    12892.0,
    13257.0,
    13314.0,
    13314.0,
    13580.0,
    13426.0,
    13722.0,
    13770.0,
    13726.0,
    13483.0,
    13172.0,
    13103.0,
    13075.0,
    13221.0,
    13016.0,
    12956.0,
    13003.0,
    13010.0,
    12987.0,
    13170.0,
    13208.0,
    13364.0,
    13364.0,
    13127.0,
    12946.0,
    13022.0,
    13044.0,
    13064.0,
    13050.0
  ],
  "med": [
    13022.42,
    13077.13,
    13022.42,
    13077.13,
    13022.42
  ],
  "up": [
    13350.72,
    13350.72,
    13471.09,
    13580.52,
    13689.95
  ],
  "lo": [
    12902.05,
    12803.55,
    12792.61,
    12792.61,
    12683.18
  ],
  "ret": -0.21,
  "cone_width_pct": 7.71,
  "asof": "2026-06-05",
  "fundamentals": {
    "mcap_cr": 410295.33696,
    "pe": 27.93296,
    "roe": 14.434,
    "de": 0.00096,
    "sales_growth_yoy": 28.199999999999996,
    "hi_52w": 17292.0,
    "lo_52w": 12207.869140625
  },
  "status": [
    "Data OK",
    "Data as of 2026-06-05"
  ]
}