{
  "code": "MAXHEALTH",
  "last": 1003.0999755859375,
  "hist": [
    1181.136962890625,
    1185.731689453125,
    1200.814208984375,
    1231.3790283203125,
    1245.3629150390625,
    1225.385986328125,
    1180.337890625,
    1161.6595458984375,
    1212.4010009765625,
    1188.828125,
    1196.9188232421875,
    1237.5718994140625,
    1265.0401611328125,
    1277.825439453125,
    1274.529296875,
    1278.2249755859375,
    1283.319091796875,
    1299.9000244140625,
    1298.199951171875,
    1299.5999755859375,
    1295.699951171875,
    1247.4000244140625,
    1251.5999755859375,
    1219.199951171875,
    1249.5999755859375,
    1261.0999755859375,
    1266.199951171875,
    1243.5999755859375,
    1215.699951171875,
    1218.199951171875,
    1218.800048828125,
    1255.4000244140625,
    1267.4000244140625,
    1280.5,
    1257.4000244140625,
    1274.300048828125,
    1264.5999755859375,
    1246.0,
    1246.0,
    1250.4000244140625,
    1273.9000244140625,
    1271.0999755859375,
    1265.9000244140625,
    1245.300048828125,
    1263.300048828125,
    1260.5999755859375,
    1267.0999755859375,
    1220.699951171875,
    1211.5999755859375,
    1229.4000244140625,
    1225.5999755859375,
    1250.0999755859375,
    1234.699951171875,
    1221.4000244140625,
    1183.4000244140625,
    1160.199951171875,
    1154.300048828125,
    1181.199951171875,
    1161.800048828125,
    1162.0,
    1160.199951171875,
    1170.0,
    1149.5999755859375,
    1152.9000244140625,
    1180.699951171875,
    1179.300048828125,
    1184.199951171875,
    1175.4000244140625,
    1158.699951171875,
    1153.800048828125,
    1173.4000244140625,
    1159.699951171875,
    1171.5999755859375,
    1157.0,
    1133.199951171875,
    1137.699951171875,
    1123.4000244140625,
    1112.0,
    1114.699951171875,
    1113.199951171875,
    1069.199951171875,
    1139.699951171875,
    1130.699951171875,
    1144.4000244140625,
    1155.800048828125,
    1156.4000244140625,
    1143.300048828125,
    1161.5,
    1155.800048828125,
    1175.300048828125,
    1202.699951171875,
    1209.5999755859375,
    1204.0,
    1211.0,
    1184.0999755859375,
    1186.4000244140625,
    1179.699951171875,
    1189.5,
    1178.5,
    1147.800048828125,
    1145.9000244140625,
    1138.4000244140625,
    1125.4000244140625,
    1135.300048828125,
    1098.0,
    1095.4000244140625,
    1103.5999755859375,
    1098.0,
    1103.0999755859375,
    1121.5999755859375,
    1116.699951171875,
    1164.4000244140625,
    1168.9000244140625,
    1181.0999755859375,
    1155.800048828125,
    1158.0999755859375,
    1162.5999755859375,
    1161.800048828125,
    1162.800048828125,
    1125.4000244140625,
    1117.5,
    1086.0,
    1083.9000244140625,
    1097.4000244140625,
    1079.4000244140625,
    1074.699951171875,
    1077.0999755859375,
    1087.9000244140625,
    1081.300048828125,
    1085.4000244140625,
    1073.0,
    1031.0999755859375,
    1048.5,
    1075.800048828125,
    1077.5999755859375,
    1075.199951171875,
    1081.4000244140625,
    1074.300048828125,
    1064.0999755859375,
    1040.800048828125,
    1045.0999755859375,
    1049.4000244140625,
    1062.5999755859375,
    1050.5,
    1051.5999755859375,
    1034.699951171875,
    1029.800048828125,
    1017.2000122070312,
    1013.7000122070312,
    1028.199951171875,
    1033.5999755859375,
    1033.5999755859375,
    1037.0,
    1013.5999755859375,
    992.9000244140625,
    1004.2000122070312,
    998.7999877929688,
    991.4000244140625,
    975.5,
    958.5999755859375,
    952.5999755859375,
    956.7999877929688,
    958.0999755859375,
    1003.5,
    1025.449951171875,
    1040.800048828125,
    1039.8499755859375,
    1010.0,
    1021.5,
    1055.1500244140625,
    1062.9000244140625,
    1053.5999755859375,
    1075.8499755859375,
    1076.1500244140625,
    1086.25,
    1081.449951171875,
    1087.9000244140625,
    1083.5999755859375,
    1086.4000244140625,
    1088.0999755859375,
    1109.9000244140625,
    1091.949951171875,
    1083.5999755859375,
    1053.699951171875,
    1058.199951171875,
    1042.0,
    1041.5,
    1043.0999755859375,
    1032.199951171875,
    1020.4000244140625,
    990.0,
    970.5999755859375,
    976.4000244140625,
    979.7999877929688,
    953.0999755859375,
    964.7999877929688,
    956.9000244140625,
    969.2000122070312,
    988.2000122070312,
    975.0999755859375,
    962.2999877929688,
    958.9000244140625,
    944.5999755859375,
    931.5999755859375,
    932.4000244140625,
    941.1500244140625,
    954.9500122070312,
    953.3499755859375,
    951.7000122070312,
    990.0499877929688,
    990.6500244140625,
    1007.6500244140625,
    1011.3499755859375,
    1020.25,
    1005.3499755859375,
    1006.75,
    999.4000244140625,
    1009.8499755859375,
    1004.75,
    1006.5999755859375,
    993.0499877929688,
    993.0499877929688,
    1011.5499877929688,
    1000.4500122070312,
    1015.9000244140625,
    1015.2999877929688,
    1012.5,
    1037.949951171875,
    1017.7000122070312,
    1026.0999755859375,
    1049.550048828125,
    1050.0999755859375,
    1058.550048828125,
    1068.75,
    1075.699951171875,
    1091.0999755859375,
    1023.25,
    1000.8499755859375,
    993.9500122070312,
    993.4500122070312,
    993.4500122070312,
    965.0999755859375,
    938.4500122070312,
    948.7000122070312,
    965.5499877929688,
    966.2000122070312,
    977.25,
    1007.4500122070312,
    1003.0999755859375
  ],
  "med": [
    1008.97,
    1008.97,
    1016.73,
    1016.73,
    1024.49
  ],
  "up": [
    1024.49,
    1040.79,
    1048.56,
    1047.78,
    1048.56
  ],
  "lo": [
    1000.43,
    977.93,
    962.4,
    960.85,
    960.08
  ],
  "ret": 2.13,
  "cone_width_pct": 8.82,
  "asof": "2026-06-09",
  "fundamentals": {
    "mcap_cr": 99066.4851456,
    "pe": 69.01017,
    "roe": 14.333001000000001,
    "de": 0.32366999999999996,
    "sales_growth_yoy": 12.2,
    "hi_52w": 1299.9000244140625,
    "lo_52w": 931.5999755859375
  },
  "status": [
    "Data OK",
    "Data as of 2026-06-09"
  ]
}