{
  "code": "NESTLEIND",
  "last": 1410.4000244140625,
  "hist": [
    1204.1087646484375,
    1198.0670166015625,
    1181.42724609375,
    1177.0692138671875,
    1183.5072021484375,
    1169.73974609375,
    1159.24072265625,
    1148.3951416015625,
    1168.947265625,
    1168.303466796875,
    1171.62158203125,
    1190.7374267578125,
    1204.1087646484375,
    1217.628662109375,
    1220.897216796875,
    1193.5604248046875,
    1182.61572265625,
    1182.813720703125,
    1189.9752197265625,
    1204.5465087890625,
    1202.457763671875,
    1207.3812255859375,
    1194.2520751953125,
    1195.29638671875,
    1190.02490234375,
    1201.662109375,
    1223.394775390625,
    1217.9739990234375,
    1229.4619140625,
    1229.660888671875,
    1215.1890869140625,
    1219.6649169921875,
    1154.8150634765625,
    1131.192626953125,
    1108.6641845703125,
    1105.879150390625,
    1109.75830078125,
    1117.814697265625,
    1132.137451171875,
    1132.5849609375,
    1127.5621337890625,
    1110.6534423828125,
    1111.300048828125,
    1090.6116943359375,
    1099.0660400390625,
    1085.2406005859375,
    1091.009521484375,
    1083.5498046875,
    1137.9560546875,
    1155.1630859375,
    1183.907958984375,
    1173.0665283203125,
    1156.655029296875,
    1146.8082275390625,
    1155.958740234375,
    1156.15771484375,
    1149.990966796875,
    1168.0933837890625,
    1194.4510498046875,
    1188.3837890625,
    1206.088134765625,
    1202.0101318359375,
    1181.32177734375,
    1195.7440185546875,
    1210.9619140625,
    1214.244140625,
    1211.061279296875,
    1205.9886474609375,
    1197.7332763671875,
    1197.832763671875,
    1202.60693359375,
    1188.0853271484375,
    1181.918701171875,
    1162.1256103515625,
    1172.270751953125,
    1167.1981201171875,
    1156.356689453125,
    1146.3109130859375,
    1146.708740234375,
    1160.1363525390625,
    1163.6175537109375,
    1175.35400390625,
    1170.48046875,
    1174.1605224609375,
    1181.42138671875,
    1193.0584716796875,
    1181.7197265625,
    1169.1873779296875,
    1214.8409423828125,
    1269.7445068359375,
    1282.5751953125,
    1278.4971923828125,
    1280.3870849609375,
    1265.9649658203125,
    1275.115478515625,
    1276.110107421875,
    1264.174560546875,
    1266.163818359375,
    1273.0267333984375,
    1264.7713623046875,
    1259.8975830078125,
    1258.206787109375,
    1259.30078125,
    1255.9190673828125,
    1256.1180419921875,
    1261.2901611328125,
    1271.3358154296875,
    1268.3519287109375,
    1264.7713623046875,
    1263.4783935546875,
    1258.30615234375,
    1272.131591796875,
    1272.3304443359375,
    1273.8223876953125,
    1262.3841552734375,
    1256.4163818359375,
    1269.9434814453125,
    1259.5992431640625,
    1254.32763671875,
    1253.830322265625,
    1252.1395263671875,
    1235.2308349609375,
    1235.7281494140625,
    1240.2039794921875,
    1208.2763671875,
    1209.27099609375,
    1202.805908203125,
    1208.4752197265625,
    1231.650146484375,
    1236.822265625,
    1233.937744140625,
    1227.969970703125,
    1226.8759765625,
    1237.7174072265625,
    1250.4486083984375,
    1249.75244140625,
    1252.9351806640625,
    1265.7659912109375,
    1273.126220703125,
    1267.2579345703125,
    1281.083251953125,
    1288.045654296875,
    1272.8277587890625,
    1307.5404052734375,
    1312.81201171875,
    1307.7393798828125,
    1299.8818359375,
    1292.1236572265625,
    1305.352294921875,
    1311.618408203125,
    1300.0806884765625,
    1300.0806884765625,
    1308.83349609375,
    1308.5350341796875,
    1288.7418212890625,
    1276.3089599609375,
    1298.986572265625,
    1286.8521728515625,
    1296.3011474609375,
    1285.4595947265625,
    1280.9837646484375,
    1325.244873046875,
    1301.2742919921875,
    1300.975830078125,
    1296.2015380859375,
    1296.5,
    1303.300048828125,
    1295.5999755859375,
    1308.5999755859375,
    1305.300048828125,
    1305.5,
    1282.5999755859375,
    1289.800048828125,
    1285.300048828125,
    1300.9000244140625,
    1278.5,
    1293.800048828125,
    1315.0999755859375,
    1320.0,
    1323.4000244140625,
    1318.0,
    1291.699951171875,
    1279.699951171875,
    1245.300048828125,
    1250.9000244140625,
    1252.4000244140625,
    1235.800048828125,
    1241.199951171875,
    1233.699951171875,
    1220.800048828125,
    1202.199951171875,
    1213.4000244140625,
    1206.9000244140625,
    1204.800048828125,
    1186.300048828125,
    1193.5999755859375,
    1166.800048828125,
    1183.199951171875,
    1204.0999755859375,
    1193.199951171875,
    1174.800048828125,
    1180.800048828125,
    1191.300048828125,
    1216.0,
    1222.800048828125,
    1213.699951171875,
    1228.699951171875,
    1249.300048828125,
    1226.0999755859375,
    1256.5999755859375,
    1257.4000244140625,
    1285.5999755859375,
    1286.4000244140625,
    1379.9000244140625,
    1395.800048828125,
    1410.5,
    1421.300048828125,
    1417.300048828125,
    1440.0,
    1465.5999755859375,
    1458.5999755859375,
    1458.5999755859375,
    1457.0999755859375,
    1477.800048828125,
    1486.0999755859375,
    1476.0,
    1482.4000244140625,
    1481.9000244140625,
    1468.5999755859375,
    1468.9000244140625,
    1459.5999755859375,
    1430.5,
    1431.699951171875,
    1431.4000244140625,
    1420.0999755859375,
    1406.5,
    1423.0999755859375,
    1413.5999755859375,
    1428.5999755859375,
    1427.5,
    1427.5,
    1421.5,
    1391.800048828125,
    1398.699951171875,
    1391.5,
    1382.9000244140625,
    1386.199951171875,
    1398.9000244140625,
    1410.4000244140625
  ],
  "med": [
    1418.94,
    1414.22,
    1423.65,
    1428.37,
    1423.65
  ],
  "up": [
    1443.45,
    1443.45,
    1451.94,
    1451.94,
    1480.22
  ],
  "lo": [
    1404.8,
    1403.85,
    1403.85,
    1395.37,
    1395.37
  ],
  "ret": 0.94,
  "cone_width_pct": 6.02,
  "asof": "2026-06-09",
  "fundamentals": {
    "mcap_cr": 277349.4530048,
    "pe": 79.070915,
    "roe": 76.338995,
    "de": 0.08621000000000001,
    "sales_growth_yoy": 23.0,
    "hi_52w": 1486.0999755859375,
    "lo_52w": 1083.5498046875
  },
  "status": [
    "Data OK",
    "Data as of 2026-06-09"
  ]
}