{
  "code": "NIFTYCONSUMPTION",
  "last": 11146.099609375,
  "hist": [
    11635.599609375,
    11614.9501953125,
    11451.0,
    11373.849609375,
    11484.5498046875,
    11422.599609375,
    11441.0498046875,
    11450.599609375,
    11620.9501953125,
    11580.599609375,
    11616.900390625,
    11758.75,
    11855.4501953125,
    11870.650390625,
    11842.849609375,
    11830.9501953125,
    11845.9501953125,
    11835.2001953125,
    11776.75,
    11827.849609375,
    11788.349609375,
    11805.0498046875,
    11726.4501953125,
    11621.349609375,
    11665.599609375,
    11750.0,
    11794.849609375,
    11772.2001953125,
    11699.150390625,
    11747.099609375,
    11801.5,
    11839.099609375,
    11781.5498046875,
    11687.7998046875,
    11612.150390625,
    11676.599609375,
    11700.099609375,
    11739.099609375,
    11697.150390625,
    11782.349609375,
    11790.0,
    11747.75,
    11772.9501953125,
    11647.099609375,
    11756.650390625,
    11747.150390625,
    11844.7998046875,
    11839.900390625,
    12089.9501953125,
    12189.7001953125,
    12295.2001953125,
    12258.900390625,
    12196.2998046875,
    12212.7001953125,
    12166.349609375,
    12063.849609375,
    12059.349609375,
    12208.5498046875,
    12213.0,
    12296.900390625,
    12358.7001953125,
    12370.5498046875,
    12431.5,
    12443.849609375,
    12406.599609375,
    12411.400390625,
    12375.5,
    12347.349609375,
    12420.2998046875,
    12443.2998046875,
    12485.099609375,
    12462.650390625,
    12493.150390625,
    12394.2001953125,
    12318.25,
    12243.2998046875,
    12080.150390625,
    12108.349609375,
    12063.25,
    12131.7998046875,
    12144.0,
    12210.2998046875,
    12225.900390625,
    12183.849609375,
    12227.4501953125,
    12285.150390625,
    12264.849609375,
    12228.4501953125,
    12349.25,
    12483.349609375,
    12620.7998046875,
    12639.0498046875,
    12633.900390625,
    12567.099609375,
    12520.25,
    12601.650390625,
    12550.099609375,
    12576.599609375,
    12501.0,
    12415.5498046875,
    12446.0,
    12384.2998046875,
    12325.7998046875,
    12253.2001953125,
    12224.25,
    12320.099609375,
    12389.5,
    12357.150390625,
    12389.099609375,
    12478.25,
    12431.25,
    12481.099609375,
    12499.2998046875,
    12500.25,
    12422.2001953125,
    12405.0,
    12497.900390625,
    12450.349609375,
    12472.150390625,
    12462.4501953125,
    12459.9501953125,
    12325.2001953125,
    12349.650390625,
    12376.150390625,
    12170.5,
    12158.2998046875,
    12075.099609375,
    12139.75,
    12211.900390625,
    12205.0498046875,
    12192.9501953125,
    12136.849609375,
    12103.5,
    12191.25,
    12283.0,
    12282.7998046875,
    12272.2998046875,
    12231.5498046875,
    12183.400390625,
    12182.150390625,
    12289.4501953125,
    12256.5,
    12283.2001953125,
    12274.650390625,
    12249.900390625,
    12156.599609375,
    12027.7998046875,
    12080.9501953125,
    12042.5498046875,
    11989.5498046875,
    11906.650390625,
    11924.7998046875,
    11666.2998046875,
    11662.0,
    11692.150390625,
    11532.7998046875,
    11444.7998046875,
    11457.9501953125,
    11387.150390625,
    11469.0,
    11397.849609375,
    11622.7998046875,
    11787.150390625,
    11717.150390625,
    11799.849609375,
    11873.400390625,
    11945.75,
    12012.400390625,
    11976.5,
    11781.650390625,
    11821.5,
    11858.099609375,
    11913.349609375,
    11675.849609375,
    11710.7001953125,
    11765.5498046875,
    11664.0498046875,
    11703.7001953125,
    11710.5,
    11537.099609375,
    11352.849609375,
    11189.0498046875,
    11310.0498046875,
    11194.4501953125,
    10972.5498046875,
    11134.7001953125,
    10928.599609375,
    10755.099609375,
    10575.0,
    10694.400390625,
    10814.4501953125,
    10941.4501953125,
    10591.7001953125,
    10671.650390625,
    10338.0,
    10533.400390625,
    10765.400390625,
    10559.0498046875,
    10334.349609375,
    10545.0498046875,
    10527.25,
    10655.900390625,
    10704.400390625,
    11092.9501953125,
    11048.2001953125,
    11219.349609375,
    11080.25,
    11269.2998046875,
    11282.5498046875,
    11414.0498046875,
    11444.849609375,
    11589.150390625,
    11557.4501953125,
    11424.849609375,
    11337.099609375,
    11445.5,
    11403.9501953125,
    11519.9501953125,
    11417.2998046875,
    11444.25,
    11457.7998046875,
    11609.5,
    11618.5,
    11638.400390625,
    11434.099609375,
    11197.0498046875,
    11225.5498046875,
    11386.650390625,
    11382.400390625,
    11324.849609375,
    11318.650390625,
    11312.2001953125,
    11312.2001953125,
    11310.25,
    11414.150390625,
    11399.150390625,
    11473.599609375,
    11261.0,
    11084.0,
    11166.7001953125,
    11135.2998046875,
    11185.900390625,
    11193.349609375,
    11083.5,
    11146.099609375
  ],
  "med": [
    11154.29,
    11154.29,
    11154.29,
    11154.29,
    11111.06
  ],
  "up": [
    11327.23,
    11335.88,
    11344.52,
    11500.17,
    11595.28
  ],
  "lo": [
    11145.65,
    10964.07,
    10894.89,
    10972.71,
    10877.6
  ],
  "ret": -0.31,
  "cone_width_pct": 6.44,
  "asof": "2026-06-09",
  "fundamentals": {
    "mcap_cr": "N/A",
    "pe": "N/A",
    "roe": "N/A",
    "de": "N/A",
    "sales_growth_yoy": "N/A",
    "hi_52w": 12639.0498046875,
    "lo_52w": 10334.349609375
  },
  "status": [
    "Low liquidity",
    "Data as of 2026-06-09"
  ]
}