{
  "code": "NIFTYBANK",
  "last": 55100.30078125,
  "hist": [
    56459.75,
    56082.55078125,
    55527.3515625,
    55944.8984375,
    55714.1484375,
    55828.75,
    55577.44921875,
    56252.8515625,
    56059.3515625,
    56461.8984375,
    56621.1484375,
    57206.69921875,
    57443.8984375,
    57312.75,
    57459.44921875,
    56999.19921875,
    56791.94921875,
    57031.8984375,
    56949.19921875,
    57256.30078125,
    57213.55078125,
    56956.0,
    56754.69921875,
    56765.3515625,
    57006.6484375,
    57168.94921875,
    56828.80078125,
    56283.0,
    56952.75,
    56756.0,
    57210.44921875,
    57066.05078125,
    56528.8984375,
    56084.8984375,
    56222.0,
    56150.69921875,
    55961.94921875,
    55617.6015625,
    55619.3515625,
    55360.25,
    55411.1484375,
    55521.1484375,
    55004.8984375,
    55510.75,
    55043.69921875,
    55181.44921875,
    55341.8515625,
    55734.8984375,
    55865.1484375,
    55698.5,
    55755.44921875,
    55149.3984375,
    55139.30078125,
    54450.44921875,
    53820.3515625,
    53655.6484375,
    54002.44921875,
    53661.0,
    54067.55078125,
    54075.44921875,
    54114.55078125,
    54186.8984375,
    54216.1015625,
    54536.0,
    54669.6015625,
    54809.30078125,
    54887.8515625,
    55147.6015625,
    55493.30078125,
    55727.44921875,
    55458.8515625,
    55284.75,
    55509.75,
    55121.5,
    54976.19921875,
    54389.3515625,
    54461.0,
    54635.8515625,
    55347.94921875,
    55589.25,
    56104.8515625,
    56239.3515625,
    56018.25,
    56192.05078125,
    56609.75,
    56625.0,
    56496.44921875,
    56799.8984375,
    57422.55078125,
    57713.3515625,
    58033.19921875,
    58007.19921875,
    58078.05078125,
    57699.6015625,
    58114.25,
    58214.1015625,
    58385.25,
    58031.1015625,
    57776.3515625,
    58101.44921875,
    57827.05078125,
    57554.25,
    57876.80078125,
    57937.55078125,
    58138.1484375,
    58274.6484375,
    58381.94921875,
    58517.55078125,
    58962.69921875,
    58899.25,
    59216.05078125,
    59347.69921875,
    58867.69921875,
    58835.3515625,
    58820.30078125,
    59528.05078125,
    59737.30078125,
    59752.69921875,
    59681.3515625,
    59273.80078125,
    59348.25,
    59288.69921875,
    59777.19921875,
    59238.55078125,
    59222.3515625,
    58960.3984375,
    59209.8515625,
    59389.94921875,
    59461.80078125,
    59034.6015625,
    58926.75,
    58912.8515625,
    59069.19921875,
    59304.0,
    59299.55078125,
    59183.6015625,
    59011.3515625,
    58932.3515625,
    59171.25,
    59581.8515625,
    59711.55078125,
    60150.94921875,
    60044.19921875,
    60118.3984375,
    59990.8515625,
    59686.5,
    59251.55078125,
    59450.5,
    59578.80078125,
    59580.1484375,
    60095.1484375,
    59891.3515625,
    59404.19921875,
    58800.30078125,
    59200.1015625,
    58473.1015625,
    59205.44921875,
    59598.80078125,
    59957.8515625,
    59610.44921875,
    58619.0,
    60041.30078125,
    60238.1484375,
    60063.6484375,
    60120.55078125,
    60669.3515625,
    60626.3984375,
    60745.3515625,
    60739.75,
    60186.6484375,
    60949.1015625,
    61174.0,
    61550.80078125,
    60739.55078125,
    61172.0,
    61264.25,
    61047.30078125,
    61043.3515625,
    61187.69921875,
    60529.0,
    59839.6484375,
    58755.25,
    59055.8515625,
    57783.25,
    56019.80078125,
    56950.80078125,
    55735.75,
    55100.94921875,
    53757.8515625,
    54413.3984375,
    54876.0,
    55326.05078125,
    53451.0,
    53427.05078125,
    51437.75,
    52605.6484375,
    53708.1015625,
    52274.6015625,
    50275.3515625,
    51448.6484375,
    51548.75,
    52609.1015625,
    52716.25,
    55703.8984375,
    54821.69921875,
    55912.75,
    55605.05078125,
    56301.94921875,
    56086.3984375,
    56565.69921875,
    56582.3515625,
    57371.44921875,
    57124.44921875,
    56305.0,
    56089.75,
    56264.30078125,
    55400.3515625,
    55403.6015625,
    54863.3515625,
    54878.5,
    54547.05078125,
    55981.05078125,
    56047.3984375,
    55310.55078125,
    54439.8984375,
    53555.19921875,
    53456.1484375,
    54128.94921875,
    53710.3515625,
    53537.0,
    53409.1484375,
    53562.19921875,
    53439.3984375,
    54055.3515625,
    55293.6484375,
    55092.8984375,
    54853.8515625,
    54239.19921875,
    53643.1015625,
    53714.6484375,
    54185.94921875,
    54307.8515625,
    54496.25,
    54063.75,
    55194.5,
    55100.30078125
  ],
  "med": [
    54960.66,
    54960.66,
    54960.66,
    55380.21,
    55799.75
  ],
  "up": [
    55799.75,
    56638.84,
    56680.8,
    56722.75,
    57100.34
  ],
  "lo": [
    54499.16,
    54079.61,
    53702.02,
    53282.47,
    53240.52
  ],
  "ret": 1.27,
  "cone_width_pct": 7.01,
  "asof": "2026-06-10",
  "fundamentals": {
    "mcap_cr": "N/A",
    "pe": "N/A",
    "roe": "N/A",
    "de": "N/A",
    "sales_growth_yoy": "N/A",
    "hi_52w": 61550.80078125,
    "lo_52w": 50275.3515625
  },
  "status": [
    "Data OK",
    "Data as of 2026-06-10"
  ],
  "calibration": {
    "bias_pct": 0.0,
    "coverage": null,
    "cone_scale": 1.0,
    "n": 0
  },
  "accuracy": {
    "history": [],
    "n": 0,
    "mae_pct": null,
    "directional_accuracy_pct": null,
    "calibration_pct": null
  }
}