{
  "code": "NIFTYPHARMA",
  "last": 24248.05078125,
  "hist": [
    21826.80078125,
    21948.0,
    22057.150390625,
    22036.150390625,
    21985.150390625,
    22039.44921875,
    21622.80078125,
    21588.400390625,
    21441.849609375,
    21613.0,
    21626.19921875,
    21672.099609375,
    21804.80078125,
    21808.19921875,
    21928.599609375,
    22038.69921875,
    22041.25,
    22110.80078125,
    22204.25,
    22384.599609375,
    22365.05078125,
    22165.900390625,
    22208.5,
    22076.80078125,
    22225.900390625,
    22410.349609375,
    22665.69921875,
    22593.900390625,
    22680.349609375,
    22592.75,
    22531.849609375,
    22307.19921875,
    22417.44921875,
    22541.05078125,
    22662.69921875,
    22761.150390625,
    23072.44921875,
    23073.900390625,
    22771.05078125,
    22011.69921875,
    22153.80078125,
    21970.150390625,
    21523.75,
    21684.80078125,
    21402.150390625,
    21604.650390625,
    21753.5,
    22130.30078125,
    22151.849609375,
    22141.150390625,
    22066.75,
    21969.5,
    22177.69921875,
    22265.0,
    22362.80078125,
    21990.0,
    21808.349609375,
    21804.05078125,
    21778.849609375,
    21719.94921875,
    21959.599609375,
    21915.400390625,
    21924.80078125,
    21865.19921875,
    22052.650390625,
    22122.05078125,
    22224.0,
    22341.19921875,
    22198.69921875,
    22264.55078125,
    22241.349609375,
    22574.349609375,
    22686.599609375,
    22365.75,
    22299.099609375,
    22180.69921875,
    21977.69921875,
    21507.19921875,
    21475.30078125,
    21454.25,
    21733.5,
    21756.349609375,
    21779.849609375,
    21875.30078125,
    21707.349609375,
    21936.19921875,
    22218.25,
    22205.099609375,
    22039.25,
    22057.30078125,
    22103.19921875,
    22253.75,
    22439.900390625,
    22515.69921875,
    22481.25,
    22357.349609375,
    22310.400390625,
    22250.900390625,
    22430.69921875,
    22298.19921875,
    22175.400390625,
    22442.599609375,
    22334.44921875,
    22250.55078125,
    22169.80078125,
    22379.849609375,
    22369.599609375,
    22593.400390625,
    22686.80078125,
    22821.05078125,
    22867.599609375,
    22713.650390625,
    22727.650390625,
    22687.55078125,
    22580.94921875,
    22492.44921875,
    22590.94921875,
    22862.349609375,
    22863.0,
    22998.30078125,
    22887.75,
    22905.0,
    22907.849609375,
    22958.94921875,
    22947.150390625,
    22640.69921875,
    22522.849609375,
    22561.5,
    22783.44921875,
    22808.69921875,
    22719.400390625,
    22591.5,
    22612.150390625,
    22557.599609375,
    22751.25,
    22927.900390625,
    22875.099609375,
    22757.400390625,
    22684.650390625,
    22578.30078125,
    22540.05078125,
    22723.650390625,
    22790.900390625,
    22743.400390625,
    23126.849609375,
    23286.25,
    22962.55078125,
    22761.0,
    22668.44921875,
    22562.30078125,
    22505.400390625,
    22217.05078125,
    22136.25,
    21714.30078125,
    21584.400390625,
    21928.0,
    21722.25,
    21788.44921875,
    21739.849609375,
    21564.0,
    21715.099609375,
    21549.55078125,
    22200.25,
    22125.80078125,
    22119.900390625,
    21961.349609375,
    22290.69921875,
    22210.5,
    22434.19921875,
    22386.30078125,
    22194.900390625,
    22403.150390625,
    22494.900390625,
    22541.94921875,
    22429.099609375,
    22452.400390625,
    22578.55078125,
    22632.05078125,
    23051.849609375,
    23301.650390625,
    22952.349609375,
    22956.69921875,
    22672.19921875,
    23005.5,
    22970.19921875,
    22933.75,
    23253.650390625,
    23348.05078125,
    23275.19921875,
    22832.19921875,
    22547.19921875,
    22597.55078125,
    22632.599609375,
    22101.650390625,
    22540.69921875,
    22053.099609375,
    22239.80078125,
    22679.75,
    22565.599609375,
    22232.25,
    22011.599609375,
    21808.400390625,
    21835.349609375,
    21868.69921875,
    21991.19921875,
    22135.400390625,
    22164.849609375,
    22100.099609375,
    22435.650390625,
    22465.0,
    22497.25,
    22456.75,
    22438.44921875,
    22455.44921875,
    22986.349609375,
    22580.099609375,
    23171.849609375,
    23158.150390625,
    23260.849609375,
    23267.69921875,
    23475.55078125,
    23568.94921875,
    24110.30078125,
    24135.5,
    24110.30078125,
    24170.44921875,
    23840.900390625,
    23896.05078125,
    24551.05078125,
    24634.80078125,
    24762.849609375,
    24867.400390625,
    24843.150390625,
    24890.900390625,
    24573.94921875,
    24674.69921875,
    24659.19921875,
    24716.0,
    24345.80078125,
    24214.25,
    24006.30078125,
    24086.599609375,
    24177.94921875,
    24248.05078125
  ],
  "med": [
    24288.62,
    24288.62,
    24288.62,
    24288.62,
    24288.62
  ],
  "up": [
    24471.63,
    24787.72,
    24804.35,
    24804.35,
    24804.35
  ],
  "lo": [
    23922.63,
    23723.01,
    23889.36,
    23573.28,
    22941.11
  ],
  "ret": 0.17,
  "cone_width_pct": 7.68,
  "asof": "2026-06-05",
  "fundamentals": {
    "mcap_cr": "N/A",
    "pe": "N/A",
    "roe": "N/A",
    "de": "N/A",
    "sales_growth_yoy": "N/A",
    "hi_52w": 24890.900390625,
    "lo_52w": 21402.150390625
  },
  "status": [
    "Data OK",
    "Data as of 2026-06-05"
  ]
}