{
  "code": "NIFTYINFRA",
  "last": 9061.2001953125,
  "hist": [
    9163.2001953125,
    9035.849609375,
    8971.9501953125,
    9068.900390625,
    9025.9501953125,
    8994.599609375,
    8975.099609375,
    9130.5498046875,
    9083.7998046875,
    9120.650390625,
    9205.5,
    9355.7998046875,
    9438.7001953125,
    9409.349609375,
    9451.25,
    9429.0498046875,
    9399.7001953125,
    9433.9501953125,
    9455.0498046875,
    9481.2998046875,
    9419.7001953125,
    9360.25,
    9256.75,
    9251.2998046875,
    9287.599609375,
    9299.400390625,
    9265.9501953125,
    9216.900390625,
    9197.2998046875,
    9141.5498046875,
    9209.7998046875,
    9160.2998046875,
    9066.5,
    8995.650390625,
    9105.4501953125,
    9151.0,
    9066.2001953125,
    8969.650390625,
    9058.5,
    9042.900390625,
    9018.7998046875,
    8996.0,
    8879.099609375,
    8977.2998046875,
    8972.2998046875,
    9025.900390625,
    8991.4501953125,
    9051.25,
    9133.0,
    9159.75,
    9173.4501953125,
    9106.25,
    9110.400390625,
    8969.4501953125,
    8904.7001953125,
    8873.099609375,
    8947.0,
    8963.4501953125,
    8985.4501953125,
    8937.5498046875,
    8955.349609375,
    8971.2998046875,
    8965.25,
    8992.9501953125,
    9042.7001953125,
    9074.0,
    9097.599609375,
    9190.650390625,
    9224.25,
    9230.0,
    9237.5,
    9208.9501953125,
    9192.099609375,
    9148.650390625,
    9078.5498046875,
    9039.900390625,
    9051.849609375,
    9007.2001953125,
    9023.0498046875,
    9072.849609375,
    9115.849609375,
    9149.5,
    9091.5498046875,
    9152.5498046875,
    9182.7998046875,
    9174.5,
    9134.5,
    9227.099609375,
    9305.349609375,
    9338.5498046875,
    9461.75,
    9465.7998046875,
    9413.849609375,
    9396.9501953125,
    9531.2001953125,
    9545.5,
    9661.849609375,
    9608.650390625,
    9566.150390625,
    9592.7998046875,
    9551.4501953125,
    9488.7998046875,
    9393.599609375,
    9421.150390625,
    9494.5,
    9559.650390625,
    9600.2998046875,
    9619.0,
    9651.099609375,
    9620.0,
    9637.400390625,
    9692.2998046875,
    9661.4501953125,
    9589.2998046875,
    9589.5498046875,
    9698.25,
    9682.0,
    9653.900390625,
    9630.75,
    9587.9501953125,
    9509.5,
    9501.2001953125,
    9540.650390625,
    9427.150390625,
    9430.849609375,
    9405.650390625,
    9440.25,
    9551.5498046875,
    9549.349609375,
    9508.900390625,
    9495.5498046875,
    9463.2001953125,
    9557.2001953125,
    9630.900390625,
    9615.7001953125,
    9587.4501953125,
    9564.4501953125,
    9518.5498046875,
    9505.650390625,
    9616.349609375,
    9765.75,
    9726.650390625,
    9611.599609375,
    9563.2001953125,
    9383.349609375,
    9303.2998046875,
    9332.7998046875,
    9226.5498046875,
    9258.349609375,
    9252.400390625,
    9168.75,
    9003.25,
    9015.5,
    9079.650390625,
    8926.0498046875,
    8983.7998046875,
    9083.75,
    9160.650390625,
    9153.2001953125,
    9125.25,
    9402.099609375,
    9549.4501953125,
    9502.400390625,
    9541.0,
    9614.2998046875,
    9636.9501953125,
    9682.099609375,
    9663.2998046875,
    9542.5,
    9654.0498046875,
    9665.900390625,
    9733.4501953125,
    9559.0498046875,
    9632.25,
    9714.2998046875,
    9644.5498046875,
    9615.4501953125,
    9646.25,
    9532.650390625,
    9320.099609375,
    9117.7998046875,
    9319.7001953125,
    9237.0498046875,
    9095.7998046875,
    9139.900390625,
    9039.25,
    8995.400390625,
    8768.400390625,
    8775.650390625,
    8864.2001953125,
    8966.75,
    8716.5498046875,
    8800.150390625,
    8573.900390625,
    8734.2001953125,
    8887.5498046875,
    8720.400390625,
    8560.9501953125,
    8669.099609375,
    8630.099609375,
    8668.7001953125,
    8707.5,
    9067.2998046875,
    8999.099609375,
    9116.75,
    9044.0498046875,
    9226.150390625,
    9233.599609375,
    9311.5,
    9319.75,
    9352.099609375,
    9360.150390625,
    9318.25,
    9242.0,
    9376.9501953125,
    9418.599609375,
    9494.349609375,
    9419.349609375,
    9470.9501953125,
    9443.0,
    9482.2001953125,
    9512.9501953125,
    9497.7998046875,
    9315.650390625,
    9153.4501953125,
    9238.099609375,
    9368.650390625,
    9327.849609375,
    9306.9501953125,
    9276.650390625,
    9355.4501953125,
    9381.2998046875,
    9359.5,
    9460.2001953125,
    9418.2998046875,
    9499.0,
    9353.0498046875,
    9237.150390625,
    9226.650390625,
    9219.150390625,
    9209.150390625,
    9182.25,
    9087.5498046875,
    9122.349609375,
    9061.2001953125
  ],
  "med": [
    9090.22,
    9090.22,
    9124.39,
    9124.39,
    9158.56
  ],
  "up": [
    9247.42,
    9302.09,
    9295.26,
    9302.09,
    9363.61
  ],
  "lo": [
    8953.52,
    8885.17,
    8953.52,
    8946.69,
    9001.37
  ],
  "ret": 1.07,
  "cone_width_pct": 4.0,
  "asof": "2026-06-10",
  "fundamentals": {
    "mcap_cr": "N/A",
    "pe": "N/A",
    "roe": "N/A",
    "de": "N/A",
    "sales_growth_yoy": "N/A",
    "hi_52w": 9765.75,
    "lo_52w": 8560.9501953125
  },
  "status": [
    "Data OK",
    "Data as of 2026-06-10"
  ],
  "calibration": {
    "bias_pct": 0.0,
    "coverage": null,
    "cone_scale": 1.0,
    "n": 0
  },
  "accuracy": {
    "history": [],
    "n": 0,
    "mae_pct": null,
    "directional_accuracy_pct": null,
    "calibration_pct": null
  }
}