{
  "code": "NIFTYMETAL",
  "last": 13221.650390625,
  "hist": [
    9477.0,
    9509.7001953125,
    9495.7998046875,
    9348.5,
    9258.7998046875,
    9358.25,
    9224.400390625,
    9158.25,
    9040.4501953125,
    9138.599609375,
    9198.5498046875,
    9291.099609375,
    9329.2001953125,
    9544.5498046875,
    9578.2001953125,
    9534.7998046875,
    9564.5498046875,
    9699.2001953125,
    9623.4501953125,
    9580.400390625,
    9522.150390625,
    9517.400390625,
    9384.5,
    9423.5498046875,
    9382.849609375,
    9407.9501953125,
    9411.9501953125,
    9360.7001953125,
    9423.349609375,
    9458.2001953125,
    9555.5,
    9533.2998046875,
    9579.0498046875,
    9582.2998046875,
    9425.099609375,
    9316.4501953125,
    9409.7001953125,
    9399.75,
    9285.4501953125,
    9102.349609375,
    9327.849609375,
    9336.0498046875,
    9298.75,
    9310.650390625,
    9147.099609375,
    9194.7998046875,
    9229.7001953125,
    9345.9501953125,
    9216.25,
    9387.5,
    9457.5,
    9497.75,
    9493.650390625,
    9375.4501953125,
    9436.75,
    9280.0498046875,
    9210.5,
    9154.7998046875,
    9305.2998046875,
    9384.349609375,
    9676.400390625,
    9616.349609375,
    9681.650390625,
    9717.849609375,
    9734.2001953125,
    9759.4501953125,
    9792.9501953125,
    9883.599609375,
    9891.0,
    9973.4501953125,
    9923.150390625,
    9955.150390625,
    9989.900390625,
    10029.099609375,
    10129.0498046875,
    10060.099609375,
    10082.5498046875,
    9888.25,
    9923.099609375,
    10038.150390625,
    10092.9501953125,
    10277.099609375,
    10185.5,
    10156.650390625,
    10136.5498046875,
    10356.2001953125,
    10261.5498046875,
    10217.4501953125,
    10116.7998046875,
    10218.0,
    10287.25,
    10199.2998046875,
    10191.849609375,
    10232.75,
    10241.849609375,
    10347.4501953125,
    10467.150390625,
    10596.2001953125,
    10777.5,
    10729.2001953125,
    10612.150390625,
    10652.7998046875,
    10499.0498046875,
    10281.900390625,
    10426.7998046875,
    10484.5,
    10559.099609375,
    10542.5498046875,
    10588.599609375,
    10494.75,
    10495.849609375,
    10383.7001953125,
    10384.150390625,
    10386.0498046875,
    10142.5498046875,
    10017.900390625,
    10073.400390625,
    10280.7001953125,
    10273.75,
    10293.0498046875,
    10353.2001953125,
    10315.849609375,
    10265.2001953125,
    10271.4501953125,
    10340.349609375,
    10141.7998046875,
    10112.650390625,
    10159.0,
    10266.849609375,
    10536.4501953125,
    10553.150390625,
    10464.349609375,
    10490.150390625,
    10516.150390625,
    10521.099609375,
    10669.0,
    10727.0498046875,
    10742.75,
    10806.150390625,
    10789.099609375,
    11007.650390625,
    11167.650390625,
    11421.849609375,
    11490.7998046875,
    11524.0498046875,
    11524.0,
    11132.0,
    11094.7998046875,
    11315.75,
    11355.2001953125,
    11661.400390625,
    11600.0498046875,
    11593.0498046875,
    11374.4501953125,
    11438.9501953125,
    11573.7001953125,
    11477.7998046875,
    11829.650390625,
    12106.4501953125,
    12478.0498046875,
    11827.5498046875,
    11561.5498046875,
    11893.2001953125,
    12044.25,
    11921.2001953125,
    11943.150390625,
    12129.4501953125,
    12228.2998046875,
    12276.5498046875,
    12279.2001953125,
    11872.7998046875,
    11955.0,
    11828.400390625,
    11985.75,
    11842.400390625,
    11989.9501953125,
    11962.75,
    12073.849609375,
    12399.400390625,
    12448.0,
    12240.650390625,
    12269.7998046875,
    11779.75,
    12049.2001953125,
    12000.4501953125,
    11688.7998046875,
    11868.5,
    11822.099609375,
    11863.900390625,
    11292.5,
    11318.0,
    11637.349609375,
    11625.4501953125,
    11249.349609375,
    11412.75,
    10863.4501953125,
    11059.150390625,
    11342.2001953125,
    11161.650390625,
    11138.400390625,
    11412.0498046875,
    11456.599609375,
    11583.5,
    11762.650390625,
    12078.9501953125,
    12229.7001953125,
    12356.400390625,
    12329.2998046875,
    12548.0,
    12740.2001953125,
    12880.0,
    12829.650390625,
    12835.0,
    12892.2001953125,
    12786.25,
    12746.650390625,
    12980.849609375,
    13046.4501953125,
    13111.349609375,
    12833.0498046875,
    12972.7001953125,
    12989.599609375,
    13129.5498046875,
    13165.400390625,
    13050.9501953125,
    12926.400390625,
    12881.400390625,
    13290.7998046875,
    13562.25,
    13300.599609375,
    13169.9501953125,
    13163.75,
    13186.5,
    13213.5,
    13271.599609375,
    13345.650390625,
    13492.5498046875,
    13718.2998046875,
    13440.9501953125,
    13506.5498046875,
    13557.650390625,
    13535.2001953125,
    13436.0,
    13221.650390625
  ],
  "med": [
    13207.46,
    13165.66,
    13207.46,
    13207.46,
    13165.66
  ],
  "up": [
    13466.6,
    13466.6,
    13466.6,
    13558.55,
    13558.55
  ],
  "lo": [
    13031.92,
    12948.33,
    12873.09,
    12873.09,
    12873.09
  ],
  "ret": -0.42,
  "cone_width_pct": 5.18,
  "asof": "2026-06-05",
  "fundamentals": {
    "mcap_cr": 0.0,
    "pe": "N/A",
    "roe": "N/A",
    "de": "N/A",
    "sales_growth_yoy": "N/A",
    "hi_52w": 13718.2998046875,
    "lo_52w": 9040.4501953125
  },
  "status": [
    "Data OK",
    "Data as of 2026-06-05"
  ]
}