{
  "code": "NIFTY 50",
  "last": 23366.69921875,
  "hist": [
    25103.19921875,
    25104.25,
    25141.400390625,
    24888.19921875,
    24718.599609375,
    24946.5,
    24853.400390625,
    24812.05078125,
    24793.25,
    25112.400390625,
    24971.900390625,
    25044.349609375,
    25244.75,
    25549.0,
    25637.80078125,
    25517.05078125,
    25541.80078125,
    25453.400390625,
    25405.30078125,
    25461.0,
    25461.30078125,
    25522.5,
    25476.099609375,
    25355.25,
    25149.849609375,
    25082.30078125,
    25195.80078125,
    25212.05078125,
    25111.44921875,
    24968.400390625,
    25090.69921875,
    25060.900390625,
    25219.900390625,
    25062.099609375,
    24837.0,
    24680.900390625,
    24821.099609375,
    24855.05078125,
    24768.349609375,
    24565.349609375,
    24722.75,
    24649.55078125,
    24574.19921875,
    24596.150390625,
    24363.30078125,
    24585.05078125,
    24487.400390625,
    24619.349609375,
    24631.30078125,
    24876.94921875,
    24980.650390625,
    25050.55078125,
    25083.75,
    24870.099609375,
    24967.75,
    24712.05078125,
    24500.900390625,
    24426.849609375,
    24625.05078125,
    24579.599609375,
    24715.05078125,
    24734.30078125,
    24741.0,
    24773.150390625,
    24868.599609375,
    24973.099609375,
    25005.5,
    25114.0,
    25069.19921875,
    25239.099609375,
    25330.25,
    25423.599609375,
    25327.05078125,
    25202.349609375,
    25169.5,
    25056.900390625,
    24890.849609375,
    24654.69921875,
    24634.900390625,
    24611.099609375,
    24836.30078125,
    24894.25,
    25077.650390625,
    25108.30078125,
    25046.150390625,
    25181.80078125,
    25285.349609375,
    25227.349609375,
    25145.5,
    25323.55078125,
    25585.30078125,
    25709.849609375,
    25843.150390625,
    25868.599609375,
    25891.400390625,
    25795.150390625,
    25966.05078125,
    25936.19921875,
    26053.900390625,
    25877.849609375,
    25722.099609375,
    25763.349609375,
    25597.650390625,
    25509.69921875,
    25492.30078125,
    25574.349609375,
    25694.94921875,
    25875.80078125,
    25879.150390625,
    25910.05078125,
    26013.44921875,
    25910.05078125,
    26052.650390625,
    26192.150390625,
    26068.150390625,
    25959.5,
    25884.80078125,
    26205.30078125,
    26215.55078125,
    26202.94921875,
    26175.75,
    26032.19921875,
    25986.0,
    26033.75,
    26186.44921875,
    25960.55078125,
    25839.650390625,
    25758.0,
    25898.55078125,
    26046.94921875,
    26027.30078125,
    25860.099609375,
    25818.55078125,
    25815.55078125,
    25966.400390625,
    26172.400390625,
    26177.150390625,
    26142.099609375,
    26042.30078125,
    25942.099609375,
    25938.849609375,
    26129.599609375,
    26146.55078125,
    26328.55078125,
    26250.30078125,
    26178.69921875,
    26140.75,
    25876.849609375,
    25683.30078125,
    25790.25,
    25732.30078125,
    25665.599609375,
    25694.349609375,
    25585.5,
    25232.5,
    25157.5,
    25289.900390625,
    25048.650390625,
    25175.400390625,
    25342.75,
    25418.900390625,
    25320.650390625,
    25088.400390625,
    25727.55078125,
    25776.0,
    25642.80078125,
    25693.69921875,
    25867.30078125,
    25935.150390625,
    25953.849609375,
    25807.19921875,
    25471.099609375,
    25682.75,
    25725.400390625,
    25819.349609375,
    25454.349609375,
    25571.25,
    25713.0,
    25424.650390625,
    25482.5,
    25496.55078125,
    25178.650390625,
    24865.69921875,
    24480.5,
    24765.900390625,
    24450.44921875,
    24028.05078125,
    24261.599609375,
    23866.849609375,
    23639.150390625,
    23151.099609375,
    23408.80078125,
    23581.150390625,
    23777.80078125,
    23002.150390625,
    23114.5,
    22512.650390625,
    22912.400390625,
    23306.44921875,
    22819.599609375,
    22331.400390625,
    22679.400390625,
    22713.099609375,
    22968.25,
    23123.650390625,
    23997.349609375,
    23775.099609375,
    24050.599609375,
    23842.650390625,
    24231.30078125,
    24196.75,
    24353.55078125,
    24364.849609375,
    24576.599609375,
    24378.099609375,
    24173.05078125,
    23897.94921875,
    24092.69921875,
    23995.69921875,
    24177.650390625,
    23997.55078125,
    24119.30078125,
    24032.80078125,
    24330.94921875,
    24326.650390625,
    24176.150390625,
    23815.849609375,
    23379.55078125,
    23412.599609375,
    23689.599609375,
    23643.5,
    23649.94921875,
    23618.0,
    23659.0,
    23654.69921875,
    23719.30078125,
    24031.69921875,
    23913.69921875,
    23907.150390625,
    23547.75,
    23382.599609375,
    23483.55078125,
    23405.599609375,
    23416.55078125,
    23366.69921875
  ],
  "med": [
    23440.32,
    23440.32,
    23440.32,
    23257.19,
    23348.75
  ],
  "up": [
    23623.45,
    23641.76,
    23641.76,
    23641.76,
    24026.33
  ],
  "lo": [
    23074.06,
    22872.62,
    22707.81,
    22872.62,
    22671.19
  ],
  "ret": -0.08,
  "cone_width_pct": 5.8,
  "asof": "2026-06-05",
  "fundamentals": {
    "mcap_cr": "N/A",
    "pe": "N/A",
    "roe": "N/A",
    "de": "N/A",
    "sales_growth_yoy": "N/A",
    "hi_52w": 26328.55078125,
    "lo_52w": 22331.400390625
  },
  "status": [
    "Data OK",
    "Data as of 2026-06-05"
  ]
}