{
  "code": "NIFTYFMCG",
  "last": 48302.44921875,
  "hist": [
    56026.1015625,
    56198.80078125,
    55820.6015625,
    55104.1015625,
    54527.1484375,
    54873.30078125,
    54708.75,
    54452.3984375,
    54283.5,
    54630.94921875,
    54226.8515625,
    54346.30078125,
    54747.25,
    55118.80078125,
    55109.0,
    54883.8984375,
    54502.94921875,
    54439.69921875,
    54515.75,
    54735.6015625,
    55652.8515625,
    55504.0,
    55946.19921875,
    55628.19921875,
    55910.25,
    56025.6015625,
    56429.05078125,
    56685.55078125,
    56843.05078125,
    56506.8984375,
    56222.69921875,
    56003.94921875,
    55710.3515625,
    55085.8515625,
    54579.94921875,
    54732.94921875,
    54891.1484375,
    55020.3984375,
    55812.1484375,
    56197.05078125,
    56139.6484375,
    55733.69921875,
    55230.80078125,
    55298.5,
    54900.94921875,
    55309.8984375,
    55034.44921875,
    55010.1484375,
    54656.30078125,
    55304.25,
    55886.6484375,
    56664.05078125,
    56303.05078125,
    55737.44921875,
    55681.6484375,
    56187.0,
    55612.94921875,
    56141.8515625,
    56175.19921875,
    56806.6015625,
    56969.19921875,
    57104.05078125,
    56292.1015625,
    56171.30078125,
    56497.25,
    56856.8515625,
    56960.6015625,
    56557.1484375,
    56551.3515625,
    56398.6484375,
    56321.0,
    56522.3515625,
    56273.05078125,
    56006.75,
    55281.55078125,
    55378.94921875,
    55108.0,
    54847.55078125,
    54945.80078125,
    54710.69921875,
    55105.3515625,
    55170.6015625,
    55057.6484375,
    54763.8515625,
    54489.6484375,
    54707.44921875,
    54966.44921875,
    54473.8515625,
    54213.75,
    54748.69921875,
    55853.8984375,
    56616.3984375,
    56597.1484375,
    56609.1484375,
    56772.44921875,
    56348.1015625,
    56428.94921875,
    56110.05078125,
    56615.3515625,
    56343.5,
    56208.5,
    56153.69921875,
    55815.6015625,
    55711.75,
    55437.19921875,
    55334.44921875,
    55523.05078125,
    55529.19921875,
    55243.5,
    55560.80078125,
    55677.1484375,
    55363.44921875,
    55380.80078125,
    55426.69921875,
    55504.69921875,
    55138.1484375,
    55052.1015625,
    55442.6015625,
    55470.55078125,
    55595.80078125,
    55500.5,
    55390.94921875,
    54949.1015625,
    55209.30078125,
    55202.8515625,
    54540.5,
    54521.19921875,
    54506.0,
    54619.6484375,
    54490.80078125,
    54868.3984375,
    54863.44921875,
    54603.3984375,
    54546.44921875,
    54781.3515625,
    55062.6484375,
    55348.6484375,
    55113.75,
    55132.05078125,
    55192.44921875,
    55033.1484375,
    55475.6484375,
    53078.80078125,
    53441.1015625,
    53561.94921875,
    53493.80078125,
    53010.1484375,
    52438.1484375,
    52745.5,
    52577.1484375,
    52258.6484375,
    52142.5,
    52489.94921875,
    51713.0,
    51402.5,
    51978.3984375,
    51662.05078125,
    51349.75,
    50985.44921875,
    50523.8984375,
    51215.19921875,
    50623.19921875,
    50806.6484375,
    50922.75,
    50731.6484375,
    51882.75,
    52047.30078125,
    52130.44921875,
    52152.1015625,
    51885.75,
    50902.1484375,
    51318.8515625,
    51778.30078125,
    52406.5,
    51483.6015625,
    51772.69921875,
    52136.3515625,
    52235.25,
    52105.30078125,
    52023.0,
    51142.19921875,
    50751.6484375,
    49797.5,
    50000.80078125,
    49970.6015625,
    49192.3984375,
    49603.55078125,
    49059.69921875,
    48189.1484375,
    47924.1484375,
    48468.8515625,
    48104.44921875,
    48079.0,
    46861.94921875,
    47007.55078125,
    45837.05078125,
    46408.30078125,
    47283.3515625,
    46427.19921875,
    45538.6484375,
    46135.94921875,
    46232.1484375,
    46600.05078125,
    46980.1015625,
    47704.25,
    47640.69921875,
    48194.05078125,
    47570.3984375,
    48290.3984375,
    48377.8984375,
    49657.75,
    49555.75,
    50820.1015625,
    51199.0,
    51140.5,
    50766.25,
    51046.5,
    50882.75,
    51771.80078125,
    51072.1015625,
    51266.0,
    51593.55078125,
    51460.55078125,
    51068.44921875,
    51165.8984375,
    51205.6484375,
    50453.8984375,
    50604.8515625,
    50779.1484375,
    51051.3515625,
    50900.1015625,
    50883.3515625,
    50520.55078125,
    50263.55078125,
    50249.80078125,
    50157.75,
    50227.3515625,
    50141.8984375,
    49383.3515625,
    48247.69921875,
    48612.80078125,
    48123.94921875,
    48216.0,
    48302.44921875
  ],
  "med": [
    47738.95,
    47738.95,
    47738.95,
    47738.95,
    47738.95
  ],
  "up": [
    48162.44,
    48162.44,
    48508.93,
    48508.93,
    48508.93
  ],
  "lo": [
    46930.46,
    46583.97,
    46930.46,
    46583.97,
    46583.97
  ],
  "ret": -1.17,
  "cone_width_pct": 3.99,
  "asof": "2026-06-05",
  "fundamentals": {
    "mcap_cr": "N/A",
    "pe": "N/A",
    "roe": "N/A",
    "de": "N/A",
    "sales_growth_yoy": "N/A",
    "hi_52w": 57104.05078125,
    "lo_52w": 45538.6484375
  },
  "status": [
    "Low liquidity",
    "Data as of 2026-06-05"
  ]
}