{
  "code": "NIFTYIT",
  "last": 29010.30078125,
  "hist": [
    37669.19921875,
    38300.0,
    38784.30078125,
    38460.30078125,
    38469.25,
    39073.05078125,
    39356.1015625,
    39030.8984375,
    38664.94921875,
    38991.44921875,
    38414.1015625,
    38417.94921875,
    39046.30078125,
    38996.25,
    38822.94921875,
    38950.0,
    38833.1484375,
    38879.1015625,
    38854.30078125,
    39166.55078125,
    38866.94921875,
    38983.25,
    38680.8515625,
    38376.6484375,
    37693.25,
    37273.69921875,
    37424.6015625,
    37660.75,
    37138.55078125,
    37141.8984375,
    37031.75,
    36858.8984375,
    36951.5,
    36135.80078125,
    35623.75,
    35370.05078125,
    35373.25,
    35481.69921875,
    35301.6484375,
    34649.6015625,
    35203.3515625,
    35034.5,
    34426.25,
    34726.80078125,
    34398.5,
    34544.6484375,
    34674.30078125,
    34692.94921875,
    34833.19921875,
    34634.94921875,
    34756.69921875,
    35690.05078125,
    35723.8984375,
    35440.8515625,
    36280.1015625,
    36063.19921875,
    35488.80078125,
    35181.25,
    35740.6484375,
    35737.8984375,
    35474.94921875,
    35143.1015625,
    34635.8515625,
    34310.44921875,
    35255.94921875,
    36183.80078125,
    36003.5,
    36110.75,
    35902.19921875,
    36212.1484375,
    36447.1484375,
    36750.25,
    36578.25,
    35500.1484375,
    35249.1015625,
    34994.30078125,
    34548.30078125,
    33702.0,
    33693.1015625,
    33655.1015625,
    33905.19921875,
    33949.75,
    34722.55078125,
    34709.44921875,
    35232.25,
    35628.5,
    35609.05078125,
    35330.80078125,
    35214.8515625,
    35401.80078125,
    35531.05078125,
    34950.69921875,
    35292.6015625,
    35299.75,
    36078.6484375,
    35986.3515625,
    36129.1015625,
    35860.3984375,
    36090.1015625,
    35906.3984375,
    35712.3515625,
    35653.1015625,
    35274.55078125,
    35337.6015625,
    35117.6484375,
    35688.25,
    36116.8984375,
    36855.3984375,
    36679.5,
    36301.25,
    36375.19921875,
    35975.19921875,
    37044.6484375,
    37043.30078125,
    36885.3515625,
    37037.94921875,
    36826.8984375,
    37364.6015625,
    37446.30078125,
    37405.5,
    37549.75,
    37541.25,
    37825.25,
    38360.25,
    38703.6484375,
    38590.69921875,
    38130.6015625,
    37789.8984375,
    38097.0,
    38274.75,
    38386.30078125,
    38062.5,
    38172.05078125,
    38633.3515625,
    38691.6015625,
    39488.0,
    39173.69921875,
    38974.80078125,
    38572.30078125,
    38282.69921875,
    37998.6015625,
    37884.05078125,
    38171.5,
    38320.30078125,
    37771.1484375,
    37977.3984375,
    38688.80078125,
    37920.30078125,
    38027.19921875,
    37988.25,
    38236.6015625,
    37822.69921875,
    39086.6484375,
    38902.5,
    38101.05078125,
    37992.30078125,
    38301.75,
    38238.5,
    38566.1015625,
    38725.3515625,
    38431.30078125,
    38036.1484375,
    38074.1484375,
    38611.75,
    36345.6484375,
    36143.30078125,
    35611.05078125,
    35616.6484375,
    35722.19921875,
    35095.1484375,
    33160.19921875,
    32681.5,
    32738.05078125,
    33075.05078125,
    32668.30078125,
    32319.400390625,
    32004.05078125,
    31550.5,
    30053.5,
    30526.349609375,
    30554.19921875,
    30603.849609375,
    30272.94921875,
    30305.30078125,
    30126.80078125,
    30138.400390625,
    30162.05078125,
    30024.05078125,
    29651.69921875,
    29579.44921875,
    29071.30078125,
    29042.55078125,
    28760.900390625,
    29559.30078125,
    28579.599609375,
    29199.599609375,
    29147.05078125,
    29648.900390625,
    29671.30078125,
    29541.650390625,
    29062.599609375,
    29669.05078125,
    30441.44921875,
    30636.55078125,
    31403.349609375,
    31565.80078125,
    31636.19921875,
    31030.599609375,
    30669.80078125,
    31539.75,
    31817.5,
    31809.849609375,
    31585.75,
    31729.099609375,
    30496.25,
    30124.30078125,
    28530.599609375,
    29159.150390625,
    28959.900390625,
    29245.25,
    29353.900390625,
    29076.150390625,
    29107.30078125,
    29267.94921875,
    29043.5,
    29394.19921875,
    29329.44921875,
    28234.900390625,
    27916.650390625,
    27360.349609375,
    27716.900390625,
    28389.80078125,
    29308.0,
    29185.150390625,
    29021.099609375,
    28912.5,
    28979.849609375,
    28978.5,
    28906.69921875,
    29080.150390625,
    29854.25,
    31116.55078125,
    29384.44921875,
    29300.599609375,
    29010.30078125
  ],
  "med": [
    28900.64,
    28900.64,
    29025.21,
    29149.78,
    29398.93
  ],
  "up": [
    29423.84,
    29672.98,
    29897.21,
    29922.12,
    30146.36
  ],
  "lo": [
    28626.58,
    28377.44,
    27879.15,
    28153.21,
    28153.21
  ],
  "ret": 1.34,
  "cone_width_pct": 6.87,
  "asof": "2026-06-05",
  "fundamentals": {
    "mcap_cr": 0.0,
    "pe": "N/A",
    "roe": "N/A",
    "de": "N/A",
    "sales_growth_yoy": "N/A",
    "hi_52w": 39488.0,
    "lo_52w": 27360.349609375
  },
  "status": [
    "Low liquidity",
    "Data as of 2026-06-05"
  ]
}