{
  "code": "NIFTYENERGY",
  "last": 40346.1015625,
  "hist": [
    36352.80078125,
    36515.25,
    36624.69921875,
    35918.3515625,
    35740.55078125,
    36010.44921875,
    35836.0,
    35667.55078125,
    35273.8515625,
    35600.19921875,
    35608.94921875,
    35727.05078125,
    35820.55078125,
    36179.1015625,
    36542.6015625,
    36568.6484375,
    36480.1015625,
    36331.25,
    36362.80078125,
    36509.6015625,
    36532.3984375,
    36605.8515625,
    36517.5,
    36447.6484375,
    36097.8515625,
    36201.05078125,
    36308.5,
    36350.8984375,
    36438.25,
    36231.6484375,
    36248.55078125,
    36198.5,
    36302.94921875,
    36048.3515625,
    35250.5,
    35021.55078125,
    35410.69921875,
    35422.05078125,
    35116.1484375,
    34889.0,
    34923.44921875,
    34914.3984375,
    34683.3515625,
    34613.80078125,
    34391.94921875,
    34610.3515625,
    34741.44921875,
    34739.3515625,
    34469.05078125,
    34483.19921875,
    34768.1015625,
    34847.8515625,
    34681.6015625,
    34507.6015625,
    34494.3515625,
    33955.94921875,
    33682.8515625,
    33638.6484375,
    34155.30078125,
    34490.5,
    34626.6015625,
    34284.69921875,
    34297.8984375,
    34290.6484375,
    34249.6484375,
    34522.1015625,
    34826.69921875,
    34940.30078125,
    35129.0,
    35441.1015625,
    35568.05078125,
    35442.1015625,
    35745.75,
    35992.6484375,
    35826.19921875,
    35506.69921875,
    35255.55078125,
    34830.0,
    35069.1484375,
    34999.6484375,
    35180.3515625,
    35375.8984375,
    35369.44921875,
    35470.0,
    35085.75,
    35244.1484375,
    35393.94921875,
    35288.0,
    35067.69921875,
    35321.6484375,
    35468.80078125,
    35395.69921875,
    35563.94921875,
    35644.1484375,
    35619.1484375,
    35626.8984375,
    35780.0,
    35658.1484375,
    36347.94921875,
    36392.6015625,
    36275.94921875,
    36445.1484375,
    36278.3984375,
    35839.5,
    35790.30078125,
    35921.6015625,
    36069.8515625,
    36287.8984375,
    36187.8515625,
    36261.1015625,
    36441.8515625,
    36223.75,
    36132.30078125,
    36232.69921875,
    35852.3984375,
    35427.8515625,
    35350.3515625,
    35964.80078125,
    35756.1484375,
    35548.30078125,
    35539.25,
    35459.3984375,
    35105.0,
    34986.1015625,
    34971.80078125,
    34447.8515625,
    34666.80078125,
    34635.25,
    34751.94921875,
    35039.8515625,
    35028.1484375,
    34769.25,
    34737.0,
    34464.30078125,
    34796.3984375,
    35025.44921875,
    35214.25,
    35095.1015625,
    35058.80078125,
    34868.75,
    34813.8984375,
    35325.6484375,
    36275.6484375,
    36050.05078125,
    35849.1484375,
    35763.5,
    34729.6484375,
    34409.30078125,
    34473.55078125,
    34416.69921875,
    34622.25,
    34346.3515625,
    34116.80078125,
    33360.0,
    33370.05078125,
    33747.0,
    33098.30078125,
    33293.1015625,
    34685.44921875,
    35335.19921875,
    35138.05078125,
    34613.30078125,
    35657.55078125,
    36370.3515625,
    36230.3515625,
    36451.69921875,
    36578.8515625,
    36671.0,
    36657.25,
    36452.6484375,
    35709.8984375,
    36386.75,
    36388.44921875,
    36517.1015625,
    36088.0,
    36581.1484375,
    36741.55078125,
    37028.1015625,
    37118.6015625,
    37181.80078125,
    37045.19921875,
    36453.3984375,
    35589.6015625,
    36273.8515625,
    36319.6015625,
    35657.75,
    36038.94921875,
    36138.5,
    36834.3515625,
    36071.8515625,
    35682.05078125,
    35980.80078125,
    36141.94921875,
    35639.3515625,
    35908.30078125,
    34839.44921875,
    35082.44921875,
    35556.44921875,
    35214.80078125,
    34849.69921875,
    35402.8515625,
    35299.3984375,
    35388.75,
    35578.25,
    36469.19921875,
    36768.25,
    37174.6015625,
    37195.05078125,
    37993.5,
    38184.75,
    38881.75,
    39184.69921875,
    39337.19921875,
    39896.69921875,
    39996.75,
    39903.75,
    40496.69921875,
    40990.69921875,
    40961.3984375,
    40771.8984375,
    40970.05078125,
    40990.0,
    40806.6484375,
    41141.94921875,
    40795.80078125,
    40043.30078125,
    39542.3515625,
    39819.69921875,
    40080.1484375,
    39816.8515625,
    39519.5,
    39569.1015625,
    40154.94921875,
    40277.80078125,
    40237.6015625,
    40578.80078125,
    40814.6015625,
    41535.75,
    40878.0,
    40253.6484375,
    40189.6484375,
    40196.8515625,
    40445.75,
    40346.1015625
  ],
  "med": [
    40366.51,
    40366.51,
    40500.16,
    40366.51,
    40366.51
  ],
  "up": [
    40927.89,
    41168.47,
    41168.47,
    41168.47,
    41195.21
  ],
  "lo": [
    40099.16,
    39831.85,
    39805.12,
    39564.51,
    39564.51
  ],
  "ret": 0.05,
  "cone_width_pct": 4.04,
  "asof": "2026-06-05",
  "fundamentals": {
    "mcap_cr": "N/A",
    "pe": "N/A",
    "roe": "N/A",
    "de": "N/A",
    "sales_growth_yoy": "N/A",
    "hi_52w": 41535.75,
    "lo_52w": 33098.30078125
  },
  "status": [
    "Data OK",
    "Data as of 2026-06-05"
  ]
}