{
  "code": "NIFTYAUTO",
  "last": 26025.650390625,
  "hist": [
    23759.0,
    23805.19921875,
    23411.80078125,
    23327.400390625,
    23368.25,
    23227.30078125,
    23312.349609375,
    23434.650390625,
    23679.349609375,
    23461.150390625,
    23598.25,
    23827.80078125,
    23961.69921875,
    24007.94921875,
    23872.55078125,
    23824.0,
    23899.849609375,
    24004.94921875,
    23980.400390625,
    23943.900390625,
    23852.900390625,
    23944.400390625,
    23916.849609375,
    23493.80078125,
    23552.0,
    23905.25,
    24011.150390625,
    24002.5,
    23894.349609375,
    24055.0,
    23875.849609375,
    24079.400390625,
    24087.30078125,
    23781.55078125,
    23693.0,
    23888.349609375,
    23745.80078125,
    23655.849609375,
    23410.94921875,
    23787.5,
    23876.30078125,
    23748.849609375,
    23808.099609375,
    23474.650390625,
    23723.75,
    23856.599609375,
    24122.650390625,
    24118.80078125,
    25127.19921875,
    25456.69921875,
    25469.25,
    25377.5,
    25329.44921875,
    25423.400390625,
    25320.30078125,
    25183.5,
    24960.849609375,
    25660.0,
    25584.94921875,
    25775.44921875,
    25994.849609375,
    26320.599609375,
    27189.19921875,
    27182.5,
    26833.94921875,
    26744.44921875,
    26866.650390625,
    26760.650390625,
    27146.400390625,
    27294.650390625,
    27329.349609375,
    27219.55078125,
    27154.30078125,
    27321.94921875,
    27007.599609375,
    26758.5,
    26484.55078125,
    26436.55078125,
    26542.349609375,
    26768.650390625,
    26753.099609375,
    26857.19921875,
    26933.55078125,
    26522.400390625,
    26587.0,
    26721.19921875,
    26698.150390625,
    26640.55078125,
    26708.650390625,
    27048.75,
    27228.599609375,
    27185.44921875,
    27229.849609375,
    27218.75,
    27108.69921875,
    27263.650390625,
    27148.349609375,
    26948.900390625,
    26829.55078125,
    26809.849609375,
    26841.80078125,
    26610.05078125,
    26626.5,
    26779.55078125,
    26859.849609375,
    27148.25,
    27485.150390625,
    27382.80078125,
    27239.80078125,
    27472.650390625,
    27368.25,
    27434.44921875,
    27554.0,
    27537.849609375,
    27442.19921875,
    27378.69921875,
    27696.400390625,
    27603.650390625,
    27774.599609375,
    27993.0,
    27979.5,
    27643.80078125,
    27732.69921875,
    27939.099609375,
    27596.80078125,
    27399.25,
    27358.25,
    27661.0,
    27820.849609375,
    27568.099609375,
    27542.19921875,
    27489.25,
    27321.900390625,
    27657.25,
    27885.30078125,
    27892.05078125,
    27885.650390625,
    27739.849609375,
    27592.5,
    27889.650390625,
    28189.599609375,
    28803.650390625,
    28894.150390625,
    28922.349609375,
    28692.400390625,
    28414.94921875,
    28087.650390625,
    28011.75,
    27915.099609375,
    27721.849609375,
    27596.25,
    27632.44921875,
    26948.099609375,
    26871.25,
    27110.19921875,
    26804.55078125,
    26554.0,
    26737.599609375,
    26555.400390625,
    26750.349609375,
    26749.150390625,
    27500.30078125,
    27825.400390625,
    27664.5,
    27519.55078125,
    27791.44921875,
    28173.19921875,
    28538.69921875,
    28504.05078125,
    28234.30078125,
    28028.19921875,
    28174.55078125,
    28327.599609375,
    27734.0,
    27846.80078125,
    28077.0,
    27950.0,
    28466.5,
    28693.400390625,
    28158.849609375,
    27540.099609375,
    26867.150390625,
    27366.80078125,
    27076.400390625,
    25965.94921875,
    26770.55078125,
    25926.0,
    25098.0,
    24195.099609375,
    24599.099609375,
    25117.099609375,
    25598.849609375,
    24509.900390625,
    24715.900390625,
    23934.75,
    24515.25,
    25058.599609375,
    24351.94921875,
    23769.599609375,
    24238.849609375,
    24089.650390625,
    24350.400390625,
    24373.30078125,
    26002.94921875,
    25901.900390625,
    26640.900390625,
    26084.55078125,
    26483.099609375,
    26382.75,
    26435.0,
    26522.30078125,
    26625.19921875,
    26450.25,
    25828.099609375,
    25652.849609375,
    26053.150390625,
    25790.349609375,
    26085.75,
    25917.599609375,
    26027.69921875,
    26192.099609375,
    26823.0,
    27339.94921875,
    27259.849609375,
    26753.400390625,
    26142.599609375,
    25888.94921875,
    26049.69921875,
    26070.69921875,
    25624.30078125,
    25698.80078125,
    25914.349609375,
    25986.25,
    26017.099609375,
    26463.05078125,
    26480.5,
    26864.19921875,
    26338.44921875,
    25891.900390625,
    26079.44921875,
    26092.80078125,
    26144.349609375,
    26165.94921875,
    25681.80078125,
    26025.650390625
  ],
  "med": [
    26000.95,
    25902.46,
    26197.93,
    26197.93,
    26493.39
  ],
  "up": [
    26650.98,
    26808.56,
    26808.56,
    26985.84,
    26985.84
  ],
  "lo": [
    25587.3,
    25390.32,
    25213.04,
    25193.35,
    25173.65
  ],
  "ret": 1.8,
  "cone_width_pct": 6.96,
  "asof": "2026-06-09",
  "fundamentals": {
    "mcap_cr": "N/A",
    "pe": "N/A",
    "roe": "N/A",
    "de": "N/A",
    "sales_growth_yoy": "N/A",
    "hi_52w": 28922.349609375,
    "lo_52w": 23227.30078125
  },
  "status": [
    "Data OK",
    "Data as of 2026-06-09"
  ]
}