{
  "code": "NTPC",
  "last": 355.6499938964844,
  "hist": [
    330.47833251953125,
    329.4066162109375,
    325.1197509765625,
    323.41473388671875,
    325.1197509765625,
    326.5811767578125,
    323.8531799316406,
    321.5635681152344,
    326.5811767578125,
    324.0480041503906,
    321.4661560058594,
    322.343017578125,
    328.4810485839844,
    329.6014404296875,
    326.2888488769531,
    324.0480041503906,
    325.1684265136719,
    325.99658203125,
    326.8734436035156,
    328.7733154296875,
    334.37548828125,
    335.1549072265625,
    332.6704406738281,
    333.8883361816406,
    333.30377197265625,
    333.2063293457031,
    333.6447448730469,
    333.8395690917969,
    333.30377197265625,
    332.76788330078125,
    332.08587646484375,
    334.22930908203125,
    330.18603515625,
    324.6325988769531,
    324.3890380859375,
    325.99658203125,
    330.0885925292969,
    325.6556091308594,
    322.3916931152344,
    323.46343994140625,
    325.02227783203125,
    323.5608825683594,
    321.27130126953125,
    326.1427307128906,
    327.5067443847656,
    331.3551940917969,
    331.20904541015625,
    330.6244812011719,
    327.4093017578125,
    326.43499755859375,
    333.2063293457031,
    330.0885925292969,
    328.33489990234375,
    329.16302490234375,
    324.6325988769531,
    322.2942810058594,
    319.1278381347656,
    322.1968688964844,
    327.65289306640625,
    325.6556091308594,
    324.8190612792969,
    323.4904479980469,
    321.52215576171875,
    318.9633483886719,
    320.4888000488281,
    325.8031921386719,
    326.44293212890625,
    325.8524169921875,
    329.73980712890625,
    331.06842041015625,
    331.6097412109375,
    333.28277587890625,
    333.8240661621094,
    337.5638427734375,
    342.0909423828125,
    335.1034240722656,
    332.54461669921875,
    335.54632568359375,
    335.05426025390625,
    334.8573913574219,
    336.57965087890625,
    333.7256164550781,
    332.64306640625,
    328.5096435546875,
    330.52716064453125,
    334.3161315917969,
    336.284423828125,
    331.314453125,
    333.8732604980469,
    336.08758544921875,
    335.59552001953125,
    336.53045654296875,
    336.57965087890625,
    337.2193603515625,
    334.2177429199219,
    336.3336181640625,
    333.77484130859375,
    341.99249267578125,
    339.6797180175781,
    331.6097412109375,
    329.887451171875,
    325.3603515625,
    321.47296142578125,
    323.6564636230469,
    323.0113525390625,
    324.20233154296875,
    324.6986083984375,
    324.5001220703125,
    325.9888610839844,
    327.72576904296875,
    325.9888610839844,
    324.1527404785156,
    324.1527404785156,
    324.20233154296875,
    321.0263366699219,
    321.27447509765625,
    323.6564636230469,
    324.8970947265625,
    324.00384521484375,
    324.64898681640625,
    326.13775634765625,
    320.53009033203125,
    320.53009033203125,
    320.87744140625,
    317.1059265136719,
    317.45330810546875,
    319.190185546875,
    320.1827087402344,
    322.61431884765625,
    321.5225830078125,
    318.5946960449219,
    318.8428039550781,
    316.1134033203125,
    317.5029296875,
    318.29693603515625,
    320.82781982421875,
    320.133056640625,
    321.67144775390625,
    323.06097412109375,
    322.4654541015625,
    327.0805969238281,
    333.780029296875,
    349.4616394042969,
    347.972900390625,
    348.17138671875,
    346.2359924316406,
    341.8193359375,
    333.4822998046875,
    334.9214172363281,
    335.3680419921875,
    346.484130859375,
    346.484130859375,
    343.7547302246094,
    340.7772216796875,
    336.211669921875,
    336.1620788574219,
    339.88397216796875,
    334.17706298828125,
    342.1170959472656,
    345.4419860839844,
    355.46630859375,
    353.3324279785156,
    347.7247619628906,
    355.8633117675781,
    364.49810791015625,
    364.25,
    365.04998779296875,
    361.8999938964844,
    366.8999938964844,
    368.45001220703125,
    368.25,
    363.0,
    369.1000061035156,
    368.3999938964844,
    368.3999938964844,
    363.20001220703125,
    372.95001220703125,
    375.45001220703125,
    382.75,
    384.8999938964844,
    381.8999938964844,
    381.8999938964844,
    377.54998779296875,
    365.79998779296875,
    378.04998779296875,
    380.6000061035156,
    376.25,
    377.29998779296875,
    379.8999938964844,
    390.54998779296875,
    384.45001220703125,
    382.3999938964844,
    383.3500061035156,
    378.5,
    374.04998779296875,
    380.95001220703125,
    372.3999938964844,
    375.54998779296875,
    378.3999938964844,
    375.6499938964844,
    370.6499938964844,
    364.6499938964844,
    359.6499938964844,
    366.1000061035156,
    368.8500061035156,
    374.1499938964844,
    378.6499938964844,
    380.1499938964844,
    386.25,
    392.6000061035156,
    390.79998779296875,
    393.6000061035156,
    398.0,
    396.20001220703125,
    405.3999938964844,
    402.25,
    401.8500061035156,
    410.20001220703125,
    406.8500061035156,
    401.29998779296875,
    399.1499938964844,
    399.1499938964844,
    400.04998779296875,
    398.6499938964844,
    394.8500061035156,
    400.3500061035156,
    402.1499938964844,
    392.95001220703125,
    392.70001220703125,
    390.45001220703125,
    396.29998779296875,
    395.25,
    388.29998779296875,
    389.3999938964844,
    392.45001220703125,
    388.79998779296875,
    388.6499938964844,
    390.04998779296875,
    389.70001220703125,
    398.1499938964844,
    398.1499938964844,
    386.8999938964844,
    378.70001220703125,
    367.3999938964844,
    366.79998779296875,
    366.3999938964844,
    361.6499938964844,
    362.3999938964844,
    355.6499938964844
  ],
  "med": [
    356.88,
    352.97,
    354.27,
    354.27,
    354.27
  ],
  "up": [
    362.09,
    362.35,
    362.35,
    362.09,
    364.69
  ],
  "lo": [
    351.41,
    348.8,
    349.06,
    346.2,
    346.46
  ],
  "ret": -0.39,
  "cone_width_pct": 5.13,
  "asof": "2026-06-09",
  "fundamentals": {
    "mcap_cr": 345492.2129408,
    "pe": 11.704993,
    "roe": 13.694999999999999,
    "de": 1.18127,
    "sales_growth_yoy": 8.0,
    "hi_52w": 410.20001220703125,
    "lo_52w": 316.1134033203125
  },
  "status": [
    "Data OK",
    "Data as of 2026-06-09"
  ]
}