{
  "code": "NTPC",
  "last": 361.6499938964844,
  "hist": [
    328.43231201171875,
    330.47833251953125,
    329.4066162109375,
    325.1197509765625,
    323.41473388671875,
    325.1197509765625,
    326.5811767578125,
    323.8531494140625,
    321.5635681152344,
    326.5811767578125,
    324.0480041503906,
    321.4661560058594,
    322.343017578125,
    328.48101806640625,
    329.6014404296875,
    326.28887939453125,
    324.0480041503906,
    325.1684265136719,
    325.99658203125,
    326.8734436035156,
    328.7732849121094,
    334.37548828125,
    335.1548767089844,
    332.67047119140625,
    333.8883056640625,
    333.30377197265625,
    333.206298828125,
    333.644775390625,
    333.839599609375,
    333.30377197265625,
    332.76788330078125,
    332.0859069824219,
    334.2292785644531,
    330.1860046386719,
    324.6325988769531,
    324.3890075683594,
    325.99658203125,
    330.08856201171875,
    325.6556091308594,
    322.3917236328125,
    323.46343994140625,
    325.0223083496094,
    323.56085205078125,
    321.2712707519531,
    326.1427307128906,
    327.5067443847656,
    331.3551940917969,
    331.2090759277344,
    330.62445068359375,
    327.4093017578125,
    326.4350280761719,
    333.206298828125,
    330.08856201171875,
    328.3348693847656,
    329.16302490234375,
    324.6325988769531,
    322.2942810058594,
    319.1278381347656,
    322.1968994140625,
    327.6528625488281,
    325.6556091308594,
    324.81903076171875,
    323.490478515625,
    321.5221862792969,
    318.9633483886719,
    320.4888000488281,
    325.8031921386719,
    326.44293212890625,
    325.8524475097656,
    329.73980712890625,
    331.06842041015625,
    331.6097106933594,
    333.28277587890625,
    333.8240661621094,
    337.5638427734375,
    342.0909118652344,
    335.10345458984375,
    332.5446472167969,
    335.54632568359375,
    335.05426025390625,
    334.857421875,
    336.57965087890625,
    333.7256164550781,
    332.64306640625,
    328.5096435546875,
    330.5271301269531,
    334.3161315917969,
    336.2844543457031,
    331.314453125,
    333.8732604980469,
    336.08758544921875,
    335.59552001953125,
    336.5304870605469,
    336.57965087890625,
    337.2193603515625,
    334.21771240234375,
    336.3336486816406,
    333.77484130859375,
    341.99249267578125,
    339.67974853515625,
    331.6097106933594,
    329.887451171875,
    325.3603515625,
    321.4729309082031,
    323.6564636230469,
    323.0113525390625,
    324.20233154296875,
    324.6986083984375,
    324.5001220703125,
    325.9888610839844,
    327.72576904296875,
    325.9888610839844,
    324.1527404785156,
    324.1527404785156,
    324.20233154296875,
    321.0263366699219,
    321.27447509765625,
    323.6564636230469,
    324.8970947265625,
    324.00384521484375,
    324.64898681640625,
    326.13775634765625,
    320.53009033203125,
    320.53009033203125,
    320.87744140625,
    317.1059265136719,
    317.45330810546875,
    319.190185546875,
    320.1827087402344,
    322.61431884765625,
    321.5225830078125,
    318.5946960449219,
    318.8428039550781,
    316.1134033203125,
    317.5029296875,
    318.29693603515625,
    320.82781982421875,
    320.133056640625,
    321.67144775390625,
    323.06097412109375,
    322.4654541015625,
    327.0805969238281,
    333.780029296875,
    349.4616394042969,
    347.972900390625,
    348.17138671875,
    346.2359924316406,
    341.8193359375,
    333.4822998046875,
    334.9214172363281,
    335.3680419921875,
    346.484130859375,
    346.484130859375,
    343.7547302246094,
    340.7772216796875,
    336.211669921875,
    336.1620788574219,
    339.88397216796875,
    334.17706298828125,
    342.1170959472656,
    345.4419860839844,
    355.46630859375,
    353.3324279785156,
    347.7247619628906,
    355.8633117675781,
    364.49810791015625,
    364.25,
    365.04998779296875,
    361.8999938964844,
    366.8999938964844,
    368.45001220703125,
    368.25,
    363.0,
    369.1000061035156,
    368.3999938964844,
    368.3999938964844,
    363.20001220703125,
    372.95001220703125,
    375.45001220703125,
    382.75,
    384.8999938964844,
    381.8999938964844,
    381.8999938964844,
    377.54998779296875,
    365.79998779296875,
    378.04998779296875,
    380.6000061035156,
    376.25,
    377.29998779296875,
    379.8999938964844,
    390.54998779296875,
    384.45001220703125,
    382.3999938964844,
    383.3500061035156,
    378.5,
    374.04998779296875,
    380.95001220703125,
    372.3999938964844,
    375.54998779296875,
    378.3999938964844,
    375.6499938964844,
    370.6499938964844,
    364.6499938964844,
    359.6499938964844,
    366.1000061035156,
    368.8500061035156,
    374.1499938964844,
    378.6499938964844,
    380.1499938964844,
    386.25,
    392.6000061035156,
    390.79998779296875,
    393.6000061035156,
    398.0,
    396.20001220703125,
    405.3999938964844,
    402.25,
    401.8500061035156,
    410.20001220703125,
    406.8500061035156,
    401.29998779296875,
    399.1499938964844,
    399.1499938964844,
    400.04998779296875,
    398.6499938964844,
    394.8500061035156,
    400.3500061035156,
    402.1499938964844,
    392.95001220703125,
    392.70001220703125,
    390.45001220703125,
    396.29998779296875,
    395.25,
    388.29998779296875,
    389.3999938964844,
    392.45001220703125,
    388.79998779296875,
    388.6499938964844,
    390.04998779296875,
    389.70001220703125,
    398.1499938964844,
    398.1499938964844,
    386.8999938964844,
    378.70001220703125,
    367.3999938964844,
    366.79998779296875,
    366.3999938964844,
    361.6499938964844
  ],
  "med": [
    361.74,
    363.04,
    360.43,
    359.13,
    359.13
  ],
  "up": [
    367.2,
    367.46,
    374.75,
    374.75,
    372.67
  ],
  "lo": [
    359.13,
    351.33,
    351.33,
    346.12,
    348.46
  ],
  "ret": -0.7,
  "cone_width_pct": 6.69,
  "asof": "2026-06-05",
  "fundamentals": {
    "mcap_cr": 351407.2039424,
    "pe": 11.901477,
    "roe": 13.694999999999999,
    "de": 1.18127,
    "sales_growth_yoy": 8.0,
    "hi_52w": 410.20001220703125,
    "lo_52w": 316.1134033203125
  },
  "status": [
    "Data OK",
    "Data as of 2026-06-05"
  ]
}