{
  "code": "ONGC",
  "last": 264.75,
  "hist": [
    230.33328247070312,
    232.11676025390625,
    234.6212158203125,
    235.15245056152344,
    238.5960693359375,
    243.60496520996094,
    239.35498046875,
    237.50511169433594,
    238.64349365234375,
    238.95654296875,
    238.4727325439453,
    231.39578247070312,
    229.48898315429688,
    232.16419982910156,
    230.3617401123047,
    231.6708984375,
    230.87400817871094,
    228.69212341308594,
    231.5191192626953,
    232.64801025390625,
    229.1190185546875,
    230.75070190429688,
    230.8550567626953,
    230.6083984375,
    229.34666442871094,
    231.68038940429688,
    231.15859985351562,
    230.38072204589844,
    231.3483428955078,
    233.66305541992188,
    232.45826721191406,
    233.7579345703125,
    232.9420928955078,
    232.25906372070312,
    227.95216369628906,
    227.69602966308594,
    229.04312133789062,
    229.39410400390625,
    228.62570190429688,
    224.63186645507812,
    222.7725067138672,
    222.4404754638672,
    221.76693725585938,
    221.91871643066406,
    221.45388793945312,
    221.78590393066406,
    223.42709350585938,
    226.41534423828125,
    224.77418518066406,
    225.93153381347656,
    225.7228240966797,
    225.7133331298828,
    226.0548553466797,
    224.1575469970703,
    224.60340881347656,
    222.1653594970703,
    221.4064483642578,
    221.71002197265625,
    226.46278381347656,
    227.19325256347656,
    226.7947998046875,
    224.7921600341797,
    223.27587890625,
    221.7500457763672,
    220.60568237304688,
    220.99667358398438,
    222.92300415039062,
    222.43666076660156,
    221.4925537109375,
    224.1913604736328,
    225.89837646484375,
    224.66818237304688,
    225.71719360351562,
    226.46102905273438,
    225.68858337402344,
    227.46234130859375,
    228.5590362548828,
    226.98553466796875,
    228.8546600341797,
    228.3969268798828,
    231.77279663085938,
    232.36407470703125,
    234.46206665039062,
    233.94711303710938,
    230.59982299804688,
    232.10658264160156,
    234.91981506347656,
    232.7741241455078,
    233.3463134765625,
    236.23585510253906,
    236.83663940429688,
    236.20724487304688,
    237.2085723876953,
    236.61729431152344,
    240.61305236816406,
    243.1402130126953,
    241.52854919433594,
    238.92510986328125,
    243.78866577148438,
    242.73013305664062,
    243.53118896484375,
    245.61012268066406,
    240.6511993408203,
    239.84060668945312,
    240.50816345214844,
    239.7452392578125,
    237.88563537597656,
    242.0816650390625,
    239.2207489013672,
    241.9075164794922,
    242.34716796875,
    241.2724609375,
    243.27532958984375,
    242.34716796875,
    241.2724609375,
    240.1000518798828,
    239.70925903320312,
    242.00521850585938,
    238.39028930664062,
    237.65753173828125,
    239.20120239257812,
    237.94085693359375,
    234.5017852783203,
    236.6609649658203,
    235.6839599609375,
    233.03627014160156,
    234.325927734375,
    233.78855895996094,
    232.92880249023438,
    232.5477752685547,
    229.9391632080078,
    226.87135314941406,
    227.5552520751953,
    226.66616821289062,
    227.53570556640625,
    228.79605102539062,
    230.07594299316406,
    228.39547729492188,
    229.13800048828125,
    229.4213409423828,
    229.2845458984375,
    234.853515625,
    232.4696044921875,
    235.90869140625,
    232.61614990234375,
    236.32879638671875,
    233.56385803222656,
    226.09950256347656,
    228.70811462402344,
    230.29087829589844,
    238.1753387451172,
    242.5230255126953,
    242.5230255126953,
    241.48739624023438,
    237.520751953125,
    234.86328125,
    236.79776000976562,
    238.40005493164062,
    239.8264923095703,
    242.2494659423828,
    262.4051513671875,
    269.0586242675781,
    262.77642822265625,
    248.1115264892578,
    251.09140014648438,
    260.8126525878906,
    263.01092529296875,
    262.7666931152344,
    260.470703125,
    265.8930969238281,
    268.2867736816406,
    269.9965515136719,
    261.2522888183594,
    265.306884765625,
    265.6000061035156,
    264.6000061035156,
    274.6499938964844,
    278.6499938964844,
    275.6499938964844,
    276.5,
    277.45001220703125,
    280.1000061035156,
    279.70001220703125,
    282.20001220703125,
    276.95001220703125,
    276.3500061035156,
    278.95001220703125,
    270.79998779296875,
    269.20001220703125,
    270.75,
    270.54998779296875,
    264.1000061035156,
    260.45001220703125,
    264.75,
    265.0,
    269.1000061035156,
    265.3999938964844,
    265.45001220703125,
    268.04998779296875,
    270.20001220703125,
    281.95001220703125,
    284.6499938964844,
    288.04998779296875,
    287.20001220703125,
    281.8500061035156,
    286.6499938964844,
    285.5,
    288.6000061035156,
    286.5,
    287.54998779296875,
    287.6000061035156,
    282.75,
    284.04998779296875,
    283.3500061035156,
    283.1000061035156,
    283.6499938964844,
    286.25,
    284.79998779296875,
    285.8999938964844,
    301.29998779296875,
    301.3999938964844,
    299.54998779296875,
    299.54998779296875,
    292.8999938964844,
    289.95001220703125,
    280.79998779296875,
    283.8999938964844,
    279.20001220703125,
    281.0,
    294.5,
    297.1499938964844,
    300.8999938964844,
    299.3500061035156,
    297.20001220703125,
    296.5,
    298.29998779296875,
    295.8500061035156,
    290.0,
    284.95001220703125,
    287.5,
    274.04998779296875,
    274.04998779296875,
    265.3999938964844,
    264.29998779296875,
    265.04998779296875,
    267.75,
    267.54998779296875,
    264.75
  ],
  "med": [
    264.52,
    262.64,
    261.71,
    259.83,
    258.89
  ],
  "up": [
    266.58,
    268.46,
    270.15,
    270.34,
    272.21
  ],
  "lo": [
    260.77,
    256.64,
    254.95,
    249.51,
    251.2
  ],
  "ret": -2.21,
  "cone_width_pct": 7.94,
  "asof": "2026-06-05",
  "fundamentals": {
    "mcap_cr": 332937.0882048,
    "pe": 8.036744,
    "roe": 12.703000000000001,
    "de": 0.42548,
    "sales_growth_yoy": 1.9,
    "hi_52w": 301.3999938964844,
    "lo_52w": 220.60568237304688
  },
  "status": [
    "Data OK",
    "Data as of 2026-06-05"
  ]
}