{
  "code": "ONGC",
  "last": 259.0,
  "hist": [
    232.1167449951172,
    234.62120056152344,
    235.1524658203125,
    238.59605407714844,
    243.60498046875,
    239.35498046875,
    237.505126953125,
    238.6435089111328,
    238.95655822753906,
    238.4727325439453,
    231.39576721191406,
    229.48899841308594,
    232.1641845703125,
    230.3617401123047,
    231.67088317871094,
    230.8740234375,
    228.69210815429688,
    231.51910400390625,
    232.64801025390625,
    229.11900329589844,
    230.75070190429688,
    230.85504150390625,
    230.6083984375,
    229.3466796875,
    231.6803741455078,
    231.1586151123047,
    230.38072204589844,
    231.34832763671875,
    233.66305541992188,
    232.45826721191406,
    233.75791931152344,
    232.94207763671875,
    232.25906372070312,
    227.95216369628906,
    227.69602966308594,
    229.04312133789062,
    229.3941192626953,
    228.62570190429688,
    224.63186645507812,
    222.77252197265625,
    222.44049072265625,
    221.76693725585938,
    221.91871643066406,
    221.45387268066406,
    221.785888671875,
    223.42709350585938,
    226.41534423828125,
    224.774169921875,
    225.93153381347656,
    225.7228240966797,
    225.7133331298828,
    226.0548553466797,
    224.15753173828125,
    224.60340881347656,
    222.16537475585938,
    221.4064483642578,
    221.71002197265625,
    226.4627685546875,
    227.19325256347656,
    226.79481506347656,
    224.7921600341797,
    223.27587890625,
    221.7500457763672,
    220.60568237304688,
    220.99667358398438,
    222.92300415039062,
    222.43666076660156,
    221.4925537109375,
    224.1913604736328,
    225.89837646484375,
    224.66818237304688,
    225.71719360351562,
    226.46102905273438,
    225.68858337402344,
    227.46234130859375,
    228.5590362548828,
    226.98553466796875,
    228.8546600341797,
    228.3969268798828,
    231.77279663085938,
    232.36407470703125,
    234.46206665039062,
    233.94711303710938,
    230.59982299804688,
    232.10658264160156,
    234.91981506347656,
    232.7741241455078,
    233.3463134765625,
    236.23585510253906,
    236.83663940429688,
    236.20724487304688,
    237.2085723876953,
    236.61729431152344,
    240.61305236816406,
    243.1402130126953,
    241.52854919433594,
    238.92510986328125,
    243.78866577148438,
    242.73013305664062,
    243.53118896484375,
    245.61012268066406,
    240.6511993408203,
    239.84060668945312,
    240.50816345214844,
    239.7452392578125,
    237.88563537597656,
    242.0816650390625,
    239.2207489013672,
    241.9075164794922,
    242.34716796875,
    241.2724609375,
    243.27532958984375,
    242.34716796875,
    241.2724609375,
    240.1000518798828,
    239.70925903320312,
    242.00521850585938,
    238.39028930664062,
    237.65753173828125,
    239.20120239257812,
    237.94085693359375,
    234.5017852783203,
    236.6609649658203,
    235.6839599609375,
    233.03627014160156,
    234.325927734375,
    233.78855895996094,
    232.92880249023438,
    232.5477752685547,
    229.9391632080078,
    226.87135314941406,
    227.5552520751953,
    226.66616821289062,
    227.53570556640625,
    228.79605102539062,
    230.07594299316406,
    228.39547729492188,
    229.13800048828125,
    229.4213409423828,
    229.2845458984375,
    234.853515625,
    232.4696044921875,
    235.90869140625,
    232.61614990234375,
    236.32879638671875,
    233.56385803222656,
    226.09950256347656,
    228.70811462402344,
    230.29087829589844,
    238.1753387451172,
    242.5230255126953,
    242.5230255126953,
    241.48739624023438,
    237.520751953125,
    234.86328125,
    236.79776000976562,
    238.40005493164062,
    239.8264923095703,
    242.2494659423828,
    262.4051513671875,
    269.0586242675781,
    262.77642822265625,
    248.1115264892578,
    251.09140014648438,
    260.8126525878906,
    263.01092529296875,
    262.7666931152344,
    260.470703125,
    265.8930969238281,
    268.2867736816406,
    269.9965515136719,
    261.2522888183594,
    265.306884765625,
    265.6000061035156,
    264.6000061035156,
    274.6499938964844,
    278.6499938964844,
    275.6499938964844,
    276.5,
    277.45001220703125,
    280.1000061035156,
    279.70001220703125,
    282.20001220703125,
    276.95001220703125,
    276.3500061035156,
    278.95001220703125,
    270.79998779296875,
    269.20001220703125,
    270.75,
    270.54998779296875,
    264.1000061035156,
    260.45001220703125,
    264.75,
    265.0,
    269.1000061035156,
    265.3999938964844,
    265.45001220703125,
    268.04998779296875,
    270.20001220703125,
    281.95001220703125,
    284.6499938964844,
    288.04998779296875,
    287.20001220703125,
    281.8500061035156,
    286.6499938964844,
    285.5,
    288.6000061035156,
    286.5,
    287.54998779296875,
    287.6000061035156,
    282.75,
    284.04998779296875,
    283.3500061035156,
    283.1000061035156,
    283.6499938964844,
    286.25,
    284.79998779296875,
    285.8999938964844,
    301.29998779296875,
    301.3999938964844,
    299.54998779296875,
    299.54998779296875,
    292.8999938964844,
    289.95001220703125,
    280.79998779296875,
    283.8999938964844,
    279.20001220703125,
    281.0,
    294.5,
    297.1499938964844,
    300.8999938964844,
    299.3500061035156,
    297.20001220703125,
    296.5,
    298.29998779296875,
    295.8500061035156,
    290.0,
    284.95001220703125,
    287.5,
    274.04998779296875,
    274.04998779296875,
    265.3999938964844,
    264.29998779296875,
    265.04998779296875,
    267.75,
    267.54998779296875,
    264.75,
    264.6499938964844,
    259.0
  ],
  "med": [
    259.33,
    257.45,
    256.51,
    257.45,
    256.51
  ],
  "up": [
    261.4,
    263.28,
    263.46,
    266.85,
    267.04
  ],
  "lo": [
    255.38,
    251.81,
    253.51,
    249.75,
    249.56
  ],
  "ret": -0.96,
  "cone_width_pct": 6.75,
  "asof": "2026-06-09",
  "fundamentals": {
    "mcap_cr": 326458.2516736,
    "pe": 7.8827467,
    "roe": 12.703000000000001,
    "de": 0.42548,
    "sales_growth_yoy": 1.9,
    "hi_52w": 301.3999938964844,
    "lo_52w": 220.60568237304688
  },
  "status": [
    "Data OK",
    "Data as of 2026-06-09"
  ]
}