{
  "code": "POWERGRID",
  "last": 285.70001220703125,
  "hist": [
    291.5220642089844,
    286.0993347167969,
    279.85345458984375,
    276.4642333984375,
    279.5145263671875,
    279.4176940917969,
    278.207275390625,
    277.3841857910156,
    283.8236999511719,
    281.0638732910156,
    276.8999938964844,
    281.257568359375,
    284.2110290527344,
    289.779052734375,
    290.4084777832031,
    288.13287353515625,
    285.518310546875,
    284.4047546386719,
    284.6951904296875,
    286.5350646972656,
    288.3265380859375,
    290.1663818359375,
    289.779052734375,
    289.1011962890625,
    288.7623291015625,
    288.6170349121094,
    287.6486511230469,
    287.21295166015625,
    284.8404541015625,
    287.6002502441406,
    288.37493896484375,
    289.779052734375,
    289.87591552734375,
    282.8553466796875,
    282.66168212890625,
    283.8236999511719,
    279.8050537109375,
    281.7901916503906,
    282.0322265625,
    278.8367004394531,
    276.94842529296875,
    275.7863464355469,
    276.51263427734375,
    275.8348083496094,
    275.8348083496094,
    275.64111328125,
    279.07879638671875,
    279.56298828125,
    281.1607360839844,
    280.0909423828125,
    280.4799499511719,
    276.2007751464844,
    275.5686340332031,
    276.3466796875,
    272.21337890625,
    266.9130554199219,
    267.6910705566406,
    272.1647644042969,
    278.8266296386719,
    278.1944580078125,
    274.0611877441406,
    277.5137023925781,
    275.0337219238281,
    276.0549011230469,
    275.17962646484375,
    278.92388916015625,
    279.7505187988281,
    278.3890075683594,
    280.43133544921875,
    279.2642517089844,
    281.1607360839844,
    278.34039306640625,
    278.7779846191406,
    280.6744689941406,
    285.245361328125,
    276.58978271484375,
    274.49884033203125,
    272.8941650390625,
    272.5537414550781,
    272.9427795410156,
    281.7442626953125,
    279.0211181640625,
    281.0634460449219,
    277.4650573730469,
    278.2917175292969,
    281.2093505859375,
    278.2917175292969,
    279.60467529296875,
    282.9599304199219,
    283.8352355957031,
    281.7928771972656,
    280.2854309082031,
    280.6744689941406,
    281.69561767578125,
    280.5771789550781,
    283.0571594238281,
    280.3340759277344,
    287.23907470703125,
    283.49481201171875,
    280.23681640625,
    280.0909423828125,
    271.38671875,
    262.7797546386719,
    264.53033447265625,
    265.2225646972656,
    264.67864990234375,
    264.134765625,
    266.854248046875,
    268.2881164550781,
    270.5131530761719,
    271.15594482421875,
    272.09539794921875,
    274.1226501464844,
    274.5181884765625,
    272.7381591796875,
    270.4142761230469,
    271.9964904785156,
    270.6614990234375,
    266.953125,
    266.65643310546875,
    264.48089599609375,
    265.46978759765625,
    266.1125793457031,
    266.8047790527344,
    262.255859375,
    261.6130676269531,
    262.5525207519531,
    261.86029052734375,
    260.6736145019531,
    259.2891845703125,
    257.459716796875,
    258.2013854980469,
    255.0863494873047,
    260.5252990722656,
    262.0580749511719,
    264.0358581542969,
    265.0741882324219,
    262.5030822753906,
    257.7069396972656,
    257.459716796875,
    261.66253662109375,
    263.83807373046875,
    267.9420471191406,
    268.6342468261719,
    265.56866455078125,
    261.1680603027344,
    256.4213562011719,
    255.1357879638672,
    255.67967224121094,
    255.92689514160156,
    255.48190307617188,
    255.48190307617188,
    254.44354248046875,
    254.7896728515625,
    251.22964477539062,
    252.96022033691406,
    256.3719177246094,
    251.32852172851562,
    251.52630615234375,
    256.9158020019531,
    257.6080322265625,
    253.65243530273438,
    267.39813232421875,
    280.0560302734375,
    286.18719482421875,
    286.13775634765625,
    289.5,
    289.75,
    294.3500061035156,
    294.45001220703125,
    293.8999938964844,
    287.20001220703125,
    300.5,
    300.75,
    300.54998779296875,
    294.6499938964844,
    298.95001220703125,
    303.3500061035156,
    304.79998779296875,
    307.25,
    303.25,
    298.6499938964844,
    296.79998779296875,
    291.95001220703125,
    299.45001220703125,
    299.1499938964844,
    295.20001220703125,
    298.6499938964844,
    298.79998779296875,
    303.6000061035156,
    300.95001220703125,
    297.75,
    298.5,
    299.3999938964844,
    296.70001220703125,
    297.6000061035156,
    302.1000061035156,
    299.0,
    295.0,
    295.5,
    296.1000061035156,
    292.79998779296875,
    289.95001220703125,
    295.1499938964844,
    295.3999938964844,
    294.8500061035156,
    298.1000061035156,
    302.75,
    300.3500061035156,
    312.45001220703125,
    312.25,
    318.1000061035156,
    319.70001220703125,
    319.3500061035156,
    319.75,
    319.1499938964844,
    316.3999938964844,
    320.8999938964844,
    319.0,
    320.3500061035156,
    318.3500061035156,
    318.3500061035156,
    319.04998779296875,
    319.45001220703125,
    315.95001220703125,
    313.79998779296875,
    313.95001220703125,
    310.8999938964844,
    306.29998779296875,
    301.5,
    301.75,
    305.8500061035156,
    296.54998779296875,
    298.6000061035156,
    299.8999938964844,
    299.54998779296875,
    294.29998779296875,
    295.3500061035156,
    292.54998779296875,
    300.1499938964844,
    300.1499938964844,
    290.54998779296875,
    286.1499938964844,
    282.1499938964844,
    285.04998779296875,
    284.6000061035156,
    285.6499938964844,
    290.29998779296875,
    285.70001220703125
  ],
  "med": [
    285.05,
    282.97,
    282.97,
    282.97,
    282.97
  ],
  "up": [
    287.33,
    289.62,
    291.29,
    289.62,
    289.42
  ],
  "lo": [
    282.76,
    278.8,
    280.68,
    276.52,
    276.72
  ],
  "ret": -0.96,
  "cone_width_pct": 4.45,
  "asof": "2026-06-09",
  "fundamentals": {
    "mcap_cr": 268229.410816,
    "pe": 14.341123,
    "roe": 16.492,
    "de": 1.50993,
    "sales_growth_yoy": -5.0,
    "hi_52w": 320.8999938964844,
    "lo_52w": 251.22964477539062
  },
  "status": [
    "Data OK",
    "Data as of 2026-06-09"
  ]
}