{
  "code": "POWERGRID",
  "last": 285.6499938964844,
  "hist": [
    290.989501953125,
    291.5220947265625,
    286.09930419921875,
    279.85345458984375,
    276.4642333984375,
    279.5145263671875,
    279.4176940917969,
    278.207275390625,
    277.3841857910156,
    283.8236999511719,
    281.0638732910156,
    276.9000244140625,
    281.257568359375,
    284.2110595703125,
    289.779052734375,
    290.4084777832031,
    288.1328430175781,
    285.5183410644531,
    284.4046936035156,
    284.6952209472656,
    286.53509521484375,
    288.3265380859375,
    290.1664123535156,
    289.779052734375,
    289.1011962890625,
    288.7622985839844,
    288.6170349121094,
    287.648681640625,
    287.21295166015625,
    284.8404541015625,
    287.60028076171875,
    288.37493896484375,
    289.779052734375,
    289.8758850097656,
    282.8553771972656,
    282.6616516113281,
    283.8236999511719,
    279.8050537109375,
    281.7901611328125,
    282.0322570800781,
    278.836669921875,
    276.9483947753906,
    275.786376953125,
    276.51263427734375,
    275.8348083496094,
    275.8348083496094,
    275.64111328125,
    279.07879638671875,
    279.5629577636719,
    281.1607360839844,
    280.0909118652344,
    280.47991943359375,
    276.2007751464844,
    275.5686340332031,
    276.3466491699219,
    272.2133483886719,
    266.9130554199219,
    267.6910705566406,
    272.1647644042969,
    278.8266296386719,
    278.1944580078125,
    274.0611877441406,
    277.5137023925781,
    275.0337219238281,
    276.0549011230469,
    275.17962646484375,
    278.92388916015625,
    279.75054931640625,
    278.38897705078125,
    280.43133544921875,
    279.2642822265625,
    281.1607360839844,
    278.3403625488281,
    278.7779846191406,
    280.6744689941406,
    285.245361328125,
    276.58978271484375,
    274.49884033203125,
    272.8941650390625,
    272.55377197265625,
    272.9427795410156,
    281.7442626953125,
    279.0211486816406,
    281.0634765625,
    277.4650573730469,
    278.2917175292969,
    281.2093505859375,
    278.2917175292969,
    279.6046447753906,
    282.9599304199219,
    283.835205078125,
    281.7928771972656,
    280.28546142578125,
    280.6744689941406,
    281.69561767578125,
    280.57720947265625,
    283.0571594238281,
    280.3340759277344,
    287.2391052246094,
    283.49481201171875,
    280.23681640625,
    280.0909118652344,
    271.3866882324219,
    262.77978515625,
    264.53033447265625,
    265.2225646972656,
    264.67864990234375,
    264.134765625,
    266.854248046875,
    268.2881164550781,
    270.5131530761719,
    271.15594482421875,
    272.09539794921875,
    274.1226501464844,
    274.5181884765625,
    272.7381591796875,
    270.4142761230469,
    271.9964904785156,
    270.6614990234375,
    266.953125,
    266.65643310546875,
    264.48089599609375,
    265.46978759765625,
    266.1125793457031,
    266.8047790527344,
    262.255859375,
    261.6130676269531,
    262.5525207519531,
    261.86029052734375,
    260.6736145019531,
    259.2891845703125,
    257.459716796875,
    258.2013854980469,
    255.0863494873047,
    260.5252990722656,
    262.0580749511719,
    264.0358581542969,
    265.0741882324219,
    262.5030822753906,
    257.7069396972656,
    257.459716796875,
    261.66253662109375,
    263.83807373046875,
    267.9420471191406,
    268.6342468261719,
    265.56866455078125,
    261.1680603027344,
    256.4213562011719,
    255.1357879638672,
    255.67967224121094,
    255.92689514160156,
    255.48190307617188,
    255.48190307617188,
    254.44354248046875,
    254.7896728515625,
    251.22964477539062,
    252.96022033691406,
    256.3719177246094,
    251.32852172851562,
    251.52630615234375,
    256.9158020019531,
    257.6080322265625,
    253.65243530273438,
    267.39813232421875,
    280.0560302734375,
    286.18719482421875,
    286.13775634765625,
    289.5,
    289.75,
    294.3500061035156,
    294.45001220703125,
    293.8999938964844,
    287.20001220703125,
    300.5,
    300.75,
    300.54998779296875,
    294.6499938964844,
    298.95001220703125,
    303.3500061035156,
    304.79998779296875,
    307.25,
    303.25,
    298.6499938964844,
    296.79998779296875,
    291.95001220703125,
    299.45001220703125,
    299.1499938964844,
    295.20001220703125,
    298.6499938964844,
    298.79998779296875,
    303.6000061035156,
    300.95001220703125,
    297.75,
    298.5,
    299.3999938964844,
    296.70001220703125,
    297.6000061035156,
    302.1000061035156,
    299.0,
    295.0,
    295.5,
    296.1000061035156,
    292.79998779296875,
    289.95001220703125,
    295.1499938964844,
    295.3999938964844,
    294.8500061035156,
    298.1000061035156,
    302.75,
    300.3500061035156,
    312.45001220703125,
    312.25,
    318.1000061035156,
    319.70001220703125,
    319.3500061035156,
    319.75,
    319.1499938964844,
    316.3999938964844,
    320.8999938964844,
    319.0,
    320.3500061035156,
    318.3500061035156,
    318.3500061035156,
    319.04998779296875,
    319.45001220703125,
    315.95001220703125,
    313.79998779296875,
    313.95001220703125,
    310.8999938964844,
    306.29998779296875,
    301.5,
    301.75,
    305.8500061035156,
    296.54998779296875,
    298.6000061035156,
    299.8999938964844,
    299.54998779296875,
    294.29998779296875,
    295.3500061035156,
    292.54998779296875,
    300.1499938964844,
    300.1499938964844,
    290.54998779296875,
    286.1499938964844,
    282.1499938964844,
    285.04998779296875,
    284.6000061035156,
    285.6499938964844
  ],
  "med": [
    284.95,
    281.83,
    282.87,
    282.87,
    282.87
  ],
  "up": [
    287.03,
    285.16,
    284.95,
    287.24,
    287.03
  ],
  "lo": [
    280.58,
    278.5,
    278.5,
    274.55,
    276.63
  ],
  "ret": -0.97,
  "cone_width_pct": 3.64,
  "asof": "2026-06-05",
  "fundamentals": {
    "mcap_cr": 265671.7504512,
    "pe": 14.204375,
    "roe": 16.492,
    "de": 1.50993,
    "sales_growth_yoy": -5.0,
    "hi_52w": 320.8999938964844,
    "lo_52w": 251.22964477539062
  },
  "status": [
    "Data OK",
    "Data as of 2026-06-05"
  ]
}