{
  "code": "QGOLDHALF",
  "last": 124.54000091552734,
  "hist": [
    80.44999694824219,
    80.58999633789062,
    81.0999984741211,
    83.0199966430664,
    82.9000015258789,
    82.38999938964844,
    82.6500015258789,
    82.56999969482422,
    82.11000061035156,
    82.48999786376953,
    80.83999633789062,
    80.88999938964844,
    80.91000366210938,
    79.69999694824219,
    79.75,
    80.80000305175781,
    81.0,
    80.75,
    80.66999816894531,
    80.44999694824219,
    80.68000030517578,
    79.8499984741211,
    80.56999969482422,
    81.0,
    81.88999938964844,
    81.5199966430664,
    81.23999786376953,
    81.04000091552734,
    81.55000305175781,
    82.11000061035156,
    82.58000183105469,
    83.58999633789062,
    82.22000122070312,
    81.94999694824219,
    81.80000305175781,
    81.70999908447266,
    82.4000015258789,
    82.08999633789062,
    81.68000030517578,
    83.18000030517578,
    83.3499984741211,
    83.25,
    83.83999633789062,
    84.08000183105469,
    83.05000305175781,
    82.79000091552734,
    83.0,
    82.91000366210938,
    82.75,
    82.1500015258789,
    81.83999633789062,
    82.33000183105469,
    82.52999877929688,
    83.3499984741211,
    83.5999984741211,
    84.2300033569336,
    85.12999725341797,
    86.63999938964844,
    86.58000183105469,
    87.94000244140625,
    88.05000305175781,
    88.68000030517578,
    89.97000122070312,
    91.2300033569336,
    90.8499984741211,
    90.58000183105469,
    91.1500015258789,
    90.9800033569336,
    92.13999938964844,
    91.12999725341797,
    91.52999877929688,
    91.26000213623047,
    93.08000183105469,
    95.0,
    94.6500015258789,
    94.25,
    94.08999633789062,
    96.4000015258789,
    95.70999908447266,
    97.68000030517578,
    97.83999633789062,
    99.1500015258789,
    99.7300033569336,
    101.93000030517578,
    101.75,
    100.5,
    102.75,
    105.0,
    105.48999786376953,
    105.41999816894531,
    108.2300033569336,
    105.5,
    106.06999969482422,
    101.62000274658203,
    100.23999786376953,
    96.55999755859375,
    99.62999725341797,
    99.68000030517578,
    99.88999938964844,
    99.94999694824219,
    99.80999755859375,
    100.05000305175781,
    99.75,
    101.5999984741211,
    103.18000030517578,
    102.6500015258789,
    105.41000366210938,
    103.77999877929688,
    101.8499984741211,
    100.73999786376953,
    102.05999755859375,
    101.3499984741211,
    101.80000305175781,
    102.22000122070312,
    103.27999877929688,
    104.05999755859375,
    104.0199966430664,
    104.38999938964844,
    106.69000244140625,
    105.5999984741211,
    106.31999969482422,
    105.88999938964844,
    107.0,
    106.80000305175781,
    106.30000305175781,
    106.30999755859375,
    107.0199966430664,
    109.37999725341797,
    111.0199966430664,
    109.37999725341797,
    110.0,
    110.0999984741211,
    108.86399841308594,
    111.29000091552734,
    112.86000061035156,
    113.76000213623047,
    114.33999633789062,
    113.37000274658203,
    111.0999984741211,
    110.38999938964844,
    110.37999725341797,
    111.6500015258789,
    112.94999694824219,
    113.54000091552734,
    113.19999694824219,
    112.44000244140625,
    113.58999633789062,
    116.70999908447266,
    116.69999694824219,
    117.80000305175781,
    117.80000305175781,
    117.80000305175781,
    120.20999908447266,
    124.06999969482422,
    133.38999938964844,
    124.27999877929688,
    128.22999572753906,
    131.60000610351562,
    136.05999755859375,
    146.35000610351562,
    131.3699951171875,
    119.97000122070312,
    124.01000213623047,
    129.52999877929688,
    125.66999816894531,
    125.12000274658203,
    128.38999938964844,
    128.38999938964844,
    129.1300048828125,
    129.07000732421875,
    126.4000015258789,
    127.08000183105469,
    124.69999694824219,
    124.70999908447266,
    127.16000366210938,
    127.6500015258789,
    130.2899932861328,
    131.47000122070312,
    131.9499969482422,
    130.8699951171875,
    131.7899932861328,
    138.8000030517578,
    134.07000732421875,
    132.6999969482422,
    130.99000549316406,
    131.41000366210938,
    132.25,
    133.1699981689453,
    132.97000122070312,
    130.49000549316406,
    127.30000305175781,
    128.47000122070312,
    127.94999694824219,
    122.05000305175781,
    121.41000366210938,
    110.47000122070312,
    115.19000244140625,
    119.33999633789062,
    117.6500015258789,
    121.80999755859375,
    123.75,
    120.88999938964844,
    123.0199966430664,
    121.80999755859375,
    124.55000305175781,
    123.2699966430664,
    123.69999694824219,
    123.8499984741211,
    125.44999694824219,
    125.73999786376953,
    124.79000091552734,
    125.30000305175781,
    125.37999725341797,
    125.30000305175781,
    124.16000366210938,
    124.02999877929688,
    124.6500015258789,
    122.80999755859375,
    121.69999694824219,
    123.5999984741211,
    123.5999984741211,
    122.69000244140625,
    122.3499984741211,
    124.16000366210938,
    124.83999633789062,
    124.4800033569336,
    123.72000122070312,
    124.9000015258789,
    131.41000366210938,
    131.9499969482422,
    129.69000244140625,
    129.85000610351562,
    131.27000427246094,
    130.88999938964844,
    131.0,
    130.69000244140625,
    130.72000122070312,
    129.75,
    129.05999755859375,
    129.05999755859375,
    128.8000030517578,
    127.86000061035156,
    128.80999755859375,
    127.98999786376953,
    128.83999633789062,
    127.94999694824219,
    124.54000091552734
  ],
  "med": [],
  "up": [],
  "lo": [],
  "ret": 0.0,
  "cone_width_pct": 0.0,
  "asof": "2026-06-08",
  "fundamentals": {
    "mcap_cr": "N/A",
    "pe": "N/A",
    "roe": "N/A",
    "de": "N/A",
    "sales_growth_yoy": "N/A",
    "hi_52w": 146.35000610351562,
    "lo_52w": 79.69999694824219
  },
  "status": [
    "Data OK",
    "Data as of 2026-06-08"
  ]
}