{
  "code": "RELIANCE",
  "last": 1269.199951171875,
  "hist": [
    1426.1834716796875,
    1436.4945068359375,
    1429.257080078125,
    1415.67431640625,
    1425.4896240234375,
    1418.946044921875,
    1417.85546875,
    1421.0281982421875,
    1453.6463623046875,
    1444.326904296875,
    1438.3782958984375,
    1454.737060546875,
    1482.497314453125,
    1502.4251708984375,
    1487.7518310546875,
    1515.3138427734375,
    1505.7960205078125,
    1504.8046875,
    1514.223388671875,
    1528.3016357421875,
    1524.4349365234375,
    1505.9942626953125,
    1504.2095947265625,
    1482.3980712890625,
    1470.9964599609375,
    1472.6820068359375,
    1472.8802490234375,
    1463.7591552734375,
    1463.362548828125,
    1416.3682861328125,
    1400.70361328125,
    1412.402587890625,
    1390.888427734375,
    1379.7841796875,
    1375.71923828125,
    1404.9666748046875,
    1398.026611328125,
    1378.2969970703125,
    1381.76708984375,
    1399.4146728515625,
    1379.7841796875,
    1380.874755859375,
    1377.5040283203125,
    1356.0888671875,
    1374.331298828125,
    1368.5810546875,
    1370.7620849609375,
    1367.4774169921875,
    1375.3409423828125,
    1413.564208984375,
    1406.4969482421875,
    1418.24267578125,
    1402.71435546875,
    1406.0987548828125,
    1378.5262451171875,
    1379.521728515625,
    1350.9537353515625,
    1347.6689453125,
    1360.2109375,
    1366.2828369140625,
    1353.0440673828125,
    1368.671875,
    1372.15576171875,
    1369.8662109375,
    1370.66259765625,
    1376.9337158203125,
    1388.579833984375,
    1392.8599853515625,
    1398.8323974609375,
    1407.2933349609375,
    1408.4876708984375,
    1400.9227294921875,
    1384.199951171875,
    1383.40380859375,
    1376.635009765625,
    1366.0838623046875,
    1371.2598876953125,
    1366.48193359375,
    1357.722412109375,
    1362.4007568359375,
    1357.125244140625,
    1368.671875,
    1378.4267578125,
    1361.1068115234375,
    1371.458984375,
    1375.3409423828125,
    1368.671875,
    1369.5677490234375,
    1367.97509765625,
    1391.8646240234375,
    1410.279541015625,
    1460.04931640625,
    1458.4566650390625,
    1441.7340087890625,
    1444.9193115234375,
    1477.2696533203125,
    1480.056884765625,
    1497.277099609375,
    1481.6494140625,
    1479.5592041015625,
    1477.866943359375,
    1466.3203125,
    1489.2144775390625,
    1471.19775390625,
    1482.44580078125,
    1486.5269775390625,
    1504.5435791015625,
    1503.9464111328125,
    1511.9095458984375,
    1511.3123779296875,
    1512.4072265625,
    1511.9095458984375,
    1541.9705810546875,
    1539.4820556640625,
    1528.831298828125,
    1532.61376953125,
    1562.6748046875,
    1556.2047119140625,
    1560.285888671875,
    1558.892333984375,
    1539.1834716796875,
    1531.718017578125,
    1528.53271484375,
    1533.5096435546875,
    1535.898681640625,
    1522.3612060546875,
    1529.8267822265625,
    1537.889404296875,
    1549.3365478515625,
    1549.037841796875,
    1535.201904296875,
    1537.292236328125,
    1537.292236328125,
    1557.8968505859375,
    1568.1495361328125,
    1563.4710693359375,
    1551.0286865234375,
    1552.0240478515625,
    1538.4866943359375,
    1532.71337890625,
    1563.172607421875,
    1568.3485107421875,
    1584.9718017578125,
    1570.8370361328125,
    1500.6614990234375,
    1497.277099609375,
    1463.831787109375,
    1468.51025390625,
    1476.373779296875,
    1446.11376953125,
    1452.086181640625,
    1452.086181640625,
    1451.1903076171875,
    1407.0941162109375,
    1387.5843505859375,
    1398.1356201171875,
    1396.0452880859375,
    1379.720703125,
    1374.146484375,
    1390.2718505859375,
    1384.59814453125,
    1388.9779052734375,
    1384.0009765625,
    1430.4859619140625,
    1450.095458984375,
    1436.757080078125,
    1444.123046875,
    1454.873291015625,
    1451.7874755859375,
    1461.9405517578125,
    1442.231689453125,
    1413.0665283203125,
    1430.4859619140625,
    1416.450927734375,
    1434.666748046875,
    1403.0130615234375,
    1412.8675537109375,
    1421.4278564453125,
    1422.2242431640625,
    1392.063720703125,
    1400.3255615234375,
    1387.48486328125,
    1351.75,
    1338.8099365234375,
    1383.005615234375,
    1398.334716796875,
    1417.4462890625,
    1402.3162841796875,
    1383.8017578125,
    1385.7926025390625,
    1374.3455810546875,
    1388.6793212890625,
    1391.167724609375,
    1401.6195068359375,
    1378.4267578125,
    1407.8905029296875,
    1401.3209228515625,
    1405.302490234375,
    1406.596435546875,
    1341.8956298828125,
    1337.7149658203125,
    1362.8984375,
    1344.2845458984375,
    1298.6953125,
    1298.5958251953125,
    1341.5970458984375,
    1323.87890625,
    1343.9859619140625,
    1309.0474853515625,
    1337.9140625,
    1337.1177978515625,
    1358.7178955078125,
    1357.0257568359375,
    1347.07177734375,
    1355.8311767578125,
    1337.21728515625,
    1321.6890869140625,
    1359.51416015625,
    1382.5078125,
    1418.83984375,
    1424.215087890625,
    1424.215087890625,
    1456.3663330078125,
    1456.864013671875,
    1431.2823486328125,
    1429.590087890625,
    1428.5947265625,
    1381.81103515625,
    1357.722412109375,
    1352.54638671875,
    1355.5325927734375,
    1330.24951171875,
    1329.7518310546875,
    1316.6124267578125,
    1353.442138671875,
    1343.388671875,
    1348.26611328125,
    1360.7086181640625,
    1350.0579833984375,
    1344.2845458984375,
    1344.2845458984375,
    1315.119384765625,
    1313.9249267578125,
    1308.5498046875,
    1307.15625,
    1297.699951171875,
    1291.0,
    1263.300048828125,
    1269.199951171875
  ],
  "med": [
    1263.02,
    1263.02,
    1273.46,
    1278.68,
    1268.24
  ],
  "up": [
    1284.94,
    1305.82,
    1305.82,
    1316.26,
    1305.82
  ],
  "lo": [
    1240.06,
    1251.54,
    1241.1,
    1230.66,
    1229.62
  ],
  "ret": -0.08,
  "cone_width_pct": 6.0,
  "asof": "2026-06-09",
  "fundamentals": {
    "mcap_cr": 1745824.1994752,
    "pe": 21.627829,
    "roe": 9.139,
    "de": 0.36652999999999997,
    "sales_growth_yoy": 12.5,
    "hi_52w": 1584.9718017578125,
    "lo_52w": 1263.300048828125
  },
  "status": [
    "Data OK",
    "Data as of 2026-06-09"
  ]
}