{
  "code": "SBILIFE",
  "last": 1782.800048828125,
  "hist": [
    1788.3140869140625,
    1783.0213623046875,
    1796.80224609375,
    1763.5484619140625,
    1752.763427734375,
    1795.3043212890625,
    1797.700927734375,
    1794.705078125,
    1786.916015625,
    1808.3861083984375,
    1816.075439453125,
    1840.4415283203125,
    1840.1419677734375,
    1858.2169189453125,
    1848.031005859375,
    1835.7481689453125,
    1859.91455078125,
    1854.222412109375,
    1807.68701171875,
    1797.20166015625,
    1805.789794921875,
    1814.3778076171875,
    1812.380615234375,
    1807.68701171875,
    1832.65234375,
    1848.7301025390625,
    1822.266845703125,
    1826.560791015625,
    1800.29736328125,
    1785.9173583984375,
    1802.1947021484375,
    1806.48876953125,
    1806.988037109375,
    1791.110107421875,
    1829.556640625,
    1847.93115234375,
    1830.8548583984375,
    1836.5469970703125,
    1838.1446533203125,
    1793.7064208984375,
    1828.95751953125,
    1854.422119140625,
    1851.7259521484375,
    1858.516357421875,
    1831.0545654296875,
    1848.430419921875,
    1835.448486328125,
    1837.745361328125,
    1838.044921875,
    1860.413818359375,
    1851.526123046875,
    1855.9200439453125,
    1874.6939697265625,
    1856.4193115234375,
    1844.236328125,
    1814.078125,
    1814.2779541015625,
    1802.99365234375,
    1807.2877197265625,
    1811.9810791015625,
    1808.1864013671875,
    1788.613525390625,
    1802.7939453125,
    1778.427734375,
    1803.1932373046875,
    1831.1544189453125,
    1811.6815185546875,
    1827.6593017578125,
    1819.67041015625,
    1816.275146484375,
    1801.4957275390625,
    1819.27099609375,
    1839.143310546875,
    1855.12109375,
    1816.8743896484375,
    1814.5775146484375,
    1807.2877197265625,
    1796.302978515625,
    1786.2169189453125,
    1788.1142578125,
    1798.5997314453125,
    1782.6219482421875,
    1768.441650390625,
    1781.623291015625,
    1770.4388427734375,
    1807.2877197265625,
    1807.8868408203125,
    1812.780029296875,
    1813.6787109375,
    1838.044921875,
    1833.151611328125,
    1841.5400390625,
    1837.1461181640625,
    1838.4443359375,
    1850.1280517578125,
    1837.24609375,
    1900.4581298828125,
    1934.1114501953125,
    1967.6646728515625,
    1965.66748046875,
    1952.985107421875,
    1966.8658447265625,
    1968.76318359375,
    1968.064208984375,
    1996.1251220703125,
    1986.53857421875,
    1994.5274658203125,
    1993.9281005859375,
    1985.140380859375,
    1998.1224365234375,
    1993.2291259765625,
    1990.532958984375,
    2002.0169677734375,
    2024.2860107421875,
    2019.6923828125,
    2012.003173828125,
    2028.1805419921875,
    2026.283203125,
    2001.7174072265625,
    1963.2708740234375,
    1968.863037109375,
    1978.749267578125,
    1970.0614013671875,
    2000.11962890625,
    2020.890625,
    2017.894775390625,
    2003.4149169921875,
    2011.7034912109375,
    2004.114013671875,
    2023.087646484375,
    2032.0751953125,
    2033.173583984375,
    2007.409423828125,
    2011.6036376953125,
    2025.584228515625,
    2019.49267578125,
    2021.9892578125,
    2022.58837890625,
    2016.297119140625,
    2007.010009765625,
    1992.7298583984375,
    2032.0751953125,
    2037.5675048828125,
    2064.530029296875,
    2072.71875,
    2092.890625,
    2067.92529296875,
    2080.008544921875,
    2067.12646484375,
    2095.087646484375,
    2079.509033203125,
    2065.92822265625,
    2065.92822265625,
    2078.111083984375,
    2070.8212890625,
    2046.2554931640625,
    2052.546630859375,
    2019.193115234375,
    1999.8199462890625,
    2035.3704833984375,
    2050.349609375,
    1993.52880859375,
    1995.7257080078125,
    1998.22216796875,
    1999.3206787109375,
    2038.86572265625,
    2014.9989013671875,
    1993.9281005859375,
    2021.1903076171875,
    2015.498291015625,
    2023.4871826171875,
    2019.29296875,
    2031.3760986328125,
    2039.5648193359375,
    2036.6688232421875,
    2056.740966796875,
    2040.1639404296875,
    2077.112548828125,
    2106.671630859375,
    2080.008544921875,
    2070.721435546875,
    2079.90869140625,
    2034.3719482421875,
    2029.37890625,
    1927.919921875,
    1942.2999267578125,
    1941.5999755859375,
    1912.5,
    1963.699951171875,
    1938.5999755859375,
    1939.4000244140625,
    1904.4000244140625,
    1909.199951171875,
    1932.0999755859375,
    1962.5,
    1903.0999755859375,
    1896.9000244140625,
    1832.300048828125,
    1836.0,
    1851.800048828125,
    1837.5999755859375,
    1777.300048828125,
    1790.5,
    1774.0,
    1836.800048828125,
    1841.4000244140625,
    1907.5999755859375,
    1904.0,
    1923.199951171875,
    1914.4000244140625,
    1971.0,
    1974.699951171875,
    1970.9000244140625,
    1982.5,
    1911.5999755859375,
    1884.800048828125,
    1828.0999755859375,
    1768.9000244140625,
    1815.4000244140625,
    1808.300048828125,
    1816.199951171875,
    1819.0,
    1819.0,
    1820.0999755859375,
    1821.199951171875,
    1859.0,
    1872.199951171875,
    1872.0999755859375,
    1884.4000244140625,
    1833.9000244140625,
    1837.5,
    1866.699951171875,
    1864.5,
    1860.4000244140625,
    1881.4000244140625,
    1864.199951171875,
    1859.9000244140625,
    1870.699951171875,
    1901.9000244140625,
    1883.199951171875,
    1864.5,
    1864.5,
    1830.0999755859375,
    1812.5,
    1801.699951171875,
    1784.199951171875,
    1764.9000244140625,
    1782.800048828125
  ],
  "med": [
    1787.0,
    1779.91,
    1787.0,
    1801.18,
    1787.0
  ],
  "up": [
    1802.6,
    1829.54,
    1833.8,
    1846.56,
    1887.69
  ],
  "lo": [
    1757.21,
    1744.45,
    1744.45,
    1754.38,
    1728.85
  ],
  "ret": 0.24,
  "cone_width_pct": 8.91,
  "asof": "2026-06-05",
  "fundamentals": {
    "mcap_cr": 176999.5894784,
    "pe": 71.72358,
    "roe": 13.697000000000001,
    "de": "N/A",
    "sales_growth_yoy": -82.19999999999999,
    "hi_52w": 2106.671630859375,
    "lo_52w": 1752.763427734375
  },
  "status": [
    "Data OK",
    "Data as of 2026-06-05"
  ]
}