{
  "code": "SBIN",
  "last": 1002.7000122070312,
  "hist": [
    802.5833740234375,
    800.6187744140625,
    791.679931640625,
    778.3206787109375,
    778.4680786132812,
    778.2716064453125,
    777.8787231445312,
    771.1990356445312,
    782.053466796875,
    776.2088012695312,
    781.3167114257812,
    785.8843383789062,
    782.9375,
    791.1396484375,
    805.824951171875,
    805.7758178710938,
    798.5068969726562,
    792.8095092773438,
    797.4754028320312,
    792.56396484375,
    798.2612915039062,
    796.5913696289062,
    793.693603515625,
    794.3321533203125,
    794.528564453125,
    801.9940185546875,
    816.9739990234375,
    814.32177734375,
    808.7717895507812,
    809.6068115234375,
    800.5697021484375,
    806.1196899414062,
    801.25732421875,
    792.269287109375,
    783.0357666015625,
    785.0494384765625,
    787.4560546875,
    782.4463500976562,
    779.9415283203125,
    781.6113891601562,
    786.4246215820312,
    790.8941040039062,
    790.8941040039062,
    790.0591430664062,
    808.8700561523438,
    806.0704956054688,
    807.29833984375,
    811.9151611328125,
    812.9957275390625,
    815.697021484375,
    814.272705078125,
    811.0802612304688,
    801.7975463867188,
    801.9940185546875,
    793.5462646484375,
    787.750732421875,
    788.291015625,
    791.7781372070312,
    789.666259765625,
    797.7701416015625,
    795.06884765625,
    792.318359375,
    794.4794311523438,
    794.528564453125,
    803.7130126953125,
    809.0665283203125,
    808.96826171875,
    810.1470336914062,
    816.82666015625,
    841.973388671875,
    839.222900390625,
    847.081298828125,
    840.1069946289062,
    855.1851806640625,
    850.8631591796875,
    845.902587890625,
    841.7769165039062,
    855.3325805664062,
    857.0025024414062,
    848.80029296875,
    851.9436645507812,
    858.5741577148438,
    849.3897094726562,
    843.0538940429688,
    846.835693359375,
    865.0573120117188,
    867.3165893554688,
    861.4227905273438,
    870.4107666015625,
    871.2457275390625,
    873.4067993164062,
    891.431884765625,
    891.775634765625,
    895.41015625,
    888.4849853515625,
    906.411865234375,
    913.779052734375,
    923.11083984375,
    917.8064575195312,
    920.4095458984375,
    932.8847045898438,
    940.644775390625,
    943.739013671875,
    938.92578125,
    934.3090209960938,
    936.4209594726562,
    940.2028198242188,
    937.1085815429688,
    950.7133178710938,
    956.1159057617188,
    955.2318725585938,
    965.3494873046875,
    964.1707153320312,
    955.3792114257812,
    953.4146118164062,
    966.1844482421875,
    966.4791870117188,
    955.624755859375,
    961.6658935546875,
    955.870361328125,
    950.1730346679688,
    934.2107543945312,
    931.31298828125,
    954.2987060546875,
    939.466064453125,
    942.3638305664062,
    942.7567749023438,
    946.1947631835938,
    946.0965576171875,
    950.1239624023438,
    944.1319580078125,
    958.5716552734375,
    960.2415771484375,
    962.94287109375,
    957.0491333007812,
    954.691650390625,
    951.7938842773438,
    949.1907348632812,
    947.962890625,
    956.2141723632812,
    964.8092651367188,
    967.3140869140625,
    981.2626953125,
    987.7457885742188,
    1000.8594360351562,
    989.3175048828125,
    980.3294677734375,
    982.7852172851562,
    997.1758422851562,
    1010.2402954101562,
    1010.14208984375,
    1010.14208984375,
    1023.8451538085938,
    1020.0142211914062,
    1018.0496215820312,
    1010.4368286132812,
    1029.7879638671875,
    1011.271728515625,
    1034.5030517578125,
    1044.6697998046875,
    1047.3218994140625,
    1058.078125,
    1010.4859008789062,
    1045.3572998046875,
    1049.2864990234375,
    1054.49267578125,
    1047.5184326171875,
    1125.708984375,
    1123.8426513671875,
    1161.9556884765625,
    1171.2874755859375,
    1177.377685546875,
    1186.70947265625,
    1191.9156494140625,
    1197.3182373046875,
    1184.3519287109375,
    1194.5677490234375,
    1206.0606689453125,
    1201.640380859375,
    1178.85107421875,
    1188.084716796875,
    1180.4227294921875,
    1168.831787109375,
    1153.704345703125,
    1148.79296875,
    1122.7620849609375,
    1079.050048828125,
    1092.5074462890625,
    1071.781005859375,
    1065.9854736328125,
    1028.4619140625,
    1047.8131103515625,
    1045.8485107421875,
    1050.8582763671875,
    1030.3282470703125,
    1039.26708984375,
    1013.6292724609375,
    1012.5487670898438,
    1041.821044921875,
    1001.4487915039062,
    962.058837890625,
    999.7789306640625,
    1000.3683471679688,
    1014.4642333984375,
    1012.1558227539062,
    1042.656005859375,
    1022.5189819335938,
    1047.8131103515625,
    1044.7188720703125,
    1052.528076171875,
    1048.255126953125,
    1061.1231689453125,
    1088.2344970703125,
    1092.1636962890625,
    1083.76513671875,
    1074.875244140625,
    1081.60400390625,
    1092.1636962890625,
    1071.9775390625,
    1067.655517578125,
    1049.5321044921875,
    1049.5321044921875,
    1049.4830322265625,
    1041.133544921875,
    1076.5943603515625,
    1072.6651611328125,
    1001.2523193359375,
    956.3615112304688,
    957.3438110351562,
    952.9234619140625,
    962.5499877929688,
    963.2000122070312,
    939.4000244140625,
    948.7999877929688,
    950.9000244140625,
    950.9000244140625,
    949.2000122070312,
    969.5999755859375,
    968.5,
    967.7999877929688,
    967.7999877929688,
    964.4000244140625,
    954.0999755859375,
    956.6500244140625,
    970.4500122070312,
    979.25,
    977.7000122070312,
    981.9500122070312,
    1002.7000122070312
  ],
  "med": [
    1007.99,
    1000.71,
    997.07,
    997.07,
    997.07
  ],
  "up": [
    1026.18,
    1026.18,
    1034.92,
    1034.92,
    1042.2
  ],
  "lo": [
    989.07,
    981.79,
    982.52,
    967.23,
    974.51
  ],
  "ret": -0.56,
  "cone_width_pct": 6.75,
  "asof": "2026-06-09",
  "fundamentals": {
    "mcap_cr": 926061.7433088,
    "pe": 11.006582,
    "roe": 15.476999999999999,
    "de": "N/A",
    "sales_growth_yoy": 7.1,
    "hi_52w": 1206.0606689453125,
    "lo_52w": 771.1990356445312
  },
  "status": [
    "Data OK",
    "Data as of 2026-06-09"
  ]
}