{
  "code": "SETFGOLD",
  "last": 125.0,
  "hist": [
    83.2300033569336,
    83.87000274658203,
    85.58999633789062,
    85.63999938964844,
    85.06999969482422,
    85.30999755859375,
    85.31999969482422,
    84.81999969482422,
    85.25,
    83.43000030517578,
    83.54000091552734,
    83.6500015258789,
    82.26000213623047,
    82.41000366210938,
    83.62999725341797,
    83.6500015258789,
    83.48999786376953,
    83.3499984741211,
    83.08999633789062,
    83.30000305175781,
    82.48999786376953,
    83.29000091552734,
    83.66999816894531,
    84.5,
    84.19000244140625,
    83.79000091552734,
    83.63999938964844,
    84.31999969482422,
    84.7300033569336,
    85.33999633789062,
    86.41000366210938,
    84.80000305175781,
    84.61000061035156,
    84.47000122070312,
    84.38999938964844,
    85.04000091552734,
    84.69999694824219,
    84.37999725341797,
    85.88999938964844,
    86.1500015258789,
    86.01000213623047,
    86.55000305175781,
    86.97000122070312,
    85.77999877929688,
    85.5,
    85.80000305175781,
    85.70999908447266,
    85.44999694824219,
    84.8499984741211,
    84.62999725341797,
    85.16000366210938,
    85.16000366210938,
    86.06999969482422,
    86.36000061035156,
    86.98999786376953,
    87.93000030517578,
    89.4000015258789,
    89.37999725341797,
    90.66999816894531,
    90.83999633789062,
    91.41000366210938,
    92.81999969482422,
    94.0999984741211,
    93.7300033569336,
    93.41000366210938,
    94.0199966430664,
    93.7699966430664,
    95.0999984741211,
    94.05000305175781,
    94.41999816894531,
    94.08000183105469,
    96.05000305175781,
    97.95999908447266,
    97.63999938964844,
    97.26000213623047,
    97.11000061035156,
    98.9800033569336,
    99.13999938964844,
    100.79000091552734,
    100.0999984741211,
    102.2699966430664,
    102.62999725341797,
    104.73999786376953,
    104.91000366210938,
    103.79000091552734,
    105.97000122070312,
    108.41000366210938,
    108.63999938964844,
    108.68000030517578,
    111.51000213623047,
    108.70999908447266,
    108.88999938964844,
    104.8499984741211,
    103.06999969482422,
    99.55999755859375,
    102.76000213623047,
    102.54000091552734,
    103.20999908447266,
    103.16999816894531,
    102.83000183105469,
    103.19999694824219,
    103.06999969482422,
    104.91999816894531,
    106.47000122070312,
    105.91999816894531,
    108.5999984741211,
    106.97000122070312,
    105.22000122070312,
    103.95999908447266,
    105.38999938964844,
    104.75,
    105.2699966430664,
    105.38999938964844,
    106.6500015258789,
    107.4800033569336,
    107.37999725341797,
    107.83000183105469,
    110.30999755859375,
    109.12000274658203,
    109.70999908447266,
    109.37000274658203,
    110.23999786376953,
    110.11000061035156,
    109.58000183105469,
    109.54000091552734,
    110.37999725341797,
    112.95999908447266,
    114.44999694824219,
    112.88999938964844,
    113.30000305175781,
    113.3499984741211,
    113.11000061035156,
    114.9800033569336,
    116.58000183105469,
    116.75,
    117.68000030517578,
    116.80000305175781,
    114.63999938964844,
    113.58000183105469,
    114.0,
    115.52999877929688,
    116.41000366210938,
    116.66000366210938,
    116.41999816894531,
    115.7300033569336,
    117.05000305175781,
    120.6500015258789,
    120.12999725341797,
    122.01000213623047,
    122.01000213623047,
    121.55999755859375,
    124.51000213623047,
    129.49000549316406,
    138.58999633789062,
    128.6300048828125,
    131.50999450683594,
    135.42999267578125,
    140.1199951171875,
    151.14999389648438,
    136.39999389648438,
    124.75,
    128.85000610351562,
    134.10000610351562,
    129.60000610351562,
    129.1199951171875,
    131.88999938964844,
    132.32000732421875,
    132.7100067138672,
    132.61000061035156,
    130.0800018310547,
    131.0399932861328,
    128.36000061035156,
    128.30999755859375,
    131.00999450683594,
    131.52999877929688,
    133.97999572753906,
    135.35000610351562,
    135.77000427246094,
    134.6699981689453,
    135.8000030517578,
    142.77000427246094,
    138.02000427246094,
    136.47999572753906,
    134.86000061035156,
    135.50999450683594,
    136.4199981689453,
    136.8699951171875,
    136.61000061035156,
    134.49000549316406,
    131.1199951171875,
    132.1300048828125,
    131.8699951171875,
    124.8499984741211,
    124.77999877929688,
    113.72000122070312,
    119.2300033569336,
    122.94000244140625,
    121.41999816894531,
    125.08999633789062,
    127.33000183105469,
    124.31999969482422,
    126.70999908447266,
    125.58999633789062,
    128.2100067138672,
    127.04000091552734,
    127.30999755859375,
    127.5999984741211,
    129.30999755859375,
    129.4499969482422,
    128.69000244140625,
    128.88999938964844,
    129.13999938964844,
    128.8699951171875,
    127.93000030517578,
    127.7300033569336,
    128.1300048828125,
    126.48999786376953,
    125.38999938964844,
    127.44000244140625,
    127.44000244140625,
    126.37000274658203,
    126.01000213623047,
    128.05999755859375,
    128.2899932861328,
    128.19000244140625,
    127.06999969482422,
    128.2899932861328,
    135.55999755859375,
    135.72999572753906,
    133.2899932861328,
    133.72999572753906,
    134.72999572753906,
    134.3300018310547,
    134.89999389648438,
    134.5800018310547,
    134.63999938964844,
    133.57000732421875,
    133.02000427246094,
    133.02000427246094,
    132.69000244140625,
    131.49000549316406,
    132.77000427246094,
    131.6999969482422,
    132.55999755859375,
    131.80999755859375,
    128.11000061035156,
    129.39999389648438,
    125.0
  ],
  "med": [
    125.21,
    124.77,
    126.54,
    126.1,
    126.1
  ],
  "up": [
    126.98,
    128.83,
    129.18,
    127.95,
    128.74
  ],
  "lo": [
    123.36,
    120.63,
    119.92,
    119.83,
    119.04
  ],
  "ret": 0.88,
  "cone_width_pct": 7.76,
  "asof": "2026-06-10",
  "fundamentals": {
    "mcap_cr": "N/A",
    "pe": "N/A",
    "roe": "N/A",
    "de": "N/A",
    "sales_growth_yoy": "N/A",
    "hi_52w": 151.14999389648438,
    "lo_52w": 82.26000213623047
  },
  "status": [
    "Data OK",
    "Data as of 2026-06-10"
  ],
  "calibration": {
    "bias_pct": 0.0,
    "coverage": null,
    "cone_scale": 1.0,
    "n": 0
  },
  "accuracy": {
    "history": [],
    "n": 0,
    "mae_pct": null,
    "directional_accuracy_pct": null,
    "calibration_pct": null
  }
}