{
  "code": "SHRIRAMFIN",
  "last": 923.2999877929688,
  "hist": [
    690.6740112304688,
    693.048828125,
    678.8494262695312,
    661.038330078125,
    660.1478271484375,
    669.0534057617188,
    658.0203857421875,
    655.1508178710938,
    645.354736328125,
    659.356201171875,
    654.70556640625,
    668.9544067382812,
    668.0143432617188,
    695.8194580078125,
    692.6035766601562,
    699.4310913085938,
    689.1402587890625,
    669.7954711914062,
    668.3112182617188,
    669.0534057617188,
    664.2542724609375,
    661.9288940429688,
    673.90185546875,
    664.6995239257812,
    664.2025756835938,
    665.6934814453125,
    680.304443359375,
    664.3019409179688,
    661.4194946289062,
    641.59033203125,
    651.6788940429688,
    636.2727661132812,
    650.0885620117188,
    629.7127075195312,
    612.1199340820312,
    629.6133422851562,
    634.483642578125,
    628.9672241210938,
    627.029052734375,
    610.4799194335938,
    621.1151123046875,
    626.2835693359375,
    626.7805786132812,
    623.5502319335938,
    605.95751953125,
    613.8593139648438,
    608.19384765625,
    615.4993286132812,
    612.71630859375,
    623.0036010742188,
    622.5563354492188,
    612.5671997070312,
    616.0460205078125,
    612.1199340820312,
    617.089599609375,
    591.0980224609375,
    568.1876831054688,
    576.7355346679688,
    585.0349731445312,
    581.0592041015625,
    582.7489013671875,
    582.251953125,
    588.911376953125,
    593.1356201171875,
    591.396240234375,
    601.1368408203125,
    616.2944946289062,
    629.0169677734375,
    619.8726806640625,
    614.3562622070312,
    619.47509765625,
    623.10302734375,
    629.3648681640625,
    624.0472412109375,
    624.991455078125,
    621.3636474609375,
    608.989013671875,
    602.3792724609375,
    608.0944213867188,
    612.368408203125,
    644.77099609375,
    641.8884887695312,
    667.3831787109375,
    662.7613525390625,
    662.8607788085938,
    664.9976806640625,
    661.0219116210938,
    668.0789794921875,
    670.364990234375,
    673.0486450195312,
    668.4268188476562,
    671.4086303710938,
    689.7468872070312,
    691.0390014648438,
    705.351806640625,
    711.11669921875,
    715.2415161132812,
    719.3167114257812,
    733.9773559570312,
    733.778564453125,
    744.3640747070312,
    791.6260986328125,
    791.67578125,
    787.7000122070312,
    816.3499755859375,
    821.0999755859375,
    832.2999877929688,
    822.5,
    814.0,
    809.2999877929688,
    817.9000244140625,
    820.2000122070312,
    818.0499877929688,
    826.5999755859375,
    823.2999877929688,
    828.2000122070312,
    838.25,
    856.5999755859375,
    867.6500244140625,
    851.6500244140625,
    851.5499877929688,
    843.4000244140625,
    828.0999755859375,
    828.1500244140625,
    854.9000244140625,
    834.25,
    846.7000122070312,
    837.25,
    847.1500244140625,
    848.0,
    855.3499755859375,
    848.4000244140625,
    864.2000122070312,
    869.4500122070312,
    901.7000122070312,
    934.8499755859375,
    957.7999877929688,
    973.7000122070312,
    960.25,
    955.5,
    979.4000244140625,
    996.2000122070312,
    1019.7000122070312,
    1010.3499755859375,
    1003.3499755859375,
    1002.6500244140625,
    995.8499755859375,
    992.9000244140625,
    975.4000244140625,
    972.7999877929688,
    979.0499877929688,
    981.0999755859375,
    981.0999755859375,
    995.4500122070312,
    1010.3499755859375,
    987.5,
    986.0,
    1005.5,
    1003.5499877929688,
    1001.0499877929688,
    1018.7999877929688,
    1022.7999877929688,
    1020.0,
    962.0999755859375,
    1000.4000244140625,
    998.7999877929688,
    992.0,
    1002.5,
    1062.699951171875,
    1048.5999755859375,
    1056.800048828125,
    1082.800048828125,
    1065.800048828125,
    1085.4000244140625,
    1075.0,
    1076.199951171875,
    1054.699951171875,
    1059.300048828125,
    1064.699951171875,
    1061.699951171875,
    1085.9000244140625,
    1104.5999755859375,
    1079.4000244140625,
    1052.5,
    1010.0,
    1039.5,
    1007.5,
    987.2000122070312,
    1062.9000244140625,
    1031.699951171875,
    1031.699951171875,
    1003.5999755859375,
    992.0,
    1004.5999755859375,
    1021.5999755859375,
    949.7999877929688,
    938.5999755859375,
    877.7000122070312,
    903.5999755859375,
    956.0,
    903.7999877929688,
    872.0999755859375,
    900.5499877929688,
    891.5999755859375,
    928.0,
    930.6500244140625,
    1023.2000122070312,
    996.2999877929688,
    1027.550048828125,
    1004.0999755859375,
    1020.9500122070312,
    1022.75,
    1036.949951171875,
    1045.1500244140625,
    1045.300048828125,
    1044.550048828125,
    1009.2999877929688,
    1011.2999877929688,
    974.6500244140625,
    953.25,
    956.8499755859375,
    937.3499755859375,
    937.3499755859375,
    960.4500122070312,
    964.4000244140625,
    1004.0999755859375,
    1015.6500244140625,
    1007.75,
    975.9500122070312,
    930.4500122070312,
    920.5499877929688,
    935.0999755859375,
    937.9000244140625,
    933.7000122070312,
    927.3499755859375,
    923.4500122070312,
    914.75,
    941.0,
    961.9500122070312,
    952.1500244140625,
    963.2000122070312,
    963.2000122070312,
    947.1500244140625,
    919.0499877929688,
    911.7000122070312,
    912.9500122070312,
    915.7999877929688,
    923.2999877929688
  ],
  "med": [
    930.08,
    926.78,
    920.18,
    923.48,
    916.89
  ],
  "up": [
    937.33,
    963.06,
    976.91,
    971.63,
    966.36
  ],
  "lo": [
    916.23,
    896.44,
    896.44,
    877.31,
    889.18
  ],
  "ret": -0.69,
  "cone_width_pct": 8.36,
  "asof": "2026-06-05",
  "fundamentals": {
    "mcap_cr": 217236.832256,
    "pe": 17.332457,
    "roe": 16.381999999999998,
    "de": 2.74993,
    "sales_growth_yoy": 16.7,
    "hi_52w": 1104.5999755859375,
    "lo_52w": 568.1876831054688
  },
  "status": [
    "Data OK",
    "Data as of 2026-06-05"
  ]
}