{
  "code": "SUNPHARMA",
  "last": 1786.4000244140625,
  "hist": [
    1674.1778564453125,
    1671.009033203125,
    1671.4052734375,
    1668.929443359375,
    1634.1702880859375,
    1631.99169921875,
    1631.5955810546875,
    1648.9256591796875,
    1646.3509521484375,
    1645.55859375,
    1653.3819580078125,
    1653.5799560546875,
    1671.20703125,
    1659.422607421875,
    1651.005126953125,
    1661.205078125,
    1663.3836669921875,
    1660.0169677734375,
    1669.05810546875,
    1661.7059326171875,
    1658.6259765625,
    1651.7703857421875,
    1661.2091064453125,
    1671.74072265625,
    1716.3509521484375,
    1690.02197265625,
    1692.406494140625,
    1682.669677734375,
    1681.378173828125,
    1667.17041015625,
    1671.641357421875,
    1681.080078125,
    1688.034912109375,
    1691.214111328125,
    1699.460693359375,
    1722.6103515625,
    1695.6851806640625,
    1619.18212890625,
    1631.0052490234375,
    1621.566650390625,
    1584.90478515625,
    1588.0841064453125,
    1576.6583251953125,
    1598.0196533203125,
    1611.73046875,
    1629.217041015625,
    1630.806640625,
    1622.1627197265625,
    1616.10205078125,
    1622.5601806640625,
    1629.6142578125,
    1631.2041015625,
    1646.0078125,
    1589.971923828125,
    1575.466064453125,
    1584.2093505859375,
    1553.210693359375,
    1555.098388671875,
    1568.51123046875,
    1572.088134765625,
    1583.3150634765625,
    1570.79638671875,
    1581.4273681640625,
    1583.116455078125,
    1599.3111572265625,
    1606.1666259765625,
    1591.660888671875,
    1600.1060791015625,
    1609.743408203125,
    1637.9600830078125,
    1645.3123779296875,
    1633.389892578125,
    1620.67236328125,
    1616.598876953125,
    1616.89697265625,
    1576.4595947265625,
    1579.04296875,
    1584.0106201171875,
    1625.64013671875,
    1620.67236328125,
    1644.020751953125,
    1642.4310302734375,
    1621.06982421875,
    1647.7962646484375,
    1660.1162109375,
    1657.63232421875,
    1643.7227783203125,
    1644.418212890625,
    1648.29296875,
    1668.2633056640625,
    1677.7020263671875,
    1679.5897216796875,
    1678.99365234375,
    1688.034912109375,
    1682.669677734375,
    1676.1123046875,
    1704.8258056640625,
    1692.406494140625,
    1679.788330078125,
    1695.3870849609375,
    1679.093017578125,
    1675.0194091796875,
    1680.48388671875,
    1686.8426513671875,
    1705.0245361328125,
    1720.9212646484375,
    1726.18701171875,
    1745.7598876953125,
    1752.5159912109375,
    1747.448974609375,
    1772.5855712890625,
    1765.928955078125,
    1768.2139892578125,
    1769.3070068359375,
    1765.332763671875,
    1793.25146484375,
    1798.6165771484375,
    1819.779052734375,
    1795.7353515625,
    1787.88623046875,
    1795.039794921875,
    1806.56494140625,
    1793.64892578125,
    1784.6075439453125,
    1764.5379638671875,
    1773.9765625,
    1795.5364990234375,
    1781.9249267578125,
    1785.501708984375,
    1769.8037109375,
    1781.328857421875,
    1734.6322021484375,
    1733.638671875,
    1758.3779296875,
    1744.567626953125,
    1725.7896728515625,
    1708.402587890625,
    1706.1173095703125,
    1709.0980224609375,
    1708.6011962890625,
    1709.9921875,
    1716.84765625,
    1717.741943359375,
    1748.83984375,
    1771.0953369140625,
    1749.336669921875,
    1718.7354736328125,
    1724.7960205078125,
    1717.5430908203125,
    1689.723876953125,
    1689.723876953125,
    1658.129150390625,
    1664.587158203125,
    1603.384765625,
    1602.4906005859375,
    1623.653076171875,
    1621.367919921875,
    1628.32275390625,
    1600.205322265625,
    1579.04296875,
    1585.004150390625,
    1617.393798828125,
    1691.1148681640625,
    1693.4000244140625,
    1702.5999755859375,
    1695.0999755859375,
    1704.5999755859375,
    1707.800048828125,
    1711.0999755859375,
    1714.9000244140625,
    1697.5,
    1700.5,
    1717.0999755859375,
    1724.4000244140625,
    1713.4000244140625,
    1724.4000244140625,
    1732.300048828125,
    1731.800048828125,
    1764.199951171875,
    1785.699951171875,
    1737.0,
    1752.5,
    1750.5,
    1784.5,
    1799.4000244140625,
    1807.4000244140625,
    1812.800048828125,
    1825.9000244140625,
    1825.300048828125,
    1801.5999755859375,
    1783.199951171875,
    1794.4000244140625,
    1778.300048828125,
    1744.4000244140625,
    1777.0999755859375,
    1758.4000244140625,
    1753.300048828125,
    1795.4000244140625,
    1793.5999755859375,
    1757.199951171875,
    1728.5,
    1693.5999755859375,
    1694.5999755859375,
    1718.0,
    1714.5999755859375,
    1717.0999755859375,
    1654.9000244140625,
    1652.199951171875,
    1696.5999755859375,
    1693.0999755859375,
    1675.5,
    1668.5999755859375,
    1665.199951171875,
    1669.800048828125,
    1680.0999755859375,
    1620.4000244140625,
    1733.5,
    1747.300048828125,
    1778.699951171875,
    1808.300048828125,
    1808.300048828125,
    1823.5,
    1820.800048828125,
    1850.199951171875,
    1834.4000244140625,
    1847.9000244140625,
    1872.699951171875,
    1845.699951171875,
    1824.800048828125,
    1863.199951171875,
    1878.199951171875,
    1905.800048828125,
    1882.300048828125,
    1880.300048828125,
    1891.300048828125,
    1844.5999755859375,
    1840.5999755859375,
    1840.800048828125,
    1844.300048828125,
    1844.300048828125,
    1799.199951171875,
    1796.5,
    1789.9000244140625,
    1788.5,
    1780.0999755859375,
    1782.199951171875,
    1788.800048828125,
    1779.0,
    1786.4000244140625
  ],
  "med": [
    1789.69,
    1777.0,
    1757.96,
    1745.27,
    1745.27
  ],
  "up": [
    1802.38,
    1815.08,
    1804.92,
    1816.35,
    1807.46
  ],
  "lo": [
    1763.04,
    1724.96,
    1724.96,
    1688.15,
    1699.57
  ],
  "ret": -2.3,
  "cone_width_pct": 6.04,
  "asof": "2026-06-10",
  "fundamentals": {
    "mcap_cr": 430488.6562816,
    "pe": 37.472847,
    "roe": 14.719999999999999,
    "de": 0.055170000000000004,
    "sales_growth_yoy": 12.8,
    "hi_52w": 1905.800048828125,
    "lo_52w": 1553.210693359375
  },
  "status": [
    "Data OK",
    "Data as of 2026-06-10"
  ],
  "calibration": {
    "bias_pct": 0.0,
    "coverage": null,
    "cone_scale": 1.0,
    "n": 0
  },
  "accuracy": {
    "history": [],
    "n": 0,
    "mae_pct": null,
    "directional_accuracy_pct": null,
    "calibration_pct": null
  }
}