{
  "code": "TATASTEEL",
  "last": 203.17999267578125,
  "hist": [
    155.67999267578125,
    156.41000366210938,
    152.88999938964844,
    152.1300048828125,
    154.1699981689453,
    152.60000610351562,
    152.11000061035156,
    151.0,
    151.97000122070312,
    152.42999267578125,
    154.7899932861328,
    156.38999938964844,
    160.5399932861328,
    161.4499969482422,
    159.75999450683594,
    160.05999755859375,
    165.8800048828125,
    165.91000366210938,
    163.00999450683594,
    162.39999389648438,
    161.97000122070312,
    159.0,
    160.66000366210938,
    159.83999633789062,
    160.44000244140625,
    159.0,
    157.3300018310547,
    159.89999389648438,
    162.3699951171875,
    163.02000427246094,
    163.0399932861328,
    162.77000427246094,
    163.47999572753906,
    161.42999267578125,
    159.67999267578125,
    161.69000244140625,
    161.36000061035156,
    157.94000244140625,
    153.00999450683594,
    159.55999755859375,
    159.6199951171875,
    158.66000366210938,
    159.6699981689453,
    157.9499969482422,
    158.52000427246094,
    160.16000366210938,
    160.17999267578125,
    155.3000030517578,
    157.9600067138672,
    159.22999572753906,
    161.9199981689453,
    161.50999450683594,
    158.5500030517578,
    159.6300048828125,
    155.02999877929688,
    153.6300048828125,
    154.47999572753906,
    156.1699981689453,
    158.38999938964844,
    167.85000610351562,
    166.80999755859375,
    167.67999267578125,
    168.82000732421875,
    169.14999389648438,
    169.42999267578125,
    169.41000366210938,
    169.77999877929688,
    169.22999572753906,
    172.02000427246094,
    171.36000061035156,
    172.02999877929688,
    171.47999572753906,
    171.38999938964844,
    173.2899932861328,
    172.66000366210938,
    172.3800048828125,
    167.39999389648438,
    168.97999572753906,
    168.77000427246094,
    167.50999450683594,
    173.2100067138672,
    170.05999755859375,
    171.42999267578125,
    171.94000244140625,
    176.4199981689453,
    173.86000061035156,
    173.02999877929688,
    170.50999450683594,
    173.24000549316406,
    174.0,
    172.22000122070312,
    171.9499969482422,
    172.77999877929688,
    174.16000366210938,
    174.44000244140625,
    176.66000366210938,
    181.80999755859375,
    185.19000244140625,
    184.35000610351562,
    182.83999633789062,
    182.6699981689453,
    179.2899932861328,
    177.27000427246094,
    181.3699951171875,
    181.47999572753906,
    181.0399932861328,
    178.61000061035156,
    176.64999389648438,
    174.25999450683594,
    173.1699981689453,
    172.4499969482422,
    173.2100067138672,
    172.4600067138672,
    168.0,
    165.36000061035156,
    166.3300018310547,
    169.6699981689453,
    168.1300048828125,
    167.9600067138672,
    168.6300048828125,
    167.77999877929688,
    166.9199981689453,
    166.77000427246094,
    167.11000061035156,
    163.47000122070312,
    160.6699981689453,
    162.22999572753906,
    166.3800048828125,
    171.88999938964844,
    172.8699951171875,
    169.8300018310547,
    170.33999633789062,
    168.1199951171875,
    168.69000244140625,
    169.22000122070312,
    170.89999389648438,
    170.07000732421875,
    169.1199951171875,
    172.3000030517578,
    175.8000030517578,
    180.0800018310547,
    181.88999938964844,
    182.8800048828125,
    185.72000122070312,
    186.1999969482422,
    183.8000030517578,
    180.1199951171875,
    178.39999389648438,
    183.24000549316406,
    182.57000732421875,
    189.25,
    189.25,
    188.2100067138672,
    188.27000427246094,
    183.55999755859375,
    184.41000366210938,
    189.10000610351562,
    187.61000061035156,
    192.27999877929688,
    193.85000610351562,
    202.32000732421875,
    193.1300048828125,
    188.50999450683594,
    192.92999267578125,
    195.39999389648438,
    197.75999450683594,
    197.05999755859375,
    202.0,
    208.00999450683594,
    207.58999633789062,
    208.11000061035156,
    203.17999267578125,
    205.80999755859375,
    203.0800018310547,
    209.02999877929688,
    205.41000366210938,
    208.36000061035156,
    208.13999938964844,
    209.1300048828125,
    214.63999938964844,
    215.52000427246094,
    212.3300018310547,
    211.00999450683594,
    196.72999572753906,
    200.57000732421875,
    198.4600067138672,
    191.00999450683594,
    195.0,
    194.74000549316406,
    193.47000122070312,
    183.50999450683594,
    186.94000244140625,
    195.42999267578125,
    195.41000366210938,
    190.50999450683594,
    196.77000427246094,
    187.1699981689453,
    190.7899932861328,
    196.64999389648438,
    193.22000122070312,
    191.86000061035156,
    194.60000610351562,
    194.13999938964844,
    196.10000610351562,
    198.1300048828125,
    204.17999267578125,
    205.1999969482422,
    206.61000061035156,
    206.38999938964844,
    208.72000122070312,
    210.69000244140625,
    212.1199951171875,
    211.72000122070312,
    212.00999450683594,
    213.02999877929688,
    210.91000366210938,
    210.07000732421875,
    213.27000427246094,
    215.0500030517578,
    215.8800048828125,
    211.36000061035156,
    211.36000061035156,
    212.24000549316406,
    211.32000732421875,
    215.47000122070312,
    217.08999633789062,
    214.49000549316406,
    212.0800018310547,
    212.0,
    219.6199951171875,
    221.1300048828125,
    216.83999633789062,
    209.7100067138672,
    209.2899932861328,
    207.00999450683594,
    208.5800018310547,
    209.19000244140625,
    210.22000122070312,
    210.47000122070312,
    214.6999969482422,
    214.6999969482422,
    208.02000427246094,
    210.57000732421875,
    210.60000610351562,
    211.88999938964844,
    210.57000732421875,
    206.77000427246094,
    202.72000122070312,
    203.17999267578125
  ],
  "med": [
    204.7,
    204.7,
    206.09,
    204.7,
    204.0
  ],
  "up": [
    207.63,
    209.02,
    210.41,
    211.94,
    213.61
  ],
  "lo": [
    200.24,
    200.11,
    199.83,
    199.69,
    194.67
  ],
  "ret": 0.4,
  "cone_width_pct": 9.32,
  "asof": "2026-06-09",
  "fundamentals": {
    "mcap_cr": 251706.8414976,
    "pe": 23.304852,
    "roe": 11.156998999999999,
    "de": 0.8901699999999999,
    "sales_growth_yoy": 12.5,
    "hi_52w": 221.1300048828125,
    "lo_52w": 151.0
  },
  "status": [
    "Data OK",
    "Data as of 2026-06-09"
  ]
}