{
  "code": "TATACONSUM",
  "last": 1106.5,
  "hist": [
    1105.7435302734375,
    1095.0341796875,
    1075.9952392578125,
    1069.3515625,
    1074.3095703125,
    1062.6085205078125,
    1056.26220703125,
    1079.16845703125,
    1090.968505859375,
    1100.0914306640625,
    1098.4056396484375,
    1117.0479736328125,
    1135.789306640625,
    1114.866455078125,
    1089.6795654296875,
    1086.4071044921875,
    1086.6055908203125,
    1080.25927734375,
    1080.556640625,
    1092.654296875,
    1090.671142578125,
    1088.6878662109375,
    1079.763427734375,
    1067.7650146484375,
    1062.806884765625,
    1072.7230224609375,
    1072.425537109375,
    1096.5216064453125,
    1086.7047119140625,
    1081.1517333984375,
    1075.6978759765625,
    1053.68408203125,
    1063.798583984375,
    1045.5528564453125,
    1051.0067138671875,
    1052.6925048828125,
    1064.095947265625,
    1064.195068359375,
    1061.418701171875,
    1063.60009765625,
    1055.667236328125,
    1043.96630859375,
    1043.96630859375,
    1042.181396484375,
    1050.21337890625,
    1038.0167236328125,
    1047.2386474609375,
    1042.379638671875,
    1062.3111572265625,
    1076.689453125,
    1096.02587890625,
    1078.9700927734375,
    1075.003662109375,
    1072.524658203125,
    1070.8389892578125,
    1053.48583984375,
    1056.4605712890625,
    1066.674072265625,
    1091.5635986328125,
    1095.1334228515625,
    1062.11279296875,
    1063.40185546875,
    1065.1866455078125,
    1074.40869140625,
    1091.7618408203125,
    1096.02587890625,
    1094.6375732421875,
    1093.348388671875,
    1082.9365234375,
    1126.7657470703125,
    1119.824462890625,
    1117.345458984375,
    1120.61767578125,
    1119.0311279296875,
    1130.5338134765625,
    1124.6832275390625,
    1109.61083984375,
    1113.6763916015625,
    1119.824462890625,
    1135.1944580078125,
    1127.95556640625,
    1132.5169677734375,
    1110.6024169921875,
    1110.80078125,
    1108.6192626953125,
    1117.0479736328125,
    1107.627685546875,
    1109.51171875,
    1104.85107421875,
    1139.6566162109375,
    1156.2164306640625,
    1166.529296875,
    1164.7442626953125,
    1151.2584228515625,
    1145.6063232421875,
    1160.083740234375,
    1159.0921630859375,
    1167.2232666015625,
    1166.7275390625,
    1155.224853515625,
    1187.4521484375,
    1169.4049072265625,
    1180.4117431640625,
    1157.4063720703125,
    1133.1119384765625,
    1146.4986572265625,
    1152.25,
    1145.1104736328125,
    1148.0853271484375,
    1169.00830078125,
    1144.416259765625,
    1152.3492431640625,
    1164.0501708984375,
    1173.1729736328125,
    1176.0487060546875,
    1167.8182373046875,
    1175.3546142578125,
    1167.8182373046875,
    1162.5628662109375,
    1154.0350341796875,
    1152.4483642578125,
    1130.4346923828125,
    1138.76416015625,
    1153.142578125,
    1136.18603515625,
    1137.078369140625,
    1130.5338134765625,
    1132.5169677734375,
    1139.6566162109375,
    1147.688720703125,
    1160.083740234375,
    1169.9007568359375,
    1161.6702880859375,
    1174.0654296875,
    1168.9091796875,
    1175.6519775390625,
    1169.3056640625,
    1165.8350830078125,
    1185.17138671875,
    1169.107421875,
    1181.998291015625,
    1167.0250244140625,
    1160.876953125,
    1172.181396484375,
    1200.2440185546875,
    1202.4254150390625,
    1187.35302734375,
    1166.033447265625,
    1182.2958984375,
    1179.420166015625,
    1161.5711669921875,
    1161.5711669921875,
    1179.1226806640625,
    1170.2972412109375,
    1175.0570068359375,
    1153.8365478515625,
    1165.3392333984375,
    1143.8214111328125,
    1177.4368896484375,
    1122.303466796875,
    1097.9097900390625,
    1124.3858642578125,
    1115.9571533203125,
    1145.7054443359375,
    1143.3255615234375,
    1146.2012939453125,
    1149.57275390625,
    1157.4063720703125,
    1142.5322265625,
    1142.928955078125,
    1139.6566162109375,
    1122.7000732421875,
    1129.641357421875,
    1138.86328125,
    1159.8853759765625,
    1150.7625732421875,
    1146.4986572265625,
    1161.9678955078125,
    1168.1158447265625,
    1162.463623046875,
    1149.77099609375,
    1131.42626953125,
    1115.7587890625,
    1101.28125,
    1109.7099609375,
    1107.330078125,
    1093.249267578125,
    1090.2744140625,
    1064.3934326171875,
    1048.9244384765625,
    1074.5078125,
    1083.531494140625,
    1068.954833984375,
    1066.0792236328125,
    1035.8350830078125,
    1041.3880615234375,
    1015.0112915039062,
    1044.2637939453125,
    1047.2386474609375,
    1039.702392578125,
    1006.28515625,
    1015.2095947265625,
    1033.2569580078125,
    1046.3460693359375,
    1053.089111328125,
    1059.5345458984375,
    1068.954833984375,
    1084.5230712890625,
    1081.1517333984375,
    1085.0189208984375,
    1093.348388671875,
    1103.8594970703125,
    1110.9991455078125,
    1132.4178466796875,
    1168.710693359375,
    1174.462158203125,
    1164.1494140625,
    1150.7625732421875,
    1138.0699462890625,
    1158.19970703125,
    1134.9959716796875,
    1134.9959716796875,
    1150.6634521484375,
    1143.8214111328125,
    1142.5322265625,
    1142.036376953125,
    1166.330810546875,
    1260.33544921875,
    1242.4864501953125,
    1224.6375732421875,
    1217.9937744140625,
    1223.6458740234375,
    1220.671142578125,
    1200.73974609375,
    1198.55810546875,
    1184.8740234375,
    1181.800048828125,
    1187.199951171875,
    1187.5999755859375,
    1204.5999755859375,
    1204.5999755859375,
    1178.4000244140625,
    1143.300048828125,
    1154.699951171875,
    1144.0,
    1149.300048828125,
    1130.9000244140625,
    1107.0,
    1106.5
  ],
  "med": [
    1107.44,
    1119.98,
    1128.33,
    1115.8,
    1128.33
  ],
  "up": [
    1153.41,
    1145.05,
    1154.24,
    1153.41,
    1153.41
  ],
  "lo": [
    1094.07,
    1077.35,
    1069.83,
    1068.99,
    1068.16
  ],
  "ret": 1.97,
  "cone_width_pct": 7.7,
  "asof": "2026-06-09",
  "fundamentals": {
    "mcap_cr": 109651.9778304,
    "pe": 71.02564,
    "roe": 6.94,
    "de": 0.12159,
    "sales_growth_yoy": 17.9,
    "hi_52w": 1260.33544921875,
    "lo_52w": 1006.28515625
  },
  "status": [
    "Data OK",
    "Data as of 2026-06-09"
  ]
}