{
  "code": "TCS",
  "last": 2151.39990234375,
  "hist": [
    3292.350341796875,
    3331.798095703125,
    3340.457275390625,
    3304.184814453125,
    3315.24951171875,
    3363.933349609375,
    3382.21435546875,
    3320.733642578125,
    3294.370849609375,
    3305.6279296875,
    3265.121826171875,
    3262.04296875,
    3314.38330078125,
    3311.4970703125,
    3310.823486328125,
    3330.93212890625,
    3299.854736328125,
    3293.697509765625,
    3272.04931640625,
    3290.329833984375,
    3282.53662109375,
    3277.24462890625,
    3255.69287109375,
    3253.960693359375,
    3142.352783203125,
    3100.69189453125,
    3129.171142578125,
    3121.2548828125,
    3098.181640625,
    3079.549072265625,
    3048.94580078125,
    3050.29736328125,
    3069.123046875,
    3039.098876953125,
    3027.32080078125,
    2972.775390625,
    2950.281494140625,
    2947.96435546875,
    2931.74560546875,
    2899.11474609375,
    2968.044677734375,
    2957.908203125,
    2927.401123046875,
    2941.5927734375,
    2931.359375,
    2935.607177734375,
    2930.39404296875,
    2931.166259765625,
    2917.747314453125,
    2907.03125,
    2911.8583984375,
    2991.407470703125,
    2995.26953125,
    2948.350341796875,
    3031.954833984375,
    3047.98046875,
    2986.67724609375,
    2977.988525390625,
    3004.92333984375,
    3003.861328125,
    2990.345458984375,
    2988.608154296875,
    2942.84765625,
    2914.561279296875,
    2943.909423828125,
    3002.413330078125,
    3016.1220703125,
    3025.00390625,
    3004.247314453125,
    3036.87841796875,
    3063.041015625,
    3066.805908203125,
    3059.565185546875,
    2967.465576171875,
    2956.4599609375,
    2930.39404296875,
    2855.09228515625,
    2798.80908203125,
    2795.912841796875,
    2788.479248046875,
    2813.38671875,
    2801.511962890625,
    2885.019775390625,
    2870.828369140625,
    2922.4775390625,
    2955.7841796875,
    2923.53955078125,
    2903.169677734375,
    2857.891845703125,
    2877.756591796875,
    2878.628662109375,
    2870.391845703125,
    2921.749267578125,
    2913.512939453125,
    2977.95166015625,
    2968.26171875,
    2989.2890625,
    2963.1259765625,
    2962.83544921875,
    2941.2265625,
    2963.222900390625,
    2923.300048828125,
    2897.524169921875,
    2917.58251953125,
    2899.074951171875,
    2931.439453125,
    2952.56396484375,
    3034.735595703125,
    3009.4443359375,
    3009.7353515625,
    3006.052978515625,
    2991.421142578125,
    3050.142822265625,
    3047.332763671875,
    3052.953125,
    3043.84423828125,
    3022.526123046875,
    3064.87158203125,
    3039.386962890625,
    3040.259033203125,
    3036.2861328125,
    3038.514892578125,
    3081.441650390625,
    3129.11669921875,
    3137.837890625,
    3136.190673828125,
    3108.864501953125,
    3090.356689453125,
    3092.972900390625,
    3120.6865234375,
    3130.085693359375,
    3105.763916015625,
    3118.0703125,
    3179.11767578125,
    3180.280517578125,
    3221.8505859375,
    3207.41259765625,
    3216.1337890625,
    3178.342529296875,
    3150.7255859375,
    3146.171630859375,
    3106.829833984375,
    3127.37255859375,
    3149.950439453125,
    3116.423095703125,
    3154.892578125,
    3193.458984375,
    3104.60107421875,
    3108.38037109375,
    3139.194580078125,
    3166.71435546875,
    3093.55419921875,
    3093.55419921875,
    3163.8017578125,
    3121.278564453125,
    3060.798583984375,
    3080.826904296875,
    3108.2548828125,
    3120.193115234375,
    3115.75341796875,
    3157.290283203125,
    3102.335205078125,
    3082.109375,
    3127.1982421875,
    3182.153076171875,
    2958.979248046875,
    2951.480712890625,
    2902.248291015625,
    2908.760009765625,
    2944.673095703125,
    2870.873779296875,
    2713.31005859375,
    2656.1845703125,
    2670.39208984375,
    2681.04736328125,
    2658.848388671875,
    2642.075927734375,
    2650.264892578125,
    2640.497314453125,
    2539.269775390625,
    2594.126220703125,
    2612.27978515625,
    2602.11767578125,
    2578.537353515625,
    2553.181396484375,
    2544.3017578125,
    2523.385498046875,
    2493.589111328125,
    2479.480712890625,
    2431.92529296875,
    2409.726318359375,
    2378.253173828125,
    2376.970458984375,
    2359.70458984375,
    2408.14794921875,
    2324.482177734375,
    2358.619384765625,
    2351.910400390625,
    2366.709716796875,
    2345.595947265625,
    2357.830078125,
    2327.34326171875,
    2375.98388671875,
    2417.915283203125,
    2440.804931640625,
    2505.823486328125,
    2524.9638671875,
    2554.365234375,
    2490.53076171875,
    2439.5224609375,
    2520.72119140625,
    2542.427001953125,
    2546.965576171875,
    2545.091064453125,
    2575.57763671875,
    2504.540771484375,
    2488.064208984375,
    2364.8349609375,
    2414.85693359375,
    2411.99560546875,
    2441.59423828125,
    2440.804931640625,
    2440.804931640625,
    2398.77490234375,
    2394.828369140625,
    2402.81982421875,
    2369.274658203125,
    2362.368408203125,
    2360.888427734375,
    2269.52734375,
    2242.395263671875,
    2215.953857421875,
    2233.712890625,
    2252.656005859375,
    2295.968994140625,
    2296.2646484375,
    2296.0673828125,
    2286.300048828125,
    2308.199951171875,
    2276.199951171875,
    2284.199951171875,
    2284.199951171875,
    2258.89990234375,
    2297.39990234375,
    2446.89990234375,
    2241.699951171875,
    2241.0,
    2198.89990234375,
    2151.39990234375
  ],
  "med": [
    2150.14,
    2139.99,
    2150.14,
    2139.99,
    2139.99
  ],
  "up": [
    2210.99,
    2194.76,
    2215.04,
    2215.04,
    2251.56
  ],
  "lo": [
    2109.57,
    2087.25,
    2087.25,
    2064.94,
    2042.63
  ],
  "ret": -0.53,
  "cone_width_pct": 9.71,
  "asof": "2026-06-08",
  "fundamentals": {
    "mcap_cr": 778250.5906176,
    "pe": 15.819666,
    "roe": 48.395002,
    "de": 0.10389,
    "sales_growth_yoy": 9.6,
    "hi_52w": 3382.21435546875,
    "lo_52w": 2151.39990234375
  },
  "status": [
    "Data OK",
    "Data as of 2026-06-08"
  ]
}