{
  "code": "TECHM",
  "last": 1483.800048828125,
  "hist": [
    1565.6019287109375,
    1591.4539794921875,
    1598.159912109375,
    1612.349365234375,
    1646.26806640625,
    1670.2734375,
    1662.595458984375,
    1636.6463623046875,
    1648.4061279296875,
    1634.50830078125,
    1629.9403076171875,
    1657.055908203125,
    1642.6719970703125,
    1627.3162841796875,
    1639.56201171875,
    1624.206298828125,
    1629.9403076171875,
    1624.88671875,
    1638.048828125,
    1607.0732421875,
    1618.4541015625,
    1598.0675048828125,
    1583.519775390625,
    1585.8948974609375,
    1560.3621826171875,
    1562.638427734375,
    1591.239013671875,
    1547.4969482421875,
    1532.850341796875,
    1527.80322265625,
    1531.16796875,
    1530.5740966796875,
    1483.071533203125,
    1446.7518310546875,
    1435.56884765625,
    1438.73583984375,
    1448.038330078125,
    1448.5330810546875,
    1423.8912353515625,
    1459.716064453125,
    1470.00830078125,
    1443.8818359375,
    1466.6435546875,
    1465.0601806640625,
    1465.7528076171875,
    1493.6607666015625,
    1490.6917724609375,
    1471.2947998046875,
    1455.9554443359375,
    1481.191162109375,
    1508.3072509765625,
    1505.536376953125,
    1489.4052734375,
    1511.2762451171875,
    1486.6341552734375,
    1480.1026611328125,
    1466.0498046875,
    1489.9000244140625,
    1497.12451171875,
    1492.572021484375,
    1484.8529052734375,
    1462.5860595703125,
    1445.564208984375,
    1482.6756591796875,
    1510.1876220703125,
    1505.4373779296875,
    1509.69287109375,
    1504.0518798828125,
    1515.630615234375,
    1531.16796875,
    1534.631591796875,
    1537.6995849609375,
    1489.8011474609375,
    1456.648193359375,
    1437.350341796875,
    1429.334228515625,
    1393.1134033203125,
    1396.082275390625,
    1385.7901611328125,
    1401.327392578125,
    1386.0870361328125,
    1424.3861083984375,
    1423.990234375,
    1443.090087890625,
    1451.403076171875,
    1442.1004638671875,
    1435.8658447265625,
    1452.78857421875,
    1443.8818359375,
    1448.6322021484375,
    1432.5999755859375,
    1444.4000244140625,
    1448.699951171875,
    1463.4000244140625,
    1453.699951171875,
    1462.800048828125,
    1447.4000244140625,
    1452.199951171875,
    1433.800048828125,
    1424.4000244140625,
    1419.800048828125,
    1409.199951171875,
    1413.5999755859375,
    1386.699951171875,
    1397.800048828125,
    1408.0,
    1456.0999755859375,
    1451.4000244140625,
    1439.199951171875,
    1452.800048828125,
    1422.0,
    1433.9000244140625,
    1456.0,
    1461.5,
    1494.699951171875,
    1494.699951171875,
    1520.4000244140625,
    1509.800048828125,
    1517.300048828125,
    1529.5,
    1536.699951171875,
    1541.699951171875,
    1562.300048828125,
    1570.800048828125,
    1591.800048828125,
    1561.5999755859375,
    1550.800048828125,
    1568.199951171875,
    1578.4000244140625,
    1575.4000244140625,
    1578.199951171875,
    1579.4000244140625,
    1605.5999755859375,
    1612.5,
    1646.699951171875,
    1633.0,
    1631.5,
    1612.300048828125,
    1612.4000244140625,
    1604.5999755859375,
    1590.9000244140625,
    1607.699951171875,
    1612.0,
    1596.9000244140625,
    1601.800048828125,
    1625.199951171875,
    1577.9000244140625,
    1582.199951171875,
    1586.0999755859375,
    1614.800048828125,
    1588.5,
    1588.5,
    1670.5,
    1718.300048828125,
    1678.5,
    1686.699951171875,
    1687.4000244140625,
    1701.0999755859375,
    1745.0999755859375,
    1762.9000244140625,
    1768.4000244140625,
    1743.0999755859375,
    1724.0,
    1716.5,
    1645.300048828125,
    1646.199951171875,
    1619.9000244140625,
    1621.699951171875,
    1644.5999755859375,
    1634.4000244140625,
    1536.5999755859375,
    1534.4000244140625,
    1512.699951171875,
    1523.800048828125,
    1504.800048828125,
    1479.300048828125,
    1456.9000244140625,
    1440.9000244140625,
    1345.4000244140625,
    1361.800048828125,
    1361.800048828125,
    1357.800048828125,
    1345.4000244140625,
    1351.199951171875,
    1333.300048828125,
    1331.699951171875,
    1336.300048828125,
    1336.5999755859375,
    1334.4000244140625,
    1349.800048828125,
    1332.800048828125,
    1339.5,
    1341.800048828125,
    1385.199951171875,
    1340.5999755859375,
    1384.800048828125,
    1384.0,
    1432.699951171875,
    1408.5,
    1391.5999755859375,
    1384.0,
    1404.5,
    1441.5,
    1449.5,
    1473.4000244140625,
    1451.4000244140625,
    1461.5999755859375,
    1440.199951171875,
    1435.4000244140625,
    1483.800048828125,
    1491.0,
    1511.4000244140625,
    1504.4000244140625,
    1500.800048828125,
    1462.5999755859375,
    1421.5,
    1358.5,
    1396.0999755859375,
    1408.0999755859375,
    1459.800048828125,
    1473.5,
    1473.5,
    1471.5999755859375,
    1452.199951171875,
    1466.699951171875,
    1448.199951171875,
    1463.0,
    1457.4000244140625,
    1392.9000244140625,
    1375.0,
    1343.4000244140625,
    1370.5,
    1430.0,
    1467.0999755859375,
    1439.0,
    1420.0,
    1422.199951171875,
    1435.5,
    1458.699951171875,
    1455.5999755859375,
    1455.5999755859375,
    1483.9000244140625,
    1543.199951171875,
    1571.4000244140625,
    1472.300048828125,
    1487.300048828125,
    1483.5,
    1503.4000244140625,
    1483.800048828125
  ],
  "med": [
    1496.78,
    1480.39,
    1485.85,
    1485.85,
    1485.85
  ],
  "up": [
    1518.63,
    1540.48,
    1541.57,
    1553.59,
    1552.5
  ],
  "lo": [
    1473.84,
    1462.91,
    1464.0,
    1451.98,
    1453.08
  ],
  "ret": 0.14,
  "cone_width_pct": 6.7,
  "asof": "2026-06-09",
  "fundamentals": {
    "mcap_cr": 131963.2109568,
    "pe": 27.529566,
    "roe": 16.608,
    "de": 0.07269,
    "sales_growth_yoy": 12.6,
    "hi_52w": 1768.4000244140625,
    "lo_52w": 1331.699951171875
  },
  "status": [
    "Data OK",
    "Data as of 2026-06-09"
  ]
}