{
  "code": "TITAN",
  "last": 4192.39990234375,
  "hist": [
    3523.296630859375,
    3513.625732421875,
    3530.9736328125,
    3442.34033203125,
    3411.6328125,
    3427.7841796875,
    3395.4814453125,
    3457.39501953125,
    3494.882080078125,
    3508.44140625,
    3495.181396484375,
    3515.42041015625,
    3641.24169921875,
    3683.6142578125,
    3655.19970703125,
    3679.127685546875,
    3689.39697265625,
    3696.874267578125,
    3667.662353515625,
    3675.837646484375,
    3655.10009765625,
    3441.300048828125,
    3432.10009765625,
    3419.800048828125,
    3361.60009765625,
    3404.699951171875,
    3415.0,
    3417.300048828125,
    3433.300048828125,
    3402.89990234375,
    3433.0,
    3472.39990234375,
    3471.39990234375,
    3484.39990234375,
    3462.800048828125,
    3393.0,
    3379.199951171875,
    3376.5,
    3347.300048828125,
    3316.0,
    3356.300048828125,
    3418.199951171875,
    3417.699951171875,
    3415.699951171875,
    3460.199951171875,
    3467.89990234375,
    3486.800048828125,
    3466.800048828125,
    3489.39990234375,
    3554.800048828125,
    3568.10009765625,
    3595.0,
    3616.300048828125,
    3621.0,
    3651.39990234375,
    3594.0,
    3637.699951171875,
    3628.800048828125,
    3618.60009765625,
    3620.60009765625,
    3690.60009765625,
    3691.10009765625,
    3665.300048828125,
    3658.0,
    3630.10009765625,
    3620.60009765625,
    3584.199951171875,
    3571.89990234375,
    3534.10009765625,
    3556.800048828125,
    3523.0,
    3511.300048828125,
    3467.199951171875,
    3457.5,
    3439.199951171875,
    3418.300048828125,
    3378.5,
    3327.300048828125,
    3401.199951171875,
    3367.0,
    3408.300048828125,
    3453.300048828125,
    3425.39990234375,
    3418.199951171875,
    3565.60009765625,
    3550.60009765625,
    3531.89990234375,
    3533.60009765625,
    3537.39990234375,
    3549.0,
    3640.300048828125,
    3674.800048828125,
    3737.199951171875,
    3729.0,
    3772.300048828125,
    3714.89990234375,
    3739.800048828125,
    3717.0,
    3748.300048828125,
    3750.699951171875,
    3746.699951171875,
    3724.5,
    3813.5,
    3774.39990234375,
    3769.300048828125,
    3803.0,
    3812.39990234375,
    3851.10009765625,
    3839.199951171875,
    3829.199951171875,
    3868.60009765625,
    3879.199951171875,
    3933.10009765625,
    3902.39990234375,
    3904.199951171875,
    3874.300048828125,
    3855.10009765625,
    3897.699951171875,
    3903.300048828125,
    3907.699951171875,
    3894.89990234375,
    3885.800048828125,
    3817.800048828125,
    3800.39990234375,
    3813.300048828125,
    3767.0,
    3849.0,
    3845.699951171875,
    3844.800048828125,
    3880.199951171875,
    3866.199951171875,
    3929.5,
    3907.89990234375,
    3919.300048828125,
    3930.10009765625,
    3933.800048828125,
    3925.800048828125,
    3909.300048828125,
    3992.0,
    3983.699951171875,
    3974.10009765625,
    4051.5,
    4049.300048828125,
    4051.699951171875,
    4079.699951171875,
    4111.7998046875,
    4273.2001953125,
    4249.0,
    4201.7998046875,
    4231.60009765625,
    4239.2001953125,
    4221.5,
    4221.5,
    4196.89990234375,
    4144.10009765625,
    4075.5,
    4079.199951171875,
    4018.60009765625,
    4021.800048828125,
    3997.0,
    3975.199951171875,
    3939.699951171875,
    3977.39990234375,
    3953.199951171875,
    4068.60009765625,
    4144.0,
    4097.60009765625,
    4141.0,
    4257.7998046875,
    4269.10009765625,
    4249.10009765625,
    4275.7998046875,
    4179.2001953125,
    4181.10009765625,
    4236.39990234375,
    4248.60009765625,
    4198.2001953125,
    4236.39990234375,
    4272.7001953125,
    4294.5,
    4325.0,
    4342.60009765625,
    4327.5,
    4270.2998046875,
    4204.39990234375,
    4275.2001953125,
    4244.60009765625,
    4159.2001953125,
    4220.10009765625,
    4140.2998046875,
    4129.60009765625,
    4073.199951171875,
    4090.800048828125,
    4090.5,
    4145.5,
    4037.89990234375,
    4106.60009765625,
    3853.10009765625,
    3899.5,
    4039.300048828125,
    3981.5,
    3951.39990234375,
    4065.5,
    4097.2001953125,
    4246.10009765625,
    4230.60009765625,
    4492.5,
    4439.7998046875,
    4505.0,
    4439.2998046875,
    4522.2001953125,
    4461.39990234375,
    4525.89990234375,
    4513.0,
    4479.7001953125,
    4454.60009765625,
    4456.5,
    4410.0,
    4441.7998046875,
    4417.0,
    4439.7998046875,
    4385.2001953125,
    4385.2001953125,
    4363.0,
    4373.60009765625,
    4359.60009765625,
    4307.5,
    4509.0,
    4205.60009765625,
    4055.300048828125,
    4090.699951171875,
    4135.2001953125,
    4169.10009765625,
    4169.7001953125,
    4102.0,
    4106.39990234375,
    4083.10009765625,
    4079.800048828125,
    4159.2001953125,
    4105.89990234375,
    4137.89990234375,
    4137.89990234375,
    4074.89990234375,
    4024.60009765625,
    4078.10009765625,
    4088.800048828125,
    4231.0,
    4260.2001953125,
    4192.39990234375
  ],
  "med": [
    4221.26,
    4206.55,
    4235.96,
    4235.96,
    4206.55
  ],
  "up": [
    4297.74,
    4327.15,
    4356.57,
    4324.21,
    4333.04
  ],
  "lo": [
    4144.77,
    4030.05,
    4027.11,
    4018.28,
    3997.69
  ],
  "ret": 0.34,
  "cone_width_pct": 8.0,
  "asof": "2026-06-08",
  "fundamentals": {
    "mcap_cr": 364123.2064512,
    "pe": 71.990524,
    "roe": 37.127998,
    "de": 1.95001,
    "sales_growth_yoy": 80.5,
    "hi_52w": 4525.89990234375,
    "lo_52w": 3316.0
  },
  "status": [
    "Data OK",
    "Data as of 2026-06-08"
  ]
}