{
  "code": "TMPV",
  "last": 389.0,
  "hist": [
    717.7999877929688,
    732.25,
    736.4000244140625,
    715.3499755859375,
    712.0499877929688,
    686.6500244140625,
    674.75,
    670.25,
    672.2999877929688,
    676.2000122070312,
    671.25,
    673.6500244140625,
    674.5,
    682.75,
    686.9000244140625,
    688.0,
    683.7999877929688,
    688.5499877929688,
    690.4000244140625,
    689.0499877929688,
    688.8499755859375,
    693.2000122070312,
    692.7999877929688,
    695.5999755859375,
    681.7999877929688,
    674.5,
    684.4000244140625,
    679.0,
    681.7000122070312,
    680.25,
    687.4500122070312,
    673.4000244140625,
    690.0999755859375,
    700.5,
    687.4000244140625,
    682.9000244140625,
    692.3499755859375,
    668.4500122070312,
    665.9500122070312,
    648.8499755859375,
    653.5999755859375,
    654.5999755859375,
    652.8499755859375,
    646.5,
    633.7000122070312,
    653.75,
    654.0999755859375,
    663.75,
    664.5999755859375,
    676.0,
    700.25,
    689.5999755859375,
    685.4000244140625,
    680.2999877929688,
    686.7999877929688,
    681.6500244140625,
    675.4500122070312,
    669.0,
    690.1500244140625,
    684.4000244140625,
    692.0499877929688,
    687.5,
    691.7000122070312,
    719.5,
    715.5499877929688,
    709.0999755859375,
    705.8499755859375,
    715.25,
    712.9000244140625,
    713.25,
    719.1500244140625,
    711.2000122070312,
    707.4500122070312,
    696.25,
    701.3499755859375,
    682.9500122070312,
    664.2999877929688,
    672.9000244140625,
    672.5,
    680.2000122070312,
    718.3499755859375,
    716.0999755859375,
    712.6500244140625,
    698.0499877929688,
    681.5499877929688,
    681.0999755859375,
    678.9500122070312,
    660.75,
    395.45001220703125,
    390.8500061035156,
    396.79998779296875,
    396.6000061035156,
    399.75,
    401.8500061035156,
    405.8500061035156,
    403.29998779296875,
    410.04998779296875,
    411.5,
    411.3500061035156,
    412.45001220703125,
    410.0,
    417.0,
    406.5,
    407.8500061035156,
    405.70001220703125,
    410.45001220703125,
    407.6000061035156,
    402.1499938964844,
    397.95001220703125,
    391.20001220703125,
    372.70001220703125,
    371.29998779296875,
    360.8500061035156,
    359.79998779296875,
    362.25,
    358.29998779296875,
    352.45001220703125,
    359.25,
    357.79998779296875,
    356.79998779296875,
    363.79998779296875,
    361.75,
    356.8500061035156,
    356.45001220703125,
    353.6000061035156,
    348.29998779296875,
    344.70001220703125,
    343.3999938964844,
    346.6499938964844,
    347.45001220703125,
    347.1499938964844,
    345.45001220703125,
    346.3500061035156,
    345.79998779296875,
    352.6499938964844,
    359.1499938964844,
    363.25,
    359.20001220703125,
    358.79998779296875,
    358.6000061035156,
    361.75,
    367.3500061035156,
    367.54998779296875,
    370.3500061035156,
    373.54998779296875,
    368.8999938964844,
    363.3500061035156,
    359.45001220703125,
    354.1499938964844,
    350.54998779296875,
    349.75,
    349.79998779296875,
    349.79998779296875,
    353.6000061035156,
    344.0,
    337.8500061035156,
    339.25,
    347.29998779296875,
    344.45001220703125,
    340.54998779296875,
    340.45001220703125,
    351.79998779296875,
    350.04998779296875,
    362.8999938964844,
    372.04998779296875,
    375.45001220703125,
    374.1499938964844,
    369.5,
    377.3999938964844,
    379.3500061035156,
    384.70001220703125,
    383.45001220703125,
    380.25,
    377.25,
    382.8500061035156,
    382.8500061035156,
    375.70001220703125,
    378.0,
    379.95001220703125,
    377.54998779296875,
    381.8500061035156,
    391.54998779296875,
    382.6499938964844,
    370.6000061035156,
    351.20001220703125,
    355.1499938964844,
    350.75,
    332.0,
    345.20001220703125,
    335.3500061035156,
    324.54998779296875,
    314.1000061035156,
    314.3999938964844,
    319.20001220703125,
    324.75,
    309.29998779296875,
    314.1000061035156,
    305.25,
    311.20001220703125,
    317.95001220703125,
    303.20001220703125,
    296.20001220703125,
    302.95001220703125,
    303.29998779296875,
    307.3999938964844,
    308.70001220703125,
    334.75,
    333.25,
    342.6000061035156,
    345.5,
    357.8999938964844,
    356.29998779296875,
    360.1000061035156,
    355.70001220703125,
    355.8999938964844,
    361.8500061035156,
    351.95001220703125,
    350.5,
    354.3500061035156,
    350.79998779296875,
    352.70001220703125,
    341.54998779296875,
    341.54998779296875,
    343.04998779296875,
    340.1499938964844,
    358.1499938964844,
    359.25,
    355.45001220703125,
    346.0,
    336.8500061035156,
    336.8500061035156,
    338.75,
    356.54998779296875,
    353.1499938964844,
    361.20001220703125,
    361.25,
    361.3500061035156,
    363.3500061035156,
    373.25,
    385.6000061035156,
    400.95001220703125,
    400.95001220703125,
    393.8999938964844,
    384.8999938964844,
    390.20001220703125,
    398.1499938964844,
    399.70001220703125,
    397.79998779296875,
    389.0
  ],
  "med": [
    391.07,
    389.62,
    392.52,
    389.62,
    392.52
  ],
  "up": [
    401.25,
    398.34,
    398.34,
    398.63,
    401.83
  ],
  "lo": [
    386.42,
    380.89,
    383.51,
    383.51,
    383.51
  ],
  "ret": 0.9,
  "cone_width_pct": 4.71,
  "asof": "2026-06-08",
  "fundamentals": {
    "mcap_cr": 142804.844544,
    "pe": "N/A",
    "roe": -1.118,
    "de": 0.6531,
    "sales_growth_yoy": -11.799999999999999,
    "hi_52w": 736.4000244140625,
    "lo_52w": 296.20001220703125
  },
  "status": [
    "Data OK",
    "Data as of 2026-06-08"
  ]
}