{
  "code": "TRENT",
  "last": 2771.300048828125,
  "hist": [
    5810.64501953125,
    5773.1669921875,
    5627.5,
    5590.0,
    5679.5,
    5626.5,
    5735.0,
    5723.5,
    5897.5,
    6120.0,
    6057.5,
    6124.5,
    6107.0,
    6019.5,
    6217.5,
    6144.0,
    6222.5,
    6191.0,
    5456.0,
    5499.0,
    5440.0,
    5408.0,
    5431.0,
    5364.0,
    5314.5,
    5390.0,
    5382.0,
    5417.5,
    5375.0,
    5376.0,
    5360.5,
    5359.0,
    5154.0,
    5043.0,
    4994.0,
    5001.5,
    5043.5,
    5018.0,
    5180.0,
    5249.0,
    5317.5,
    5356.5,
    5303.5,
    5317.0,
    5443.5,
    5365.5,
    5398.5,
    5370.5,
    5519.0,
    5496.0,
    5453.0,
    5452.5,
    5418.0,
    5423.0,
    5295.0,
    5235.5,
    5298.0,
    5450.0,
    5412.0,
    5479.0,
    5529.0,
    5528.5,
    5315.5,
    5218.5,
    5193.0,
    5171.0,
    5130.0,
    5133.0,
    5147.5,
    5197.5,
    5144.0,
    5080.0,
    5010.5,
    4891.0,
    4897.0,
    4742.5,
    4679.0,
    4730.5,
    4677.5,
    4832.0,
    4815.7001953125,
    4777.2998046875,
    4686.0,
    4616.60009765625,
    4660.89990234375,
    4691.10009765625,
    4681.60009765625,
    4617.2001953125,
    4724.2001953125,
    4793.39990234375,
    4814.39990234375,
    4802.2998046875,
    4791.10009765625,
    4783.2998046875,
    4789.60009765625,
    4798.7001953125,
    4725.39990234375,
    4780.60009765625,
    4744.5,
    4694.2998046875,
    4713.39990234375,
    4660.60009765625,
    4679.2001953125,
    4627.2998046875,
    4283.7001953125,
    4315.7998046875,
    4375.7998046875,
    4326.39990234375,
    4391.2001953125,
    4404.60009765625,
    4374.0,
    4358.89990234375,
    4388.89990234375,
    4359.10009765625,
    4310.89990234375,
    4243.89990234375,
    4292.39990234375,
    4266.10009765625,
    4250.39990234375,
    4215.89990234375,
    4226.5,
    4188.2001953125,
    4215.7998046875,
    4183.10009765625,
    4090.5,
    4085.39990234375,
    4018.300048828125,
    4047.5,
    4075.39990234375,
    4109.0,
    4108.7001953125,
    4045.199951171875,
    4030.0,
    4062.199951171875,
    4206.7998046875,
    4189.39990234375,
    4289.60009765625,
    4285.2998046875,
    4226.0,
    4207.7001953125,
    4279.0,
    2864.933349609375,
    2939.7333984375,
    2953.199951171875,
    2698.39990234375,
    2707.0,
    2660.2666015625,
    2648.60009765625,
    2704.2666015625,
    2614.60009765625,
    2621.466552734375,
    2621.466552734375,
    2599.800048828125,
    2630.39990234375,
    2557.39990234375,
    2509.60009765625,
    2535.86669921875,
    2503.933349609375,
    2530.066650390625,
    2576.0,
    2549.199951171875,
    2523.666748046875,
    2480.60009765625,
    2548.533447265625,
    2675.066650390625,
    2754.199951171875,
    2742.533447265625,
    2780.800048828125,
    2789.60009765625,
    2812.60009765625,
    2857.066650390625,
    2834.666748046875,
    2819.666748046875,
    2781.2666015625,
    2791.466552734375,
    2711.933349609375,
    2727.333251953125,
    2703.2666015625,
    2620.86669921875,
    2614.666748046875,
    2570.666748046875,
    2599.666748046875,
    2565.666748046875,
    2504.533447265625,
    2527.2666015625,
    2481.86669921875,
    2459.60009765625,
    2476.86669921875,
    2418.2666015625,
    2355.7333984375,
    2325.199951171875,
    2397.39990234375,
    2423.0,
    2427.2666015625,
    2321.2666015625,
    2373.066650390625,
    2237.800048828125,
    2243.7333984375,
    2319.2666015625,
    2266.39990234375,
    2197.199951171875,
    2351.0,
    2367.066650390625,
    2555.7333984375,
    2548.666748046875,
    2603.333251953125,
    2567.13330078125,
    2611.0,
    2583.60009765625,
    2652.13330078125,
    2722.199951171875,
    2738.466552734375,
    2828.533447265625,
    2927.0,
    2956.333251953125,
    2834.2666015625,
    2864.86669921875,
    2840.533447265625,
    2835.933349609375,
    2818.86669921875,
    2763.066650390625,
    2763.066650390625,
    2772.333251953125,
    2756.933349609375,
    2859.86669921875,
    2862.7333984375,
    2828.199951171875,
    2787.39990234375,
    2700.39990234375,
    2723.0,
    2754.933349609375,
    2734.199951171875,
    2688.199951171875,
    2713.066650390625,
    2733.2666015625,
    2780.2666015625,
    2864.333251953125,
    2866.666748046875,
    2826.39990234375,
    2832.39990234375,
    2832.39990234375,
    2816.0,
    2771.533447265625,
    2806.933349609375,
    2838.39990234375,
    2837.60009765625,
    2774.199951171875,
    2724.10009765625,
    2771.300048828125
  ],
  "med": [
    2761.24,
    2761.24,
    2761.24,
    2736.36,
    2761.24
  ],
  "up": [
    2813.47,
    2838.35,
    2840.84,
    2863.23,
    2863.23
  ],
  "lo": [
    2709.0,
    2659.24,
    2609.49,
    2587.1,
    2584.62
  ],
  "ret": -0.36,
  "cone_width_pct": 10.05,
  "asof": "2026-06-09",
  "fundamentals": {
    "mcap_cr": 149966.2385152,
    "pe": 87.50467,
    "roe": 27.126,
    "de": 0.36034,
    "sales_growth_yoy": 19.2,
    "hi_52w": 6222.5,
    "lo_52w": 2197.199951171875
  },
  "status": [
    "Data OK",
    "Data as of 2026-06-09"
  ]
}