{
  "code": "ULTRACEMCO",
  "last": 10911.0,
  "hist": [
    11319.2509765625,
    11391.791015625,
    11251.6787109375,
    11153.302734375,
    11422.595703125,
    11311.30078125,
    11334.15625,
    11348.068359375,
    11385.828125,
    11376.8857421875,
    11506.06640625,
    11659.0966796875,
    11875.7236328125,
    12136.0732421875,
    12016.8291015625,
    12133.091796875,
    12357.66796875,
    12319.908203125,
    12427.2275390625,
    12267.2412109375,
    12366.611328125,
    12482.875,
    12437.1640625,
    12416.296875,
    12437.1640625,
    12423.2529296875,
    12374.5615234375,
    12416.296875,
    12419.2783203125,
    12497.7802734375,
    12373.5673828125,
    12294.0712890625,
    12226.5,
    12250.0,
    12240.0,
    12221.0,
    12268.0,
    12249.0,
    12113.0,
    12257.0,
    12298.0,
    12226.0,
    12273.0,
    12157.0,
    12405.0,
    12449.0,
    12401.0,
    12317.0,
    12765.0,
    12863.0,
    12874.0,
    12870.0,
    12589.0,
    12606.0,
    12610.0,
    12521.0,
    12640.0,
    12826.0,
    12730.0,
    12733.0,
    12651.0,
    12601.0,
    12664.0,
    12572.0,
    12478.0,
    12392.0,
    12370.0,
    12435.0,
    12578.0,
    12721.0,
    12626.0,
    12508.0,
    12650.0,
    12401.0,
    12214.0,
    12141.0,
    12070.0,
    12041.0,
    12222.0,
    12095.0,
    12019.0,
    12055.0,
    12184.0,
    11991.0,
    12192.0,
    12281.0,
    12172.0,
    12070.0,
    12311.0,
    12358.0,
    12370.0,
    12346.0,
    12342.0,
    12145.0,
    11918.0,
    12015.0,
    11931.0,
    11999.0,
    12053.0,
    11947.0,
    11950.0,
    11819.0,
    11910.0,
    11849.0,
    11728.0,
    11825.0,
    11921.0,
    11934.0,
    11874.0,
    11778.0,
    11707.0,
    11666.0,
    11753.0,
    11729.0,
    11584.0,
    11580.0,
    11759.0,
    11617.0,
    11600.0,
    11662.0,
    11666.0,
    11591.0,
    11608.0,
    11597.0,
    11540.0,
    11414.0,
    11317.0,
    11472.0,
    11723.0,
    11728.0,
    11528.0,
    11540.0,
    11461.0,
    11496.0,
    11532.0,
    11678.0,
    11764.0,
    11794.0,
    11799.0,
    11705.0,
    11784.0,
    11901.0,
    11899.0,
    12087.0,
    12204.0,
    12184.0,
    12064.0,
    11937.0,
    12098.0,
    12044.0,
    12255.0,
    12255.0,
    12378.0,
    12297.0,
    12059.0,
    12231.0,
    12364.0,
    12369.0,
    12589.0,
    12767.0,
    12717.0,
    12694.0,
    12535.0,
    12590.0,
    12806.0,
    12773.0,
    12722.0,
    13048.0,
    13023.0,
    12969.0,
    13029.0,
    12963.0,
    12981.0,
    12984.0,
    13052.0,
    12688.0,
    12766.0,
    12976.0,
    12960.0,
    13041.0,
    12937.0,
    12677.0,
    12521.0,
    12107.0,
    12288.0,
    11987.0,
    11378.0,
    11654.0,
    11462.0,
    11089.0,
    10616.0,
    11099.0,
    11116.0,
    11247.0,
    10814.0,
    10934.0,
    10362.0,
    10764.0,
    11204.0,
    11049.0,
    10745.0,
    10714.0,
    10620.0,
    10955.0,
    10936.0,
    11603.0,
    11448.0,
    11589.0,
    11502.0,
    11785.0,
    11826.0,
    11886.0,
    11917.0,
    12039.0,
    12193.0,
    12167.0,
    11998.0,
    12010.0,
    11817.0,
    11833.0,
    11586.0,
    11586.0,
    11758.0,
    11963.0,
    12093.0,
    12146.0,
    11950.0,
    11866.0,
    11516.0,
    11573.0,
    11692.0,
    11487.0,
    11561.0,
    11368.0,
    11409.0,
    11474.0,
    11569.0,
    11726.0,
    11623.0,
    11689.0,
    11689.0,
    11482.0,
    11232.0,
    11165.0,
    11101.0,
    10997.0,
    10912.0,
    10795.0,
    10911.0
  ],
  "med": [
    10771.92,
    10902.76,
    10859.15,
    10902.76,
    10946.37
  ],
  "up": [
    11077.2,
    11085.92,
    11181.87,
    11190.59,
    11277.81
  ],
  "lo": [
    10536.42,
    10545.15,
    10632.37,
    10545.15,
    10553.87
  ],
  "ret": 0.32,
  "cone_width_pct": 6.63,
  "asof": "2026-06-09",
  "fundamentals": {
    "mcap_cr": 320321.3033472,
    "pe": 39.290607,
    "roe": 10.593,
    "de": 0.29431999999999997,
    "sales_growth_yoy": 3.0,
    "hi_52w": 13052.0,
    "lo_52w": 10362.0
  },
  "status": [
    "Data OK",
    "Data as of 2026-06-09"
  ]
}