{
  "code": "WIPRO",
  "last": 181.75999450683594,
  "hist": [
    240.2401580810547,
    243.66275024414062,
    247.53468322753906,
    248.19430541992188,
    248.76792907714844,
    251.33009338378906,
    251.34922790527344,
    250.08724975585938,
    253.90179443359375,
    254.81959533691406,
    251.66468811035156,
    253.31863403320312,
    257.5633850097656,
    256.7125244140625,
    253.3950958251953,
    254.2842254638672,
    252.91708374023438,
    255.2593536376953,
    255.30715942382812,
    258.1752624511719,
    255.97637939453125,
    257.7928161621094,
    256.024169921875,
    253.3950958251953,
    246.94190979003906,
    243.07000732421875,
    246.0814971923828,
    251.24403381347656,
    249.1407928466797,
    255.21157836914062,
    248.90179443359375,
    248.28036499023438,
    249.9055938720703,
    250.33583068847656,
    247.8023681640625,
    243.75680541992188,
    245.46275329589844,
    243.90301513671875,
    242.05084228515625,
    236.64051818847656,
    239.8574676513672,
    239.7209930419922,
    233.92074584960938,
    236.2213592529297,
    233.0336456298828,
    235.53895568847656,
    235.63644409179688,
    235.56820678710938,
    240.5983428955078,
    239.0386199951172,
    240.7445831298828,
    244.52691650390625,
    243.62033081054688,
    242.38229370117188,
    247.451416015625,
    245.6869659423828,
    244.34169006347656,
    243.13291931152344,
    244.0590057373047,
    244.61463928222656,
    243.2791290283203,
    238.80465698242188,
    237.53736877441406,
    236.41632080078125,
    242.8794403076172,
    249.31333923339844,
    247.5196533203125,
    245.5992431640625,
    244.95584106445312,
    247.61712646484375,
    247.75360107421875,
    250.46363830566406,
    249.44007873535156,
    244.02975463867188,
    243.34738159179688,
    238.43421936035156,
    235.90940856933594,
    229.8166961669922,
    233.60879516601562,
    233.3455810546875,
    235.0028076171875,
    234.91506958007812,
    236.0361328125,
    237.40089416503906,
    238.1222686767578,
    240.1986541748047,
    242.44078063964844,
    238.96063232421875,
    242.16781616210938,
    243.91278076171875,
    247.4221649169922,
    234.8370819091797,
    235.1685333251953,
    235.28550720214844,
    238.15151977539062,
    236.86473083496094,
    237.77133178710938,
    236.27984619140625,
    236.18235778808594,
    235.83140563964844,
    234.6128692626953,
    234.44715881347656,
    231.9320831298828,
    234.00848388671875,
    230.5380859375,
    233.8037567138672,
    235.60720825195312,
    239.04835510253906,
    239.1555938720703,
    238.21974182128906,
    237.90780639648438,
    234.8370819091797,
    239.87696838378906,
    240.0621795654297,
    238.3367462158203,
    241.04676818847656,
    239.45779418945312,
    243.89328002929688,
    243.2791290283203,
    243.24989318847656,
    243.98101806640625,
    243.873779296875,
    248.280029296875,
    250.46363830566406,
    253.36865234375,
    254.80165100097656,
    250.9315643310547,
    251.4872283935547,
    252.72525024414062,
    254.04129028320312,
    255.15257263183594,
    252.69601440429688,
    254.5677032470703,
    257.2095031738281,
    257.7944030761719,
    265.8075256347656,
    264.5694580078125,
    261.31353759765625,
    259.5978088378906,
    257.58966064453125,
    257.0145263671875,
    256.6538391113281,
    260.62139892578125,
    262.2298583984375,
    256.6733093261719,
    258.9154357910156,
    263.98455810546875,
    255.6010284423828,
    255.35731506347656,
    256.4783630371094,
    257.5506896972656,
    253.6513671875,
    253.6513671875,
    260.7189025878906,
    239.75997924804688,
    233.86224365234375,
    233.5210723876953,
    234.59336853027344,
    232.39999389648438,
    234.8000030517578,
    237.35000610351562,
    239.8000030517578,
    236.89999389648438,
    242.3000030517578,
    242.69000244140625,
    233.33999633789062,
    233.38999938964844,
    230.72000122070312,
    230.0800018310547,
    231.47000122070312,
    229.80999755859375,
    219.0800018310547,
    214.08999633789062,
    213.25999450683594,
    215.69000244140625,
    211.9499969482422,
    211.2100067138672,
    209.86000061035156,
    205.88999938964844,
    200.13999938964844,
    201.9199981689453,
    201.0800018310547,
    200.9600067138672,
    198.57000732421875,
    195.5500030517578,
    195.67999267578125,
    195.39999389648438,
    198.75,
    200.92999267578125,
    202.22999572753906,
    202.50999450683594,
    197.5800018310547,
    195.11000061035156,
    191.32000732421875,
    194.3000030517578,
    188.41000366210938,
    190.89999389648438,
    187.5399932861328,
    188.74000549316406,
    189.0500030517578,
    191.60000610351562,
    187.63999938964844,
    191.17999267578125,
    194.91000366210938,
    197.2899932861328,
    204.72000122070312,
    203.4199981689453,
    202.8699951171875,
    204.8800048828125,
    202.97000122070312,
    209.75,
    210.25999450683594,
    204.32000732421875,
    202.47999572753906,
    205.00999450683594,
    204.0,
    202.75999450683594,
    199.36000061035156,
    205.0500030517578,
    201.5800018310547,
    200.67999267578125,
    200.64999389648438,
    200.64999389648438,
    200.75,
    199.77999877929688,
    199.1199951171875,
    197.36000061035156,
    197.91000366210938,
    196.67999267578125,
    189.57000732421875,
    187.8000030517578,
    188.3000030517578,
    190.0,
    192.1699981689453,
    195.1699981689453,
    197.1199951171875,
    199.74000549316406,
    203.11000061035156,
    206.83999633789062,
    203.72999572753906,
    201.5800018310547,
    201.5800018310547,
    204.25,
    206.41000366210938,
    209.83999633789062,
    204.10000610351562,
    204.32000732421875,
    198.3699951171875,
    181.75999450683594
  ],
  "med": [
    179.67,
    179.67,
    179.67,
    178.84,
    181.31
  ],
  "up": [
    186.75,
    188.07,
    188.24,
    189.72,
    190.21
  ],
  "lo": [
    177.69,
    174.72,
    172.91,
    171.42,
    169.78
  ],
  "ret": -0.25,
  "cone_width_pct": 11.24,
  "asof": "2026-06-08",
  "fundamentals": {
    "mcap_cr": 190578.4520704,
    "pe": 14.464171,
    "roe": 15.439998999999998,
    "de": 0.22853,
    "sales_growth_yoy": 7.7,
    "hi_52w": 265.8075256347656,
    "lo_52w": 181.75999450683594
  },
  "status": [
    "Data OK",
    "Data as of 2026-06-08"
  ]
}